order_id,date,store_id,product_id,qty,amount,payment
ORD115025,2026-08-10,S02,P12,1,8.00,银行卡
ORD101805,2026-05-12,S05,P19,1,15.00,微信
ORD105430,2026-06-06,S03,P08,3,75.00,会员储值
ORD107877,2026-06-23,S02,P04,1,38.00,银行卡
ORD108921,2026-06-30,S02,P16,1,5.00,会员储值
ORD107010,2026-06-17,S05,P05,1,34.00,支付宝
ORD109351,2026-07-03,S03,P08,2,50.00,现金
ORD105844,2026-06-09,S01,P02,1,30.00,支付宝
ORD116688,2026-08-22,S03,P09,2,36.00,银行卡
ORD114999,2026-08-10,S01,P19,1,15.00,支付宝
ORD112651,2026-07-25,S05,P03,1,26.00,会员储值
ORD111939,2026-07-20,S02,P05,2,68.00,微信
ORD106969,2026-06-17,S04,P11,1,26.00,现金
ORD109312,2026-07-03,S01,P05,1,34.00,微信
ORD103764,2026-05-26,S01,P13,1,20.00,支付宝
ORD106320,2026-06-13,S02,P05,2,68.00,会员储值
ORD116711,2026-08-22,S03,P02,2,60.00,微信
ORD111723,2026-07-19,S01,P02,1,30.00,现金
ORD114347,2026-08-06,S01,P02,1,30.00,支付宝
ORD113464,2026-07-31,S03,P03,2,52.00,微信
ORD103327,2026-05-23,S03,P14,2,20.00,银行卡
ORD115686,2026-08-15,S02,P14,2,20.00,支付宝
ORD104127,2026-05-28,S05,P20,1,22.00,支付宝
ORD100720,2026-05-05,S03,P07,2,44.00,微信
ORD117438,2026-08-27,S02,P06,1,45.00,微信
ORD111632,2026-07-18,S04,P11,1,26.00,会员储值
ORD102479,2026-05-17,S02,P04,1,38.00,会员储值
ORD103428,2026-05-23,S05,P20,1,22.00,会员储值
ORD109491,2026-07-04,S02,P06,3,135.00,支付宝
ORD110453,2026-07-10,S05,P19,2,30.00,银行卡
ORD105575,2026-06-07,S02,P20,1,22.00,银行卡
ORD107980,2026-06-24,S01,P03,1,26.00,银行卡
ORD111837,2026-07-19,S04,P11,1,26.00,支付宝
ORD103452,2026-05-24,S01,P01,1,32.00,会员储值
ORD104368,2026-05-30,S03,P08,1,25.00,微信
ORD104571,2026-05-31,S03,P20,2,44.00,银行卡
ORD115781,2026-08-15,S04,P13,2,40.00,支付宝
ORD102358,2026-05-16,S04,P10,1,24.00,支付宝
ORD114401,2026-08-06,S03,P21,1,16.00,会员储值
ORD117902,2026-08-30,S02,P17,2,24.00,银行卡
ORD106575,2026-06-14,S04,P11,1,26.00,银行卡
ORD106680,2026-06-15,S02,P03,1,26.00,会员储值
ORD114765,2026-08-08,S05,P20,1,22.00,微信
ORD109472,2026-07-04,S02,P01,1,32.00,银行卡
ORD107720,2026-06-21,S05,P08,2,50.00,会员储值
ORD114101,2026-08-04,S01,P14,1,10.00,银行卡
ORD102826,2026-05-19,S04,P01,1,32.00,会员储值
ORD100453,2026-05-03,S04,P10,2,48.00,银行卡
ORD116597,2026-08-21,S05,P01,1,32.00,支付宝
ORD107294,2026-06-19,S04,P19,1,15.00,银行卡
ORD116114,2026-08-17,S04,P04,1,38.00,现金
ORD100587,2026-05-04,S03,P18,2,36.00,现金
ORD100084,2026-05-01,S04,P17,2,24.00,会员储值
ORD112775,2026-07-26,S03,P07,2,44.00,支付宝
ORD104966,2026-06-03,S03,P07,1,22.00,会员储值
ORD106087,2026-06-11,S04,P13,1,20.00,现金
ORD101618,2026-05-11,S03,P07,1,22.00,微信
ORD113976,2026-08-03,S02,P05,2,68.00,银行卡
ORD112290,2026-07-22,S05,P18,1,18.00,银行卡
ORD110046,2026-07-07,S05,P20,1,22.00,会员储值
ORD115246,2026-08-11,S05,P21,2,32.00,会员储值
ORD114002,2026-08-03,S03,P07,2,44.00,现金
ORD114314,2026-08-05,S05,P19,1,15.00,支付宝
ORD101402,2026-05-10,S02,P06,1,42.00,会员储值
ORD108593,2026-06-28,S01,P01,3,96.00,微信
ORD116650,2026-08-22,S02,P06,1,45.00,现金
ORD113149,2026-07-29,S01,P01,2,64.00,会员储值
ORD104123,2026-05-28,S05,P18,1,18.00,银行卡
ORD109381,2026-07-03,S04,P17,1,12.00,支付宝
ORD109426,2026-07-04,S01,P01,1,32.00,支付宝
ORD116828,2026-08-23,S01,P13,3,60.00,现金
ORD105343,2026-06-06,S01,P13,1,20.00,支付宝
ORD107918,2026-06-23,S03,P08,2,50.00,银行卡
ORD101217,2026-05-09,S02,P05,2,68.00,支付宝
ORD112007,2026-07-20,S05,P12,1,8.00,微信
ORD115774,2026-08-15,S04,P20,2,44.00,支付宝
ORD113615,2026-08-01,S02,P04,1,38.00,银行卡
ORD108472,2026-06-27,S03,P08,1,25.00,微信
ORD117396,2026-08-27,S01,P03,3,78.00,微信
ORD102488,2026-05-17,S02,P17,1,12.00,现金
ORD100988,2026-05-07,S04,P10,1,24.00,会员储值
ORD112653,2026-07-25,S05,P17,2,24.00,现金
ORD100338,2026-05-03,S01,P02,2,60.00,银行卡
ORD116747,2026-08-22,S04,P10,1,24.00,现金
ORD107750,2026-06-22,S01,P16,1,5.00,银行卡
ORD104822,2026-06-02,S02,P12,3,24.00,支付宝
ORD115052,2026-08-10,S03,P03,2,52.00,微信
ORD115098,2026-08-10,S04,P10,1,24.00,支付宝
ORD111166,2026-07-15,S03,P08,1,25.00,支付宝
ORD115156,2026-08-11,S02,P01,1,32.00,银行卡
ORD104348,2026-05-30,S02,P03,1,26.00,微信
ORD106519,2026-06-14,S02,P04,1,38.00,会员储值
ORD114355,2026-08-06,S01,P03,2,52.00,微信
ORD107240,2026-06-19,S02,P06,1,42.00,支付宝
ORD103163,2026-05-22,S03,P07,2,44.00,支付宝
ORD116246,2026-08-18,S05,P00,1,22.00,微信
ORD100614,2026-05-04,S04,P20,1,22.00,支付宝
ORD112217,2026-07-22,S03,P18,1,18.00,银行卡
ORD113457,2026-07-31,S02,P04,1,38.00,微信
ORD103352,2026-05-23,S04,P15,2,12.00,微信
ORD114403,2026-08-06,S03,P14,1,10.00,会员储值
ORD112433,2026-07-24,S01,P01,1,32.00,支付宝
ORD111843,2026-07-19,S04,P16,3,15.00,现金
ORD100709,2026-05-05,S03,P08,1,25.00,现金
ORD115830,2026-08-15,S05,P02,2,60.00,现金
ORD100364,2026-05-03,S01,P14,1,10.00,支付宝
ORD118121,2026-08-31,S04,P08,2,50.00,现金
ORD112502,2026-07-25,S01,P15,1,6.00,微信
ORD100121,2026-05-01,S05,P13,2,40.00,微信
ORD105690,2026-06-07,S05,P13,1,20.00,微信
ORD110646,2026-07-12,S01,P13,1,20.00,银行卡
ORD107124,2026-06-18,S03,P03,1,26.00,微信
ORD114232,2026-08-05,S02,P21,3,48.00,微信
ORD108317,2026-06-26,S04,P10,1,24.00,现金
ORD103374,2026-05-23,S04,P10,2,48.00,支付宝
ORD117382,2026-08-26,S05,P19,1,15.00,支付宝
ORD115484,2026-08-13,S04,P10,1,24.00,微信
ORD114595,2026-08-08,S01,P05,2,68.00,现金
ORD106283,2026-06-13,S01,P12,2,16.00,支付宝
ORD108930,2026-06-30,S02,P05,1,34.00,微信
ORD110337,2026-07-10,S01,P15,3,18.00,银行卡
ORD108948,2026-06-30,S03,P10,1,24.00,微信
ORD104799,2026-06-02,S01,P02,1,30.00,微信
ORD100072,2026-05-01,S03,P07,1,22.00,银行卡
ORD114446,2026-08-06,S05,P03,1,26.00,会员储值
ORD112981,2026-07-27,S04,P03,2,52.00,会员储值
ORD103129,2026-05-22,S01,P02,1,30.00,银行卡
ORD112075,2026-07-21,S02,P01,1,32.00,微信
ORD107332,2026-06-20,S01,P15,1,6.00,银行卡
ORD118048,2026-08-31,S01,P01,1,32.00,微信
ORD114413,2026-08-06,S04,P14,1,10.00,现金
ORD104302,2026-05-30,S01,P12,3,24.00,支付宝
ORD105322,2026-06-06,S01,P09,2,36.00,银行卡
ORD106486,2026-06-14,S01,P09,1,18.00,支付宝
ORD105579,2026-06-07,S02,P04,1,38.00,微信
ORD106055,2026-06-11,S02,P05,1,34.00,支付宝
ORD112586,2026-07-25,S03,P09,3,54.00,支付宝
ORD103928,2026-05-27,S02,P06,2,84.00,支付宝
ORD105454,2026-06-06,S04,P19,2,30.00,支付宝
ORD113831,2026-08-02,S03,P19,1,15.00,现金
ORD113983,2026-08-03,S02,P17,2,24.00,支付宝
ORD115720,2026-08-15,S02,P06,1,45.00,支付宝
ORD100098,2026-05-01,S04,P17,3,36.00,支付宝
ORD115093,2026-08-10,S04,P15,1,6.00,微信
ORD102869,2026-05-20,S01,P16,1,5.00,会员储值
ORD107273,2026-06-19,S03,P17,3,36.00,银行卡
ORD117446,2026-08-27,S03,P16,1,5.00,银行卡
ORD110765,2026-07-12,S04,P09,1,18.00,银行卡
ORD117741,2026-08-29,S03,P07,2,44.00,现金
ORD104825,2026-06-02,S02,P05,2,68.00,微信
ORD114397,2026-08-06,S03,P13,1,20.00,银行卡
ORD107079,2026-06-18,S02,P06,3,87.00,现金
ORD106731,2026-06-15,S04,P12,2,16.00,支付宝
ORD102871,2026-05-20,S01,P08,2,50.00,微信
ORD117710,2026-08-29,S02,P05,3,102.00,现金
ORD106478,2026-06-14,S01,P01,1,32.00,微信
ORD107304,2026-06-19,S05,P06,1,42.00,支付宝
ORD102612,2026-05-18,S01,P12,1,8.00,会员储值
ORD103585,2026-05-24,S05,P10,1,24.00,微信
ORD104287,2026-05-30,S01,P16,1,5.00,银行卡
ORD115582,2026-08-14,S03,P14,2,20.00,现金
ORD115669,2026-08-15,S99,P04,1,38.00,微信
ORD104867,2026-06-02,S04,P11,3,78.00,银行卡
ORD102971,2026-05-20,S05,P09,2,36.00,微信
ORD101580,2026-05-11,S01,P01,1,32.00,银行卡
ORD105777,2026-06-08,S04,P10,2,48.00,银行卡
ORD118138,2026-08-31,S05,P05,1,34.00,现金
ORD104788,2026-06-02,S01,P01,1,32.00,现金
ORD107325,2026-06-19,S05,P03,2,52.00,支付宝
ORD109727,2026-07-05,S03,P09,2,36.00,微信
ORD104183,2026-05-29,S02,P05,2,68.00,支付宝
ORD102778,2026-05-19,S02,P06,2,84.00,支付宝
ORD117837,2026-08-29,S05,P21,1,16.00,现金
ORD114105,2026-08-04,S02,P04,2,76.00,银行卡
ORD113384,2026-07-30,S05,P03,1,26.00,会员储值
ORD109481,2026-07-04,S02,P03,1,26.00,支付宝
ORD118015,2026-08-30,S05,P01,1,32.00,现金
ORD105399,2026-06-06,S03,P07,3,66.00,银行卡
ORD108958,2026-06-30,S03,P14,3,30.00,银行卡
ORD109596,2026-07-04,S05,P10,2,48.00,现金
ORD112370,2026-07-23,S03,P14,1,10.00,微信
ORD116163,2026-08-18,S01,P12,2,16.00,现金
ORD106872,2026-06-16,S05,P14,1,10.00,银行卡
ORD115735,2026-08-15,S03,P13,2,40.00,微信
ORD104351,2026-05-30,S02,P15,1,6.00,会员储值
ORD112869,2026-07-26,S05,P07,1,22.00,银行卡
ORD113300,2026-07-30,S02,P04,1,38.00,现金
ORD103324,2026-05-23,S03,P12,2,16.00,现金
ORD100575,2026-05-04,S02,P05,2,68.00,支付宝
ORD117873,2026-08-30,S01,P21,2,32.00,现金
ORD113429,2026-07-31,S01,P14,2,20.00,银行卡
ORD115083,2026-08-10,S04,P07,2,44.00,银行卡
ORD104110,2026-05-28,S04,P10,1,24.00,会员储值
ORD110528,2026-07-11,S02,P01,1,32.00,会员储值
ORD115652,2026-08-15,S01,P03,1,26.00,支付宝
ORD103438,2026-05-24,S01,P07,1,22.00,微信
ORD115964,2026-08-16,S04,P21,3,48.00,微信
ORD116197,2026-08-18,S03,P08,3,75.00,会员储值
ORD114990,2026-08-09,S05,P12,1,,微信
ORD106841,2026-06-16,S04,P20,3,66.00,微信
ORD114509,2026-08-07,S02,P04,2,76.00,支付宝
ORD117027,2026-08-24,S02,P17,1,12.00,支付宝
ORD114084,2026-08-04,S01,P11,2,52.00,微信
ORD109568,2026-07-04,S04,P17,3,36.00,微信
ORD102375,2026-05-16,S04,P10,1,24.00,会员储值
ORD109524,2026-07-04,S03,P08,2,50.00,支付宝
ORD108514,2026-06-27,S04,P07,1,22.00,现金
ORD110191,2026-07-08,S05,P08,2,50.00,微信
ORD113428,2026-07-31,S01,P17,1,12.00,微信
ORD100696,2026-05-05,S02,P02,1,30.00,会员储值
ORD108312,2026-06-26,S04,P05,2,68.00,会员储值
ORD104854,2026-06-02,S03,P02,1,30.00,支付宝
ORD110376,2026-07-10,S02,P15,3,18.00,会员储值
ORD113036,2026-07-28,S02,P05,2,68.00,银行卡
ORD100481,2026-05-03,S04,P11,2,52.00,银行卡
ORD103186,2026-05-22,S04,P10,1,24.00,现金
ORD113570,2026-08-01,S01,P21,1,16.00,现金
ORD112049,2026-07-21,S01,P16,1,5.00,会员储值
ORD100999,2026-05-07,S04,P11,1,26.00,支付宝
ORD108338,2026-06-26,S05,P17,3,36.00,会员储值
ORD113164,2026-07-29,S01,P01,2,64.00,支付宝
ORD111808,2026-07-19,S03,P12,3,24.00,微信
ORD110768,2026-07-12,S04,P15,1,6.00,银行卡
ORD111609,2026-07-18,S03,P08,2,,现金
ORD111384,2026-07-17,S01,P13,3,60.00,支付宝
ORD102714,2026-05-18,S05,P02,1,30.00,微信
ORD104582,2026-05-31,S03,P09,3,54.00,会员储值
ORD113257,2026-07-29,S05,P07,2,44.00,现金
ORD112046,2026-07-21,S01,P16,2,10.00,现金
ORD117142,2026-08-25,S01,P01,2,64.00,会员储值
ORD105908,2026-06-09,S05,P19,1,15.00,支付宝
ORD114602,08-08-2026,S01,P02,1,¥30.00,支付宝
ORD104718,2026-06-01,S03,P01,1,32.00,现金
ORD105410,2026-06-06,S03,P15,2,12.00,现金
ORD102626,2026-05-18,S01,P12,1,8.00,银行卡
ORD105931,2026-06-10,S01,P19,2,30.00,会员储值
ORD101644,2026-05-11,S04,P14,2,20.00,支付宝
ORD117750,2026-08-29,S03,P14,3,30.00,银行卡
ORD101310,2026-05-09,S04,P18,2,36.00,会员储值
ORD116044,2026-08-17,S01,P10,1,24.00,微信
ORD116647,2026-08-22,S02,P06,2,90.00,支付宝
ORD107940,2026-06-23,S04,P04,1,38.00,银行卡
ORD102468,2026-05-17,S02,P11,1,26.00,银行卡
ORD113009,2026-07-28,S01,P10,1,24.00,现金
ORD100444,2026-05-03,S03,P09,2,36.00,银行卡
ORD108383,2026-06-27,S01,P06,2,84.00,现金
ORD100560,2026-05-04,S02,P06,1,42.00,微信
ORD111873,2026-07-19,S05,P06,1,45.00,银行卡
ORD111325,2026-07-16,S04,P08,1,25.00,支付宝
ORD105862,2026-06-09,S02,P06,2,84.00,微信
ORD113322,2026-07-30,S02,P06,2,90.00,支付宝
ORD113656,2026-08-01,S04,P10,1,24.00,现金
ORD106553,2026-06-14,S03,P09,2,36.00,微信
ORD117563,2026-08-28,S03,P04,3,114.00,会员储值
ORD102155,2026/5/15,S03,P11,1,26.00,会员储值
ORD104520,2026-05-31,S02,P09,1,18.00,微信
ORD113303,2026-07-30,S02,P12,2,16.00,会员储值
ORD110323,2026-07-09,S05,P03,2,52.00,现金
ORD111664,2026-07-18,S05,P14,2,20.00,支付宝
ORD117089,2026-08-24,S04,P10,2,48.00,支付宝
ORD109478,2026-07-04,S02,P03,2,52.00,支付宝
ORD115543,2026-08-14,S02,P21,1,16.00,微信
ORD106641,2026-06-14,S05,P19,1,15.00,银行卡
ORD108946,2026-06-30,S02,P13,1,20.00,现金
ORD103415,2026-05-23,S05,P16,1,5.00,会员储值
ORD107341,2026-06-20,S01,P12,1,8.00,会员储值
ORD106465,2026-06-14,S01,P14,2,20.00,会员储值
ORD117988,2026-08-30,S04,P12,1,8.00,现金
ORD109876,2026-07-06,S03,P03,2,52.00,会员储值
ORD109913,2026-07-06,S05,P03,1,26.00,微信
ORD100035,2026-05-01,S02,P06,1,42.00,会员储值
ORD116159,2026-08-18,S01,P15,1,6.00,银行卡
ORD100400,2026-05-03,S02,P05,2,68.00,微信
ORD115049,2026-08-10,S03,P08,2,50.00,支付宝
ORD112664,2026-07-25,S05,P18,2,36.00,支付宝
ORD109388,2026-07-03,S04,P10,1,24.00,微信
ORD106794,2026-06-16,S02,P04,2,76.00,微信
ORD105215,2026-06-05,S02,P06,1,42.00,会员储值
ORD113142,2026-07-29,S01,P01,1,32.00,支付宝
ORD102234,2026-05-16,S01,P03,3,78.00,支付宝
ORD117274,2026-08-26,S01,P12,2,16.00,支付宝
ORD117900,2026-08-30,S02,P21,1,16.00,银行卡
ORD105998,2026-06-10,S05,P12,1,8.00,微信
ORD118033,2026-08-31,S01,P12,1,8.00,会员储值
ORD117927,2026-08-30,S03,P03,1,26.00,微信
ORD106953,2026-06-17,S03,P09,1,18.00,银行卡
ORD107665,2026-06-21,S04,P11,2,52.00,微信
ORD115602,2026-08-14,S04,P10,2,48.00,银行卡
ORD103536,2026-05-24,S03,P07,2,44.00,银行卡
ORD100566,2026-05-04,S02,P02,1,30.00,会员储值
ORD104225,2026-05-29,S04,P15,2,12.00,银行卡
ORD113756,2026-08-02,S01,P01,1,32.00,现金
ORD101174,2026-05-09,S01,P01,2,64.00,支付宝
ORD117344,2026-08-26,S04,P20,3,66.00,微信
ORD107650,2026-06-21,S04,P18,3,54.00,现金
ORD109562,2026-07-04,S04,P03,1,26.00,会员储值
ORD110269,2026-07-09,S03,P12,2,16.00,银行卡
ORD105102,2026-06-04,S03,P15,2,12.00,现金
ORD115419,2026-08-13,S02,P06,1,45.00,微信
ORD117470,2026-08-27,S04,P10,1,24.00,现金
ORD100133,2026-05-02,S01,P11,2,52.00,支付宝
ORD102071,2026-05-14,S05,P20,1,22.00,微信
ORD115417,2026-08-13,S02,P17,2,24.00,会员储值
ORD107865,2026-06-23,S01,P15,1,6.00,微信
ORD101542,2026-05-10,S05,P19,2,30.00,银行卡
ORD112576,2026-07-25,S03,P17,1,12.00,微信
ORD108280,2026-06-26,S02,P05,1,34.00,支付宝
ORD116222,2026-08-18,S04,P20,1,22.00,现金
ORD111287,2026-07-16,S02,P18,2,36.00,支付宝
ORD113375,2026-07-30,S04,P10,1,24.00,微信
ORD111659,2026-07-18,S04,P10,1,24.00,银行卡
ORD116908,2026-08-23,S03,P07,1,22.00,支付宝
ORD112989,2026-07-27,S05,P08,1,25.00,现金
ORD104884,2026-06-02,S04,P10,1,24.00,微信
ORD116482,2026-08-21,S01,P02,1,30.00,会员储值
ORD104808,2026-06-02,S01,P02,3,90.00,支付宝
ORD106415,2026-06-13,S04,P09,1,18.00,微信
ORD102571,2026-05-17,S04,P10,2,48.00,现金
ORD106965,2026-06-17,S04,P03,3,78.00,支付宝
ORD113691,2026-08-01,S04,P04,3,114.00,支付宝
ORD117629,2026-08-28,S05,P11,2,52.00,支付宝
ORD114683,2026-08-08,S03,P02,1,30.00,支付宝
ORD109468,2026-07-04,S02,P12,1,8.00,支付宝
ORD109576,2026-07-04,S04,P01,1,32.00,银行卡
ORD117177,2026/8/25,S03,P08,3,75.00,会员储值
ORD104575,2026-05-31,S03,P16,2,10.00,微信
ORD116256,2026-08-19,S01,P21,3,48.00,现金
ORD102701,2026-05-18,S04,P10,2,48.00,银行卡
ORD107313,2026-06-19,S05,P19,1,15.00,现金
ORD112524,2026-07-25,S02,P04,1,38.00,支付宝
ORD107498,2026-06-20,S05,P19,1,15.00,现金
ORD109483,2026-07-04,S02,P06,3,135.00,会员储值
ORD115798,2026-08-15,S04,P10,1,24.00,会员储值
ORD113414,2026-07-31,S01,P15,3,18.00,会员储值
ORD107438,2026-06-20,S03,P20,1,22.00,银行卡
ORD100426,2026-05-03,S03,P09,3,54.00,现金
ORD113709,2026-08-01,S05,P02,3,90.00,微信
ORD112315,2026-07-23,S01,P19,1,15.00,现金
ORD117267,2026-08-26,S01,P01,3,96.00,微信
ORD103244,2026-05-23,S01,P15,1,6.00,银行卡
ORD100233,2026-05-02,S03,P03,1,26.00,现金
ORD115661,2026-08-15,S01,P19,1,15.00,现金
ORD106717,2026-06-15,S04,P06,2,84.00,微信
ORD116266,2026-08-19,S01,P09,2,36.00,现金
ORD106024,2026-06-11,S01,P08,1,25.00,现金
ORD111333,2026-07-16,S04,P10,1,24.00,微信
ORD109272,2026-07-02,S05,P03,2,52.00,微信
ORD111065,2026-07-14,S04,P09,1,18.00,现金
ORD106778,2026-06-16,S01,P15,1,6.00,银行卡
ORD116975,2026-08-23,S05,P05,2,,会员储值
ORD103392,2026-05-23,S05,P07,1,22.00,微信
ORD101347,2026-05-09,S05,P04,2,76.00,银行卡
ORD115112,2026-08-10,S05,P03,2,52.00,银行卡
ORD100547,2026-05-04,S01,P12,1,8.00,银行卡
ORD108769,2026-06-29,S01,P02,1,30.00,支付宝
ORD118038,2026-08-31,S01,P02,2,60.00,会员储值
ORD114253,2026-08-05,S02,P06,1,45.00,会员储值
ORD101371,2026-05-10,S01,P02,1,30.00,支付宝
ORD108063,2026-06-24,S04,P01,3,96.00,现金
ORD105128,2026-06-04,S04,P10,3,72.00,微信
ORD105452,2026-06-06,S04,P11,1,26.00,会员储值
ORD102914,2026-05-20,S03,P15,2,12.00,现金
ORD110965,2026-07-13,S05,P01,3,96.00,会员储值
ORD105432,2026-06-06,S03,P17,1,12.00,现金
ORD115818,2026-08-15,S05,P21,2,32.00,支付宝
ORD116492,2026-08-21,S01,P13,1,20.00,微信
ORD114757,2026-08-08,S05,P11,1,26.00,会员储值
ORD117793,2026-08-29,S04,P10,1,24.00,微信
ORD112018,2026-07-20,S05,P05,1,34.00,支付宝
ORD104781,2026-06-01,S05,P06,1,42.00,会员储值
ORD113273,2026-07-30,S01,P16,1,5.00,会员储值
ORD104687,2026-06-01,S02,P03,2,52.00,现金
ORD117983,2026-08-30,S04,P18,2,36.00,银行卡
ORD115199,2026-08-11,S03,P07,1,22.00,银行卡
ORD111973,2026-07-20,S03,P04,1,38.00,微信
ORD110005,2026-07-07,S03,P08,1,25.00,银行卡
ORD107897,2026-06-23,S02,P06,2,84.00,会员储值
ORD107234,2026-06-19,S02,P16,2,10.00,支付宝
ORD102383,2026-05-16,S05,P07,1,22.00,现金
ORD103365,2026-05-23,S04,P11,2,,会员储值
ORD104915,2026-06-03,S01,P13,1,20.00,微信
ORD107394,2026-06-20,S02,P07,2,¥44.00,会员储值
ORD117058,2026-08-24,S03,P08,1,25.00,支付宝
ORD110454,2026-07-10,S05,P09,1,18.00,微信
ORD104497,2026-05-31,S01,P13,1,20.00,微信
ORD117800,2026-08-29,S05,P03,1,26.00,会员储值
ORD105183,2026-06-05,S01,P02,1,30.00,现金
ORD114472,2026-08-07,S01,P02,2,60.00,银行卡
ORD101040,2026-05-08,S01,P10,2,48.00,会员储值
ORD103620,2026-05-24,S05,P03,1,26.00,现金
ORD102812,2026-05-19,S04,P17,2,24.00,支付宝
ORD108722,2026-06-28,S04,P15,1,6.00,会员储值
ORD115165,2026-08-11,S02,P05,2,68.00,微信
ORD115931,2026-08-16,S03,P01,1,32.00,会员储值
ORD108276,2026-06-26,S02,P11,1,26.00,银行卡
ORD102451,2026-05-17,S01,P02,3,90.00,现金
ORD110889,2026-07-13,S02,P05,1,34.00,现金
ORD116206,2026-08-18,S04,P07,3,66.00,微信
ORD108984,2026-06-30,S04,P18,1,18.00,银行卡
ORD113829,2026-08-02,S03,P08,1,25.00,支付宝
ORD100835,2026-05-06,S03,P05,2,68.00,微信
ORD103221,2026-05-22,S05,P09,2,36.00,银行卡
ORD117904,2026-08-30,S02,P04,1,38.00,现金
ORD117403,2026-08-27,S01,P16,2,10.00,微信
ORD110161,2026-07-08,S04,P20,1,22.00,银行卡
ORD111072,2026-07-14,S04,P11,2,52.00,微信
ORD106444,2026-06-13,S05,P05,1,34.00,微信
ORD109612,2026-07-04,S05,P02,1,30.00,会员储值
ORD102181,2026-05-15,S04,P18,1,18.00,微信
ORD100051,2026-05-01,S03,P08,2,50.00,现金
ORD116190,2026-08-18,S03,P14,1,10.00,微信
ORD116956,2026-08-23,S04,P03,2,52.00,会员储值
ORD110560,2026-07-11,S03,P15,1,6.00,银行卡
ORD113106,2026-07-28,S04,P10,3,72.00,会员储值
ORD104642,2026-05-31,S05,P01,1,32.00,微信
ORD102605,2026-05-17,S05,P03,1,26.00,会员储值
ORD103811,2026-05-26,S03,P07,2,44.00,微信
ORD108898,2026-06-30,S01,P17,1,12.00,会员储值
ORD111289,2026-07-16,S02,P06,2,90.00,微信
ORD110950,2026-07-13,S04,P11,2,52.00,银行卡
ORD108924,2026-06-30,S02,P12,1,8.00,支付宝
ORD100715,2026-05-05,S03,P18,2,36.00,微信
ORD107409,2026-06-20,S03,P09,1,18.00,银行卡
ORD110745,2026-07-12,S03,P09,2,36.00,现金
ORD111279,2026-07-16,S02,P02,1,30.00,微信
ORD107064,2026-06-18,S02,P03,1,26.00,银行卡
ORD110750,2026-07-12,S03,P14,2,20.00,支付宝
ORD105057,2026-06-04,S01,P01,1,32.00,会员储值
ORD104125,2026-05-28,S05,P06,1,42.00,微信
ORD105396,2026-06-06,S03,P08,1,25.00,支付宝
ORD100324,2026-05-02,S05,P08,2,50.00,支付宝
ORD103022,2026-05-21,S02,P09,1,18.00,支付宝
ORD107821,2026-06-22,S04,P10,2,48.00,微信
ORD115683,2026-08-15,S02,P04,1,38.00,现金
ORD104874,2026-06-02,S04,P02,1,30.00,银行卡
ORD109066,2026-07-01,S02,P19,1,15.00,支付宝
ORD116426,2026-08-20,S04,P10,1,24.00,支付宝
ORD116189,2026-08-18,S03,P09,2,36.00,现金
ORD111574,2026-07-18,S02,P03,2,52.00,会员储值
ORD107463,2026-06-20,S04,P10,2,48.00,会员储值
ORD116533,2026-08-21,S03,P11,2,52.00,现金
ORD112791,2026-07-26,S03,P09,1,18.00,支付宝
ORD110531,2026-07-11,S03,P15,1,6.00,会员储值
ORD111847,2026-07-19,S04,P05,1,34.00,现金
ORD113271,2026-07-29,S05,P20,2,44.00,支付宝
ORD117319,2026-08-26,S03,P03,2,52.00,微信
ORD114766,2026-08-08,S05,P19,1,15.00,支付宝
ORD113083,2026-07-28,S03,P14,1,10.00,微信
ORD105641,2026-06-07,S04,P11,3,78.00,银行卡
ORD105442,2026-06-06,S04,P11,2,52.00,银行卡
ORD102409,2026-05-16,S05,P06,3,126.00,银行卡
ORD115081,2026-08-10,S04,P10,3,72.00,现金
ORD112710,2026-07-26,S01,P01,3,96.00,银行卡
ORD117777,2026-08-29,S04,P15,1,6.00,支付宝
ORD109186,2026-07-02,S02,P11,2,52.00,支付宝
ORD110389,2026-07-10,S03,P13,1,20.00,现金
ORD115073,2026-08-10,S04,P08,2,50.00,微信
ORD108854,2026-06-29,S04,P11,3,78.00,会员储值
ORD105657,2026-06-07,S04,P10,2,48.00,支付宝
ORD114762,2026-08-08,S05,P18,2,36.00,银行卡
ORD106093,2026-06-11,S04,P17,1,12.00,现金
ORD112274,2026-07-22,S05,P10,2,48.00,银行卡
ORD103680,2026-05-25,S03,P12,1,8.00,银行卡
ORD107361,2026-06-20,S01,P02,1,30.00,会员储值
ORD104339,2026-05-30,S02,P04,1,38.00,会员储值
ORD116419,2026-08-20,S03,P07,2,44.00,现金
ORD112771,2026-07-26,S03,P08,2,50.00,支付宝
ORD103588,2026-05-24,S05,P10,2,48.00,银行卡
ORD100372,2026-05-03,S02,P06,3,126.00,会员储值
ORD115570,2026-08-14,S03,P08,1,25.00,微信
ORD111474,2026-07-17,S04,P13,2,40.00,银行卡
ORD113136,2026-07-28,S05,P20,2,44.00,微信
ORD114001,2026-08-03,S03,P21,1,16.00,支付宝
ORD115958,2026-08-16,S03,P09,1,18.00,支付宝
ORD115866,2026-08-16,S01,P01,1,32.00,微信
ORD103781,2026-05-26,S02,P03,1,26.00,现金
ORD104057,2026-05-28,S02,P10,1,24.00,微信
ORD113477,2026-07-31,S03,P07,1,22.00,现金
ORD109315,2026-07-03,S01,P12,2,16.00,现金
ORD104692,2026-06-01,S02,P04,2,76.00,现金
ORD112839,2026-07-26,S05,P08,2,¥ 50.00,微信
ORD101247,2026-05-09,S03,P18,2,36.00,银行卡
ORD108690,2026-06-28,S04,P10,2,48.00,银行卡
ORD117259,2026-08-26,S01,P13,1,20.00,现金
ORD102955,2026-05-20,S05,P07,1,22.00,微信
ORD113194,2026-07-29,S03,P02,1,30.00,会员储值
ORD101026,2026-05-07,S05,P20,1,22.00,现金
ORD103262,2026-05-23,S01,P16,1,5.00,支付宝
ORD117819,2026-08-29,S05,P10,1,24.00,支付宝
ORD109989,2026-07-07,S02,P03,1,26.00,微信
ORD110622,2026-07-11,S05,P14,1,10.00,会员储值
ORD104625,2026-05-31,S05,P10,1,24.00,支付宝
ORD111508,2026-07-18,S01,P08,1,25.00,银行卡
ORD113123,2026-07-28,S05,P13,3,60.00,支付宝
ORD103636,2026-05-25,S01,P18,3,54.00,支付宝
ORD105623,2026-06-07,S03,P15,1,6.00,会员储值
ORD117839,2026-08-29,S05,P09,1,18.00,支付宝
ORD105272,2026-06-05,S04,P03,1,26.00,微信
ORD117320,2026-08-26,S03,P08,1,25.00,会员储值
ORD114265,2026-08-05,S03,P11,1,26.00,会员储值
ORD103775,2026-05-26,S01,P06,2,84.00,银行卡
ORD101756,2026-05-12,S03,P09,1,18.00,银行卡
ORD111631,2026-07-18,S04,P06,1,45.00,支付宝
ORD107733,2026-06-22,S01,P01,1,32.00,银行卡
ORD106182,2026-06-12,S02,P04,2,76.00,微信
ORD105490,2026-06-06,S05,P10,1,24.00,微信
ORD105224,2026-06-05,S02,P04,1,38.00,微信
ORD103699,2026-05-25,S04,P10,1,24.00,银行卡
ORD108290,2026-06-26,S03,P04,1,38.00,微信
ORD114420,2026-08-06,S04,P21,1,16.00,微信
ORD116652,2026-08-22,S02,P04,3,114.00,微信
ORD102576,2026-05-17,S05,P20,1,22.00,现金
ORD108510,2026-06-27,S04,P15,2,12.00,支付宝
ORD113988,2026-08-03,S02,P10,2,48.00,会员储值
ORD106035,2026-06-11,S01,P01,1,32.00,支付宝
ORD113559,2026-08-01,S01,P11,2,52.00,微信
ORD100620,2026-05-04,S04,P14,1,10.00,支付宝
ORD100992,2026-05-07,S04,P11,1,26.00,会员储值
ORD110619,2026-07-11,S05,P20,1,22.00,微信
ORD111183,2026-07-15,S03,P08,3,75.00,微信
ORD116531,2026-08-21,S03,P09,1,18.00,支付宝
ORD115820,2026-08-15,S05,P19,2,30.00,微信
ORD114133,2026-08-04,S03,P07,3,66.00,会员储值
ORD117104,2026-08-24,S05,P17,1,12.00,银行卡
ORD108217,2026-06-25,S05,P19,1,15.00,现金
ORD113926,2026-08-02,S05,P21,1,16.00,现金
ORD106776,2026-06-16,S01,P03,1,26.00,银行卡
ORD100731,2026-05-05,S04,P11,3,78.00,支付宝
ORD109824,2026-07-06,S01,P01,3,96.00,现金
ORD107673,2026-06-21,S04,P10,3,72.00,现金
ORD117706,2026-08-29,S02,P17,1,12.00,现金
ORD103728,2026-05-25,S05,P19,1,15.00,银行卡
ORD106344,2026-06-13,S03,P08,3,75.00,会员储值
ORD115883,2026-08-16,S02,P15,2,12.00,支付宝
ORD112823,2026-07-26,S04,P11,2,52.00,微信
ORD102887,2026-05-20,S02,P04,2,76.00,会员储值
ORD109643,2026-07-05,S01,P02,3,90.00,会员储值
ORD113371,2026-07-30,S04,P11,1,26.00,支付宝
ORD111017,2026-07-14,S02,P04,1,38.00,微信
ORD112292,2026-07-22,S05,P19,1,15.00,微信
ORD117939,2026-08-30,S03,P12,1,8.00,支付宝
ORD103192,2026-05-22,S04,P04,3,114.00,支付宝
ORD105516,2026-06-07,S01,P01,2,64.00,会员储值
ORD101922,2026-05-13,S04,P03,1,26.00,会员储值
ORD102194,2026-05-15,S05,P20,3,66.00,会员储值
ORD101244,2026-05-09,S03,P13,2,40.00,支付宝
ORD104908,2026-06-02,S05,P07,1,22.00,银行卡
ORD112713,2026-07-26,S01,P04,1,38.00,现金
ORD104816,2026-06-02,S02,P05,2,68.00,现金
ORD109862,2026-07-06,S02,P05,2,68.00,支付宝
ORD107851,2026-06-23,S01,P11,1,26.00,支付宝
ORD108676,2026-06-28,S03,P19,1,15.00,会员储值
ORD110963,2026-07-13,S05,P06,1,45.00,银行卡
ORD100277,2026-05-02,S04,P05,1,34.00,银行卡
ORD110677,2026-07-12,S01,P14,2,20.00,现金
ORD114733,2026-08-08,S04,P16,2,10.00,支付宝
ORD108698,2026-06-28,S04,P10,2,48.00,微信
ORD108721,2026-06-28,S04,P10,1,24.00,银行卡
ORD116556,2026-08-21,S04,P16,2,10.00,会员储值
ORD104672,2026-06-01,S01,P01,1,32.00,微信
ORD116396,2026-08-20,S02,P04,2,76.00,银行卡
ORD114785,2026-08-08,S05,P15,1,6.00,现金
ORD112785,2026-07-26,S03,P07,2,44.00,银行卡
ORD110689,2026-07-12,S02,P06,2,90.00,会员储值
ORD105531,2026-06-07,S01,P01,3,96.00,微信
ORD104596,2026-05-31,S04,P16,3,15.00,会员储值
ORD117277,2026-08-26,S01,P15,2,12.00,会员储值
ORD106652,2026-06-15,S01,P18,2,36.00,微信
ORD109182,2026-07-02,S01,P18,2,36.00,会员储值
ORD102584,2026-05-17,S05,P01,2,64.00,银行卡
ORD115388,2026-08-13,S01,P02,3,90.00,会员储值
ORD110304,2026-07-09,S05,P01,1,32.00,现金
ORD113873,2026-08-02,S04,P18,1,18.00,微信
ORD100983,2026-05-07,S04,P10,2,48.00,银行卡
ORD112043,2026-07-21,S01,P13,1,20.00,会员储值
ORD113180,2026-07-29,S02,P03,3,78.00,微信
ORD108043,2026-06-24,S03,P16,1,5.00,银行卡
ORD100548,2026-05-04,S01,P02,1,30.00,支付宝
ORD105514,2026-06-07,S01,P02,1,30.00,微信
ORD104249,2026-05-29,S05,P20,1,22.00,支付宝
ORD100291,2026-05-02,S05,P18,2,36.00,银行卡
ORD104007,2026-05-27,S05,P19,1,15.00,现金
ORD102883,2026-05-20,S02,P17,1,12.00,现金
ORD101306,2026-05-09,S04,P10,2,48.00,微信
ORD117814,2026-08-29,S05,P14,1,10.00,现金
ORD106021,2026-06-10,S05,P01,1,32.00,银行卡
ORD113387,30-07-2026,S99,P07,1,22.00,支付宝
ORD114299,2026-08-05,S04,P11,1,26.00,支付宝
ORD109687,2026-07-05,S02,P03,1,26.00,会员储值
ORD113274,2026-07-30,S01,P01,1,32.00,支付宝
ORD114463,2026-08-07,S01,P02,2,60.00,会员储值
ORD117339,2026-08-26,S04,P14,2,20.00,现金
ORD106939,2026-06-20,S03,P15,2,-12.00,支付宝
ORD114296,2026-08-05,S04,P16,1,5.00,银行卡
ORD106536,2026-06-14,S03,P04,1,38.00,会员储值
ORD102074,2026-05-14,S05,P06,2,84.00,现金
ORD109249,2026-07-02,S04,P16,1,5.00,会员储值
ORD104914,2026-06-03,S01,P01,2,64.00,支付宝
ORD115186,2026-08-11,S03,P09,1,18.00,微信
ORD114490,2026-08-07,S02,P15,1,6.00,支付宝
ORD105786,2026-06-08,S04,P13,2,40.00,银行卡
ORD101485,2026-05-10,S04,P11,1,26.00,支付宝
ORD106123,2026-06-11,S05,P19,2,30.00,银行卡
ORD113616,2026-08-01,S02,P14,2,20.00,银行卡
ORD101390,2026-05-10,S01,P13,2,40.00,现金
ORD117010,2026-08-24,S01,P02,1,30.00,支付宝
ORD117389,2026-08-26,S05,P20,2,44.00,银行卡
ORD115408,2026-08-13,S01,P20,2,44.00,银行卡
ORD105781,2026-06-08,S04,P10,2,48.00,支付宝
ORD107709,2026-06-21,S05,P12,3,24.00,支付宝
ORD100457,2026-05-03,S04,P10,2,48.00,银行卡
ORD117703,2026-08-29,S02,P16,1,5.00,微信
ORD113093,2026-07-28,S04,P10,1,24.00,微信
ORD102323,2026-05-16,S03,P09,1,18.00,会员储值
ORD106618,2026-06-14,S05,P10,3,72.00,支付宝
ORD115430,2026-08-13,S02,P05,1,34.00,银行卡
ORD117963,2026-08-30,S04,P21,2,32.00,会员储值
ORD107149,2026-06-18,S04,P04,2,76.00,银行卡
ORD110343,2026-07-10,S01,P16,2,10.00,支付宝
ORD115418,2026-08-13,S02,P06,1,45.00,会员储值
ORD112675,2026-07-25,S05,P20,1,   ,现金
ORD103255,2026-05-23,S01,P14,1,10.00,银行卡
ORD105164,2026-06-04,S05,P11,1,26.00,现金
ORD117948,2026-08-30,S03,P09,1,18.00,银行卡
ORD100405,2026-05-03,S02,P01,1,32.00,微信
ORD103310,2026-05-23,S03,P09,3,54.00,会员储值
ORD106622,2026-06-14,S05,P01,1,32.00,银行卡
ORD112004,2026-07-20,S04,P11,1,26.00,银行卡
ORD101622,2026-05-11,S03,P09,1,18.00,银行卡
ORD103363,2026-05-23,S04,P04,2,76.00,支付宝
ORD109116,2026-07-01,S04,P10,1,24.00,支付宝
ORD106827,2026-06-16,S03,P09,1,18.00,微信
ORD109076,2026-07-01,S02,P12,2,16.00,会员储值
ORD116616,2026-08-22,S01,P01,3,96.00,支付宝
ORD112022,2026-07-20,S05,P01,2,64.00,会员储值
ORD114151,2026-08-04,S03,P08,1,25.00,微信
ORD108976,2026-06-30,S03,P16,2,10.00,微信
ORD110932,2026-07-13,S04,P10,1,24.00,银行卡
ORD103550,2026-05-24,S04,P10,2,48.00,微信
ORD113130,2026-07-28,S05,P15,2,12.00,支付宝
ORD100801,2026-05-06,S01,P15,1,6.00,支付宝
ORD111717,2026-07-19,S01,P15,2,12.00,会员储值
ORD103257,2026-05-23,S01,P12,3,24.00,会员储值
ORD111991,2026-07-20,S04,P15,1,6.00,现金
ORD106633,2026-06-14,S05,P08,1,25.00,支付宝
ORD105726,2026-06-08,S01,P02,2,60.00,会员储值
ORD113316,2026-07-30,S02,P05,3,102.00,银行卡
ORD105353,2026-06-06,S01,P17,2,24.00,支付宝
ORD110754,2026-07-12,S03,P07,1,22.00,微信
ORD101916,2026-05-13,S04,P03,1,26.00,现金
ORD110554,2026-07-11,S03,P09,1,18.00,银行卡
ORD114920,2026-08-09,S04,P11,3,78.00,银行卡
ORD111525,2026-07-18,S01,P15,2,12.00,银行卡
ORD102470,2026-05-17,S02,P05,0,34.00,银行卡
ORD114013,2026-08-03,S03,P04,1,38.00,现金
ORD117151,2026-08-25,S02,P06,1,45.00,银行卡
ORD102844,2026-05-19,S05,P01,3,96.00,会员储值
ORD107586,2026-06-21,S02,P06,3,126.00,微信
ORD108986,2026-06-30,S04,P10,3,72.00,会员储值
ORD115361,2026-08-12,S05,P06,2,90.00,微信
ORD115856,2026-08-16,S01,P16,2,10.00,支付宝
ORD104237,2026-05-29,S04,P02,1,30.00,银行卡
ORD103984,2026-05-27,S04,P11,1,26.00,支付宝
ORD110661,2026-07-12,S01,P12,2,16.00,会员储值
ORD112932,2026-07-27,S03,P12,1,8.00,现金
ORD104753,2026-06-01,S04,P04,1,38.00,支付宝
ORD100032,2026-05-01,S02,P16,1,5.00,银行卡
ORD107454,2026-06-20,S04,P11,1,26.00,银行卡
ORD111322,2026-07-16,S04,P17,1,12.00,现金
ORD108371,2026-06-27,S01,P08,2,50.00,会员储值
ORD102264,2026-05-16,S02,P04,1,38.00,现金
ORD108691,2026-06-28,S04,P09,1,18.00,现金
ORD116154,2026-08-18,S01,P01,2,64.00,会员储值
ORD113120,2026-07-28,S05,P01,3,96.00,微信
ORD108800,2026-06-29,S02,P10,1,24.00,银行卡
ORD116662,2026-08-22,S02,P04,1,38.00,微信
ORD109142,2026-07-01,S05,P05,3,102.00,微信
ORD102437,2026-05-17,S01,P10,1,24.00,银行卡
ORD109964,2026-07-07,S01,P07,1,22.00,现金
ORD117287,2026-08-26,S02,P17,1,12.00,现金
ORD111165,2026-07-15,S03,P01,2,64.00,银行卡
ORD106783,2026-06-16,S01,P01,2,64.00,银行卡
ORD107826,2026-06-22,S05,P13,1,20.00,微信
ORD115727,2026-08-15,S03,P05,2,68.00,会员储值
ORD101973,2026-05-14,S01,P15,1,6.00,会员储值
ORD117538,2026-08-28,S02,P19,1,15.00,现金
ORD101036,2026-05-08,S01,P12,2,16.00,会员储值
ORD100913,2026-05-07,S01,P20,1,22.00,现金
ORD101034,2026-05-08,S01,P16,1,5.00,支付宝
ORD111269,2026-07-16,S02,P11,2,52.00,现金
ORD101597,2026-05-11,S02,P13,2,40.00,会员储值
ORD108518,2026-06-27,S04,P13,1,20.00,微信
ORD106616,2026-06-14,S05,P13,2,40.00,支付宝
ORD114169,2026-08-04,S04,P06,2,90.00,现金
ORD109669,2026-07-05,S02,P04,2,76.00,支付宝
ORD100074,2026-05-01,S03,P17,2,24.00,银行卡
ORD109582,2026-07-04,S05,P07,1,22.00,支付宝
ORD115663,2026-08-15,S01,P15,1,6.00,现金
ORD105256,2026-06-05,S03,P08,1,25.00,现金
ORD117103,2026-08-24,S05,P08,2,50.00,现金
ORD107179,2026-06-18,S05,P20,1,22.00,会员储值
ORD105917,2026-06-09,S05,P10,1,24.00,会员储值
ORD114817,2026-08-09,S01,P01,1,32.00,银行卡
ORD102868,2026-05-20,S01,P01,2,64.00,银行卡
ORD110633,2026-07-11,S05,P20,1,22.00,微信
ORD112570,2026-07-25,S03,P08,1,25.00,银行卡
ORD109111,2026-07-01,S04,P17,3,36.00,支付宝
ORD111737,2026-07-19,S01,P08,2,50.00,支付宝
ORD114437,2026-08-06,S05,P03,2,52.00,现金
ORD107254,2026-06-19,S03,P08,3,75.00,会员储值
ORD100431,2026-05-03,S03,P08,1,25.00,支付宝
ORD103617,2026-05-24,S05,P10,1,24.00,微信
ORD102232,2026-05-17,S01,P15,1,-6.00,银行卡
ORD101143,2026-05-08,S05,P20,2,44.00,会员储值
ORD111270,2026-07-16,S02,P06,2,90.00,银行卡
ORD106559,2026-06-14,S03,P03,1,26.00,银行卡
ORD116706,2026-08-22,S03,P04,2,76.00,银行卡
ORD116695,2026-08-22,S03,P14,1,10.00,银行卡
ORD103653,2026-05-25,S02,P03,1,26.00,现金
ORD117227,2026-08-25,S04,P19,3,45.00,会员储值
ORD111445,2026-07-17,S03,P09,1,18.00,支付宝
ORD116386,2026-08-20,S02,P05,1,34.00,现金
ORD110007,2026-07-07,S03,P12,1,8.00,银行卡
ORD115837,2026-08-15,S05,P16,1,5.00,现金
ORD104740,2026-06-01,S04,P11,1,26.00,会员储值
ORD113191,2026-07-29,S02,P04,1,38.00,银行卡
ORD102206,2026-05-15,S05,P17,2,24.00,支付宝
ORD101122,2026-05-08,S04,P10,1,24.00,现金
ORD111220,2026-07-15,S05,P17,2,24.00,支付宝
ORD101129,2026-05-08,S04,P11,2,52.00,支付宝
ORD116263,2026-08-19,S01,P16,1,5.00,微信
ORD101045,2026-05-08,S01,P08,2,50.00,会员储值
ORD115387,2026-08-13,S01,P12,1,8.00,支付宝
ORD117916,2026-08-30,S03,P09,1,18.00,支付宝
ORD102710,2026-05-18,S05,P03,1,26.00,支付宝
ORD103318,2026-05-23,S03,P08,2,50.00,会员储值
ORD105005,2026-06-03,S04,P06,1,42.00,微信
ORD113341,2026-07-30,S03,P03,2,52.00,现金
ORD100278,2026-05-02,S04,P11,2,52.00,微信
ORD106272,2026-06-13,S01,P05,1,34.00,会员储值
ORD104928,2026-06-03,S01,P10,1,24.00,会员储值
ORD107611,2026-06-21,S03,P09,3,54.00,现金
ORD115373,2026-08-12,S05,P02,3,90.00,支付宝
ORD113400,2026-07-30,S05,P03,3,78.00,支付宝
ORD115104,2026-08-10,S05,P03,1,26.00,支付宝
ORD109029,2026-06-30,S05,P07,2,44.00,微信
ORD109583,2026-07-04,S05,P15,1,6.00,现金
ORD102417,2026-05-16,S05,P15,1,6.00,现金
ORD110984,2026-07-14,S01,P06,2,90.00,会员储值
ORD105195,2026-06-05,S01,P12,1,8.00,现金
ORD111720,2026-07-19,S01,P08,2,50.00,微信
ORD109710,2026-07-05,S03,P14,1,10.00,支付宝
ORD102082,2026-05-15,S01,P01,1,32.00,现金
ORD108159,2026-06-25,S03,P07,1,22.00,现金
ORD108911,2026-06-30,S01,P01,1,32.00,现金
ORD102158,2026-05-15,S03,P07,1,22.00,会员储值
ORD113383,2026-07-30,S05,P16,1,5.00,支付宝
ORD102544,2026-05-17,S04,P13,1,20.00,银行卡
ORD117220,2026-08-25,S04,P03,3,78.00,微信
ORD108350,2026-06-26,S05,P03,2,52.00,银行卡
ORD108870,2026-06-29,S05,P05,2,68.00,支付宝
ORD111312,2026-07-16,S03,P09,1,18.00,支付宝
ORD105056,2026-06-04,S01,P02,1,30.00,现金
ORD112234,2026-07-22,S03,P02,2,60.00,会员储值
ORD113203,2026-07-29,S03,P01,1,32.00,支付宝
ORD102899,2026-05-20,S02,P06,1,42.00,银行卡
ORD115659,2026-08-15,S01,P13,2,40.00,微信
ORD109577,2026-07-04,S04,P16,1,5.00,银行卡
ORD111019,2026-07-14,S02,P04,1,38.00,支付宝
ORD111547,2026-07-18,S02,P02,1,30.00,微信
ORD103640,2026-05-25,S01,P11,1,26.00,现金
ORD104078,2026-05-28,S03,P07,1,22.00,银行卡
ORD117598,2026-08-28,S04,P21,2,32.00,银行卡
ORD113366,2026-07-30,S04,P03,2,52.00,微信
ORD108502,2026-06-27,S04,P06,1,42.00,银行卡
ORD101651,2026-05-11,S04,P11,1,26.00,现金
ORD106967,2026-06-17,S04,P01,2,64.00,现金
ORD113668,2026-08-01,S04,P03,1,26.00,微信
ORD107439,2026-06-20,S03,P13,2,,会员储值
ORD108051,2026-06-24,S03,P03,2,52.00,银行卡
ORD107798,2026-06-22,S04,P10,1,24.00,银行卡
ORD110805,2026-07-12,S05,P05,1,34.00,支付宝
ORD106900,2026-06-17,S01,P02,1,30.00,支付宝
ORD102414,2026-05-16,S05,P19,3,45.00,微信
ORD102966,2026-05-20,S05,P07,2,44.00,支付宝
ORD114111,2026-08-04,S02,P17,3,36.00,微信
ORD112513,2026-07-25,S01,P11,2,52.00,银行卡
ORD100321,2026-05-02,S05,P20,1,22.00,微信
ORD108957,2026-06-30,S03,P07,1,22.00,会员储值
ORD107356,2026-06-20,S01,P06,1,42.00,支付宝
ORD101494,2026-05-10,S04,P07,3,66.00,支付宝
ORD105416,2026-06-06,S03,P08,1,25.00,现金
ORD105831,2026-06-09,S01,P01,1,32.00,支付宝
ORD110553,2026-07-11,S03,P17,1,12.00,会员储值
ORD105809,2026-06-08,S05,P05,1,¥34.00,现金
ORD117922,2026-08-30,S03,P12,3,24.00,银行卡
ORD116954,2026-08-23,S04,P21,2,32.00,现金
ORD112138,2026-07-21,S05,P14,3,30.00,支付宝
ORD116481,2026-08-21,S01,P14,1,10.00,银行卡
ORD117593,2026-08-28,S04,P21,1,16.00,微信
ORD105180,2026-06-05,S01,P01,1,32.00,支付宝
ORD111475,2026-07-17,S04,P10,1,24.00,微信
ORD113394,2026-07-30,S05,P01,1,32.00,支付宝
ORD111182,2026-07-15,S03,P07,1,22.00,银行卡
ORD105772,2026-06-08,S04,P15,2,12.00,微信
ORD117765,2026-08-29,S04,P17,1,12.00,银行卡
ORD105509,2026-06-06,S05,P06,1,42.00,微信
ORD105175,2026-06-04,S05,P03,1,26.00,现金
ORD105346,2026-06-06,S01,P05,1,34.00,现金
ORD104641,2026-05-31,S05,P04,1,38.00,现金
ORD102256,16-05-2026,S01,P20,3,66.00,支付宝
ORD105900,2026-06-09,S05,P07,1,22.00,现金
ORD104723,2026-06-01,S03,P12,1,8.00,银行卡
ORD102079,2026-05-14,S05,P01,1,32.00,银行卡
ORD101794,2026-05-12,S05,P12,1,8.00,银行卡
ORD115533,2026-08-14,S01,P17,2,24.00,微信
ORD101523,2026-05-10,S05,P03,2,52.00,现金
ORD115159,2026-08-11,S02,P06,2,90.00,银行卡
ORD116860,2026-08-23,S02,P05,1,34.00,微信
ORD107530,2026-06-21,S01,P10,2,48.00,银行卡
ORD116610,2026-08-22,S01,P01,1,32.00,现金
ORD113838,2026-08-02,S03,P12,1,8.00,银行卡
ORD113752,2026-08-02,S01,P02,1,30.00,支付宝
ORD104393,2026-05-30,S04,P18,2,36.00,支付宝
ORD116076,2026-08-17,S03,P19,1,15.00,银行卡
ORD101781,2026-05-12,S04,P11,2,52.00,支付宝
ORD100902,2026-05-06,S05,P02,1,30.00,银行卡
ORD102115,2026-05-15,S02,P05,1,34.00,会员储值
ORD106437,2026-06-13,S05,P01,1,32.00,现金
ORD114371,2026-08-06,S02,P03,1,26.00,会员储值
ORD111405,2026-07-17,S02,P06,2,90.00,支付宝
ORD111602,2026-07-19,S03,P10,1,-24.00,现金
ORD100292,2026-05-02,S05,P09,2,36.00,银行卡
ORD116370,2026-08-20,S01,P01,1,32.00,支付宝
ORD116108,2026-08-17,S04,P10,2,48.00,会员储值
ORD112520,2026-07-25,S02,P04,3,114.00,会员储值
ORD116788,2026-08-22,S05,P09,3,54.00,微信
ORD102564,2026-05-17,S04,P11,1,26.00,现金
ORD114369,2026-08-06,S02,P15,2,12.00,会员储值
ORD105674,2026-06-07,S05,P14,1,10.00,微信
ORD116970,2026-08-23,S05,P13,1,20.00,现金
ORD113665,2026-08-01,S04,P10,1,24.00,微信
ORD117501,2026-08-27,S05,P03,3,78.00,会员储值
ORD109556,2026-07-04,S04,P11,3,78.00,会员储值
ORD101953,2026-05-14,S01,P02,-2,30.00,微信
ORD115629,2026-08-14,S05,P15,1,6.00,支付宝
ORD111530,2026-07-18,S01,P19,1,15.00,会员储值
ORD103360,2026-05-23,S04,P11,1,26.00,银行卡
ORD108552,2026-06-27,S05,P11,2,52.00,支付宝
ORD112919,2026-07-27,S02,P04,2,76.00,银行卡
ORD101534,2026-05-10,S05,P11,1,26.00,会员储值
ORD103883,2026-05-27,S01,P12,1,8.00,现金
ORD104113,2026-05-28,S04,P10,1,24.00,银行卡
ORD112473,2026-07-24,S04,P11,3,78.00,现金
ORD111449,2026-07-17,S03,P01,1,32.00,银行卡
ORD113146,2026-07-29,S01,P12,2,16.00,会员储值
ORD107770,2026-06-22,S02,P19,2,30.00,会员储值
ORD116307,2026-08-19,S04,P15,3,18.00,银行卡
ORD107004,2026-06-17,S05,P03,2,52.00,现金
ORD111484,2026-07-17,S05,P01,3,96.00,微信
ORD116416,2026-08-20,S03,P09,2,36.00,现金
ORD106402,2026-06-13,S04,P10,1,24.00,现金
ORD101616,2026-05-11,S03,P04,3,114.00,微信
ORD104542,2026-05-31,S02,P12,3,24.00,会员储值
ORD105937,2026-06-11,S01,P01,1,-32.00,微信
ORD102089,2026-05-15,S01,P02,1,30.00,微信
ORD112206,2026-07-22,S02,P04,2,76.00,支付宝
ORD111357,2026-07-16,S05,P19,1,15.00,现金
ORD116923,2026-08-23,S04,P10,1,24.00,微信
ORD115002,2026-08-10,S01,P03,1,26.00,微信
ORD113172,2026-07-29,S02,P13,2,40.00,支付宝
ORD109275,2026-07-02,S05,P15,2,12.00,微信
ORD105972,2026-06-10,S02,P06,3,126.00,现金
ORD113670,2026-08-01,S04,P05,3,102.00,支付宝
ORD115879,2026-08-16,S02,P04,1,38.00,银行卡
ORD115915,2026-08-16,S02,P04,2,76.00,微信
ORD106224,2026-06-12,S04,P04,1,38.00,现金
ORD113699,2026-08-01,S05,P21,2,32.00,微信
ORD107510,2026-06-20,S05,P02,2,60.00,微信
ORD105179,2026-06-04,S05,P03,1,26.00,银行卡
ORD116015,2026-08-16,S05,P19,1,15.00,支付宝
ORD107545,2026-06-21,S01,P05,1,34.00,会员储值
ORD113526,2026-07-31,S05,P20,2,44.00,现金
ORD113922,2026-08-02,S05,P20,1,22.00,会员储值
ORD105305,2026-06-05,S05,P08,1,25.00,现金
ORD102423,2026-05-17,S01,P01,3,96.00,支付宝
ORD108595,2026-06-28,S01,P02,1,30.00,支付宝
ORD116223,2026-08-18,S04,P21,1,16.00,微信
ORD109010,2026-06-30,S05,P19,2,30.00,会员储值
ORD109313,2026-07-03,S01,P01,1,32.00,微信
ORD102586,2026-05-17,S05,P03,1,26.00,会员储值
ORD101516,2026-05-10,S05,P20,1,22.00,支付宝
ORD100605,2026-05-04,S04,P19,1,15.00,会员储值
ORD118146,2026-08-31,S05,P18,2,36.00,银行卡
ORD110127,2026-07-08,S03,P12,2,16.00,微信
ORD113376,2026-07-30,S04,P11,1,26.00,银行卡
ORD115001,2026-08-10,S01,P07,2,44.00,银行卡
ORD107547,2026-06-21,S01,P14,1,10.00,银行卡
ORD113502,2026-07-31,S04,P10,2,48.00,微信
ORD109093,2026-07-01,S03,P17,2,24.00,现金
ORD109009,2026-06-30,S05,P03,1,26.00,现金
ORD114363,2026-08-06,S02,P03,3,78.00,支付宝
ORD113108,2026-07-28,S04,P11,3,78.00,银行卡
ORD104286,2026-05-30,S01,P17,1,12.00,支付宝
ORD101107,2026-05-08,S03,P07,3,66.00,现金
ORD100363,2026-05-03,S01,P16,1,5.00,支付宝
ORD102399,2026-05-16,S05,P20,1,22.00,现金
ORD106755,2026-06-15,S05,P10,1,24.00,现金
ORD101357,2026-05-09,S05,P02,1,30.00,现金
ORD106868,2026-06-16,S05,P11,2,52.00,微信
ORD112508,2026-07-25,S01,P02,1,30.00,支付宝
ORD117052,2026-08-24,S03,P21,1,16.00,支付宝
ORD114493,2026-08-07,S02,P21,1,16.00,现金
ORD118109,2026-08-31,S04,P10,2,48.00,银行卡
ORD100747,2026-05-05,S04,P15,2,12.00,支付宝
ORD104743,2026-06-01,S04,P02,2,60.00,现金
ORD103291,2026-05-23,S02,P09,2,36.00,会员储值
ORD116490,2026-08-21,S01,P20,1,22.00,微信
ORD113726,2026-08-01,S05,P21,1,16.00,银行卡
ORD112261,2026-07-22,S04,P10,-2,48.00,会员储值
ORD117719,2026-08-29,S02,P04,1,38.00,现金
ORD108065,2026-06-24,S04,P10,2,48.00,会员储值
ORD106106,2026-06-11,S05,P10,2,48.00,支付宝
ORD103236,2026-05-23,S01,P19,1,15.00,支付宝
ORD112625,2026-07-25,S04,P18,2,36.00,微信
ORD108837,2026/6/29,S03,P20,1,22.00,银行卡
ORD102665,2026-05-18,S03,P07,1,22.00,现金
ORD115213,2026-08-11,S04,P03,1,26.00,支付宝
ORD110897,2026-07-13,S03,P08,1,25.00,会员储值
ORD117372,2026-08-26,S05,P03,1,26.00,微信
ORD111944,2026-07-20,S02,P06,1,45.00,现金
ORD110497,2026-07-11,S02,P06,2,90.00,会员储值
ORD106154,2026-06-12,S01,P02,1,30.00,支付宝
ORD115477,2026-08-13,S04,P10,1,24.00,会员储值
ORD113714,2026-08-01,S05,P21,1,16.00,支付宝
ORD117863,2026-08-30,S01,P01,2,64.00,支付宝
ORD116451,2026-08-20,S04,P10,1,24.00,会员储值
ORD101975,2026-05-14,S01,P01,1,32.00,支付宝
ORD109035,2026-07-01,S01,P19,1,15.00,会员储值
ORD106237,2026-06-12,S04,P10,2,48.00,银行卡
ORD106767,2026-06-16,S01,P02,1,30.00,现金
ORD112975,2026-07-27,S04,P03,2,52.00,微信
ORD112340,2026-07-23,S02,P04,1,38.00,会员储值
ORD105985,2026-06-10,S04,P18,2,36.00,支付宝
ORD104433,2026-05-30,S05,P19,1,15.00,支付宝
ORD106788,2026-06-16,S02,P07,2,44.00,会员储值
ORD109973,2026-07-07,S02,P06,1,45.00,支付宝
ORD114981,2026-08-09,S05,P16,1,5.00,支付宝
ORD101630,2026-05-11,S03,P09,1,18.00,会员储值
ORD107343,2026-06-20,S01,P02,1,30.00,银行卡
ORD102014,2026-05-14,S03,P01,1,32.00,支付宝
ORD103857,2026-05-26,S05,P12,1,8.00,微信
ORD103216,2026-05-22,S05,P03,1,26.00,银行卡
ORD106018,2026-06-10,S05,P14,1,10.00,微信
ORD107462,2026-06-20,S04,P10,1,24.00,会员储值
ORD108163,2026-06-25,S03,P08,3,75.00,银行卡
ORD104839,2026-06-02,S03,P09,1,18.00,现金
ORD104954,2026-06-03,S02,P11,3,78.00,会员储值
ORD104197,2026-05-29,S02,P04,1,38.00,现金
ORD112086,2026-07-21,S03,P02,1,30.00,微信
ORD102004,2026-05-14,S03,P09,1,18.00,会员储值
ORD106866,2026-06-16,S05,P01,1,32.00,现金
ORD115580,2026-08-14,S03,P13,1,20.00,支付宝
ORD117568,2026-08-28,S03,P06,2,90.00,会员储值
ORD105679,2026-06-07,S05,P20,1,22.00,现金
ORD101601,2026-05-11,S02,P04,3,114.00,会员储值
ORD116434,2026-08-20,S04,P18,1,18.00,现金
ORD101687,2026-05-12,S01,P05,2,68.00,银行卡
ORD100336,2026-05-03,S01,P02,2,60.00,银行卡
ORD101275,2026-05-09,S03,P14,1,10.00,支付宝
ORD108707,2026-06-28,S04,P10,2,48.00,银行卡
ORD116919,2026-08-23,S03,P02,3,90.00,现金
ORD108961,2026-06-30,S03,P09,1,18.00,会员储值
ORD115022,2026-08-10,S02,P10,1,24.00,会员储值
ORD100593,2026-05-04,S03,P09,1,18.00,现金
ORD114334,2026-08-05,S05,P08,3,75.00,银行卡
ORD115743,2026-08-15,S03,P09,2,36.00,微信
ORD101824,2026-05-13,S01,P01,1,32.00,支付宝
ORD117175,2026-08-25,S03,P15,1,6.00,银行卡
ORD110257,2026-07-09,S03,P12,2,16.00,会员储值
ORD107374,2026-06-21,S02,P04,2,-76.00,会员储值
ORD108761,2026-06-28,S05,P03,3,78.00,会员储值
ORD107011,2026-06-17,S05,P15,1,6.00,会员储值
ORD114027,2026-08-03,S04,P11,1,26.00,会员储值
ORD107667,2026-06-21,S04,P14,3,30.00,支付宝
ORD111107,2026-07-14,S05,P04,1,38.00,支付宝
ORD111469,2026-07-17,S04,P10,2,48.00,支付宝
ORD106163,2026-06-12,S02,P06,3,126.00,会员储值
ORD101495,2026-05-10,S04,P10,1,24.00,支付宝
ORD103055,2026-05-21,S04,P10,1,24.00,微信
ORD101137,2026-05-08,S04,P13,2,40.00,银行卡
ORD103334,2026-05-23,S03,P13,1,20.00,现金
ORD114492,2026-08-07,S02,P06,1,45.00,银行卡
ORD102084,2026-05-15,S01,P10,2,48.00,支付宝
ORD112610,2026-07-25,S04,P15,1,6.00,现金
ORD101200,2026-05-09,S01,P02,3,90.00,现金
ORD113554,2026-08-01,S01,P14,2,20.00,会员储值
ORD116549,2026-08-21,S03,P21,1,16.00,支付宝
ORD109336,2026-07-03,S02,P04,2,76.00,现金
ORD114773,2026-08-08,S05,P10,1,24.00,银行卡
ORD111647,2026-07-18,S04,P04,1,38.00,银行卡
ORD110695,2026-07-12,S02,P05,3,102.00,会员储值
ORD105344,2026-06-06,S01,P19,2,30.00,会员储值
ORD106302,2026-06-13,S02,P06,1,42.00,会员储值
ORD107432,2026-06-20,S03,P07,1,22.00,微信
ORD116972,2026-08-23,S05,P03,1,26.00,银行卡
ORD115091,2026-08-10,S04,P10,1,24.00,微信
ORD112995,2026-07-27,S05,P03,1,26.00,微信
ORD111071,2026-07-14,S04,P11,1,26.00,银行卡
ORD108094,2026-06-24,S05,P08,1,25.00,会员储值
ORD100636,2026-05-04,S05,P06,2,84.00,会员储值
ORD105039,2026-06-03,S05,P01,1,32.00,现金
ORD105523,2026-06-07,S01,P01,1,32.00,现金
ORD100945,2026-05-07,S02,P06,1,42.00,会员储值
ORD111125,2026-07-15,S01,P01,3,96.00,银行卡
ORD100254,2026-05-02,S04,P02,1,30.00,会员储值
ORD109940,2026-07-07,S01,P19,1,15.00,会员储值
ORD116928,2026-08-23,S04,P10,1,24.00,微信
ORD102065,2026-05-14,S05,P03,1,26.00,银行卡
ORD109044,2026-07-01,S01,P06,1,45.00,会员储值
ORD118110,2026-08-31,S04,P21,1,16.00,会员储值
ORD100869,2026-05-06,S04,P10,1,24.00,现金
ORD103774,2026-05-26,S01,P01,1,32.00,支付宝
ORD105774,2026-06-08,S04,P11,1,26.00,会员储值
ORD101743,2026-05-12,S03,P04,3,114.00,现金
ORD110692,2026-07-12,S02,P14,1,10.00,现金
ORD116722,2026-08-22,S03,P12,1,8.00,现金
ORD110764,2026-07-12,S04,P10,1,24.00,现金
ORD101508,2026-05-10,S04,P05,2,68.00,银行卡
ORD106389,2026-06-13,S04,P08,2,50.00,现金
ORD100053,2026-05-02,S03,P04,1,-38.00,现金
ORD104634,2026-05-31,S05,P19,1,15.00,会员储值
ORD104293,2026-05-30,S01,P08,2,50.00,现金
ORD100851,2026-05-06,S03,P08,2,50.00,微信
ORD112698,2026-07-26,S01,P16,1,5.00,现金
ORD113921,2026-08-02,S05,P21,1,16.00,会员储值
ORD114586,2026-08-07,S05,P07,3,66.00,现金
ORD102416,2026-05-16,S05,P12,1,8.00,银行卡
ORD112001,2026-07-20,S04,P15,1,6.00,银行卡
ORD117036,2026-08-24,S02,P01,1,32.00,现金
ORD116588,2026-08-21,S05,P07,1,22.00,现金
ORD102456,2026-05-17,S01,P09,1,18.00,会员储值
ORD101725,2026-05-12,S02,P16,1,5.00,支付宝
ORD110278,2026-07-09,S04,P15,2,12.00,现金
ORD110924,2026-07-13,S04,P07,1,22.00,支付宝
ORD104081,2026-05-28,S03,P19,2,30.00,会员储值
ORD111178,2026-07-15,S03,P08,1,-25.00,现金
ORD115291,2026-08-12,S02,P04,1,38.00,支付宝
ORD110767,2026-07-12,S04,P13,1,20.00,会员储值
ORD106997,2026-06-17,S05,P07,2,44.00,会员储值
ORD112325,2026-07-23,S02,P05,1,34.00,现金
ORD111645,2026-07-18,S04,P14,2,20.00,银行卡
ORD102457,2026-05-17,S01,P01,1,32.00,银行卡
ORD110599,2026-07-11,S04,P19,1,15.00,微信
ORD118082,2026-08-31,S03,P21,1,16.00,微信
ORD107316,2026-06-19,S05,P05,1,34.00,支付宝
ORD101806,2026-05-12,S05,P08,3,75.00,现金
ORD102232,2026-05-16,S01,P15,1,6.00,银行卡
ORD115476,2026-08-13,S04,P07,1,22.00,银行卡
ORD115656,2026-08-15,S01,P01,1,32.00,会员储值
ORD117980,2026-08-30,S04,P21,3,48.00,现金
ORD100163,2026-05-02,S01,P15,1,6.00,现金
ORD117596,2026-08-28,S04,P10,3,72.00,支付宝
ORD103616,2026-05-24,S05,P03,1,26.00,支付宝
ORD104130,2026-05-28,S05,P17,2,24.00,银行卡
ORD106662,2026-06-15,S01,P19,3,45.00,银行卡
ORD116463,2026-08-20,S05,P21,3,48.00,支付宝
ORD105881,2026-06-09,S04,P07,1,22.00,会员储值
ORD115568,2026-08-14,S03,P08,1,25.00,现金
ORD112175,2026-07-22,S01,P09,1,18.00,会员储值
ORD104866,2026-06-02,S04,P12,1,8.00,银行卡
ORD116831,2026-08-23,S01,P08,2,50.00,会员储值
ORD106329,2026-06-13,S02,P15,1,6.00,现金
ORD109199,2026-07-02,S02,P17,1,12.00,微信
ORD100938,2026-05-07,S02,P05,2,68.00,支付宝
ORD115238,2026-08-11,S05,P11,1,26.00,支付宝
ORD108151,2026-06-25,S02,P19,1,15.00,支付宝
ORD103654,2026-05-25,S02,P04,1,38.00,会员储值
ORD104104,2026-05-28,S04,P02,2,60.00,现金
ORD114888,2026-08-09,S03,P19,1,15.00,微信
ORD102030,2026-05-14,S04,P10,2,48.00,微信
ORD105707,2026-06-07,S05,P19,3,45.00,银行卡
ORD105438,2026-06-06,S04,P11,1,26.00,微信
ORD106904,2026-06-17,S01,P14,2,20.00,银行卡
ORD111566,2026-07-18,S02,P04,3,114.00,银行卡
ORD104918,2026-06-03,S01,P02,2,60.00,会员储值
ORD104704,2026-06-01,S02,P05,3,102.00,支付宝
ORD113222,2026-07-29,S04,P12,1,8.00,支付宝
ORD110164,2026-07-08,S04,P13,2,40.00,现金
ORD103676,2026-05-25,S03,P09,2,36.00,银行卡
ORD114028,2026-08-03,S04,P03,3,78.00,微信
ORD114792,2026-08-08,S05,P09,2,36.00,银行卡
ORD106620,2026-06-14,S05,P05,2,68.00,支付宝
ORD116218,2026-08-18,S04,P09,1,18.00,银行卡
ORD106852,2026-06-16,S04,P11,2,52.00,支付宝
ORD102643,2026-05-18,S02,P04,1,38.00,微信
ORD103873,2026-05-26,S05,P03,1,26.00,支付宝
ORD101139,2026-05-08,S05,P13,1,20.00,现金
ORD101464,2026-05-10,S03,P20,1,22.00,会员储值
ORD117656,2026-08-29,S01,P15,1,6.00,会员储值
ORD102746,2026-05-19,S01,P02,1,30.00,微信
ORD100638,2026-05-04,S05,P05,1,34.00,现金
ORD107627,2026-06-21,S03,P08,1,25.00,现金
ORD116682,2026-08-22,S02,P04,2,76.00,支付宝
ORD109958,2026-07-07,S01,P02,3,90.00,微信
ORD107113,2026-06-18,S02,P06,1,29.00,现金
ORD113847,2026-08-02,S03,P06,1,45.00,微信
ORD114681,2026-08-08,S03,P05,1,34.00,银行卡
ORD117550,2026-08-28,S02,P04,3,114.00,支付宝
ORD110944,2026-07-13,S04,P06,1,45.00,银行卡
ORD117760,2026-08-29,S03,P18,2,36.00,现金
ORD104231,2026-05-29,S04,P19,1,15.00,微信
ORD112357,2026-07-23,S03,P09,1,18.00,会员储值
ORD101153,2026-05-08,S05,P12,1,8.00,会员储值
ORD105365,2026-06-06,S02,P13,1,20.00,银行卡
ORD110949,2026-07-13,S04,P03,1,26.00,会员储值
ORD117002,2026-08-24,S01,P03,1,26.00,银行卡
ORD117802,2026-08-29,S05,P19,1,15.00,微信
ORD111809,2026-07-19,S03,P09,1,18.00,会员储值
ORD102607,2026-05-17,S05,P05,2,68.00,银行卡
ORD110149,2026-07-08,S04,P03,1,26.00,银行卡
ORD104979,2026-06-03,S03,P04,1,38.00,银行卡
ORD111069,2026-07-14,S04,P11,2,52.00,银行卡
ORD108539,2026-06-27,S05,P06,1,42.00,微信
ORD107355,2026-06-20,S01,P15,1,6.00,微信
ORD113220,2026-07-29,S04,P18,1,18.00,会员储值
ORD111999,2026/7/20,S04,P15,1,6.00,会员储值
ORD108473,2026-06-27,S03,P02,1,30.00,微信
ORD115658,2026-08-15,S01,P16,2,10.00,微信
ORD103369,2026-05-23,S04,P18,2,36.00,现金
ORD112192,2026-07-22,S02,P05,2,68.00,银行卡
ORD100700,2026-05-05,S02,P13,3,60.00,银行卡
ORD103559,2026-05-24,S04,P10,1,24.00,现金
ORD115303,2026-08-12,S02,P21,1,16.00,银行卡
ORD116148,2026-08-18,S01,P12,1,8.00,现金
ORD116437,2026-08-20,S04,P14,2,20.00,银行卡
ORD104250,2026-05-29,S05,P03,1,26.00,会员储值
ORD116738,2026-08-22,S04,P21,1,16.00,现金
ORD103743,2026-05-25,S05,P19,1,15.00,银行卡
ORD106569,2026-06-14,S04,P03,1,26.00,银行卡
ORD103647,2026-05-25,S01,P02,1,30.00,银行卡
ORD105061,2026-06-04,S01,P01,1,32.00,会员储值
ORD111437,2026-07-17,S03,P18,2,36.00,微信
ORD109030,2026-07-01,S01,P16,1,5.00,微信
ORD105478,2026-06-06,S05,P14,1,10.00,会员储值
ORD108273,2026-06-26,S02,P17,2,24.00,银行卡
ORD104654,2026-05-31,S05,P10,1,24.00,微信
ORD113113,2026-07-28,S04,P11,2,52.00,支付宝
ORD109679,2026-07-05,S02,P03,2,52.00,会员储值
ORD110309,2026-07-09,S05,P15,1,6.00,银行卡
ORD107652,2026-06-21,S04,P14,2,20.00,银行卡
ORD113812,2026-08-02,S02,P10,2,48.00,会员储值
ORD109743,2026-07-05,S04,P02,2,60.00,支付宝
ORD106912,2026-06-17,S01,P02,2,60.00,银行卡
ORD108361,2026-06-27,S01,P01,2,64.00,现金
ORD117881,2026-08-30,S02,P06,2,90.00,支付宝
ORD110680,2026-07-12,S01,P17,2,24.00,会员储值
ORD103554,2026-05-24,S04,P03,3,78.00,会员储值
ORD100964,2026-05-07,S03,P07,1,22.00,微信
ORD110848,2026-07-13,S01,P02,2,60.00,银行卡
ORD107327,2026-06-19,S05,P19,1,15.00,微信
ORD101179,2026-05-09,S01,P11,2,52.00,银行卡
ORD114634,2026-08-08,S02,P21,2,32.00,微信
ORD107477,2026-06-20,S04,P13,1,20.00,会员储值
ORD115526,2026-08-14,S01,P12,1,8.00,银行卡
ORD113679,2026-08-01,S04,P01,1,32.00,现金
ORD100186,2026-05-02,S02,P16,2,10.00,会员储值
ORD116032,2026-08-16,S05,P19,1,15.00,支付宝
ORD105790,2026-06-08,S04,P16,1,5.00,会员储值
ORD110953,2026-07-13,S05,P09,1,18.00,支付宝
ORD101984,2026-05-14,S02,P19,2,30.00,支付宝
ORD112385,2026-07-23,S04,P06,1,45.00,微信
ORD101529,2026-05-10,S05,P13,1,¥ 20.00,现金
ORD109507,2026-07-04,S03,P01,1,32.00,会员储值
ORD102942,2026-05-20,S04,P11,1,26.00,支付宝
ORD115069,2026-08-10,S03,P17,2,24.00,会员储值
ORD104576,2026-05-31,S03,P12,3,24.00,会员储值
ORD105041,2026-06-04,S01,P18,2,36.00,现金
ORD109696,2026-07-05,S02,P04,2,76.00,会员储值
ORD115824,2026-08-15,S05,P19,1,15.00,微信
ORD109140,2026-07-01,S05,P01,1,32.00,银行卡
ORD110778,2026-07-12,S04,P11,1,26.00,现金
ORD105470,2026-06-06,S04,P07,2,44.00,支付宝
ORD104893,2026-06-02,S05,P04,1,38.00,现金
ORD102689,2026-05-18,S04,P17,2,24.00,支付宝
ORD115902,2026-08-16,S02,P04,1,38.00,银行卡
ORD106391,2026-06-13,S04,P11,1,26.00,支付宝
ORD114421,2026-08-06,S04,P16,1,5.00,现金
ORD114008,2026-08-03,S03,P07,1,22.00,银行卡
ORD106002,2026-06-10,S05,P14,1,10.00,会员储值
ORD101470,2026-05-10,S03,P07,1,22.00,会员储值
ORD101297,2026-05-09,S04,P15,2,12.00,会员储值
ORD116921,2026-08-23,S03,P12,2,16.00,银行卡
ORD114871,2026-08-09,S02,P21,1,16.00,微信
ORD117896,2026-08-30,S02,P05,1,34.00,微信
ORD110588,2026-07-11,S04,P14,1,10.00,现金
ORD106327,2026-06-13,S02,P14,2,20.00,会员储值
ORD110462,2026-07-11,S01,P14,1,10.00,银行卡
ORD107745,2026-06-22,S01,P01,1,32.00,支付宝
ORD110334,2026-07-10,S01,P02,3,90.00,银行卡
ORD100524,2026/5/3,S05,P06,2,84.00,现金
ORD111472,2026-07-17,S04,P13,2,40.00,会员储值
ORD104883,2026-06-02,S04,P16,2,10.00,微信
ORD118147,2026-08-31,S05,P08,1,25.00,银行卡
ORD102569,2026-05-17,S04,P11,2,52.00,支付宝
ORD114574,2026-08-07,S05,P11,3,78.00,支付宝
ORD100113,2026-05-01,S05,P04,2,76.00,会员储值
ORD113258,2026-07-29,S05,P20,2,44.00,支付宝
ORD102328,2026-05-16,S03,P16,2,10.00,支付宝
ORD112220,2026-07-22,S03,P13,1,20.00,会员储值
ORD112616,2026-07-25,S04,P13,1,20.00,会员储值
ORD103396,2026-05-23,S05,P05,2,68.00,银行卡
ORD117204,2026-08-25,S04,P10,2,48.00,支付宝
ORD112768,2026-07-26,S03,P04,1,38.00,微信
ORD110901,2026-07-13,S03,P10,3,72.00,支付宝
ORD106563,2026-06-14,S03,P07,2,44.00,银行卡
ORD104337,2026-05-30,S02,P05,2,68.00,现金
ORD109586,2026-07-04,S05,P13,3,60.00,会员储值
ORD106196,2026-06-12,S03,P08,1,25.00,银行卡
ORD102299,2026-05-16,S02,P04,1,38.00,银行卡
ORD108183,2026-06-25,S04,P14,2,20.00,现金
ORD106693,2026-06-15,S03,P16,1,5.00,支付宝
ORD116198,2026-08-18,S04,P10,2,48.00,会员储值
ORD115524,2026-08-14,S01,P13,3,60.00,银行卡
ORD100634,2026-05-04,S05,P19,1,15.00,微信
ORD115319,2026-08-12,S03,P13,2,40.00,支付宝
ORD106467,2026-06-14,S01,P18,3,54.00,会员储值
ORD114289,2026-08-05,S04,P19,1,15.00,支付宝
ORD100981,2026-05-07,S03,P15,3,18.00,现金
ORD103510,2026-05-24,S03,P17,1,12.00,会员储值
ORD102100,2026-05-15,S01,P04,1,38.00,微信
ORD113962,2026-08-03,S01,P01,2,64.00,银行卡
ORD107187,2026-06-18,S05,P19,2,30.00,现金
ORD102274,2026-05-16,S02,P04,1,38.00,支付宝
ORD104269,2026-05-29,S05,P11,1,26.00,支付宝
ORD102567,2026-05-17,S04,P11,2,52.00,微信
ORD109712,2026-07-05,S03,P08,1,25.00,银行卡
ORD106830,2026-06-16,S03,P09,1,18.00,支付宝
ORD107238,2026-06-19,S02,P09,1,18.00,现金
ORD110135,2026-07-08,S03,P09,1,18.00,支付宝
ORD101893,2026-05-13,S03,P18,2,36.00,会员储值
ORD107229,2026-06-19,S02,P09,2,36.00,微信
ORD117791,2026-08-29,S04,P12,1,8.00,现金
ORD108903,2026-06-30,S01,P13,1,20.00,支付宝
ORD110985,2026-07-14,S01,P03,1,26.00,银行卡
ORD108227,2026-06-25,S05,P09,2,36.00,支付宝
ORD106494,2026-06-14,S02,P04,1,38.00,会员储值
ORD108491,2026-06-27,S04,P04,2,76.00,现金
ORD114173,2026-08-04,S04,P10,1,24.00,微信
ORD103489,2026-05-24,S02,P06,1,42.00,会员储值
ORD108956,2026-06-30,S03,P12,1,8.00,微信
ORD103938,2026-05-27,S03,P07,3,66.00,支付宝
ORD102860,2026-05-20,S01,P02,2,60.00,支付宝
ORD109227,2026-07-02,S03,P03,2,52.00,现金
ORD107986,2026-06-24,S01,P02,1,30.00,微信
ORD113166,2026-07-29,S02,P12,1,8.00,支付宝
ORD110458,2026-07-11,S01,P01,1,32.00,银行卡
ORD106663,2026-06-15,S01,P06,1,42.00,支付宝
ORD106859,2026-06-16,S04,P18,1,18.00,支付宝
ORD108119,25-06-2026,S01,P01,2,64.00,现金
ORD117666,2026-08-29,S01,P03,3,78.00,现金
ORD100683,2026-05-05,S02,P05,2,68.00,会员储值
ORD117405,2026-08-27,S01,P15,1,6.00,银行卡
ORD106709,2026-06-15,S03,P08,1,25.00,现金
ORD117574,2026-08-28,S03,P09,1,18.00,现金
ORD111013,2026-07-14,S02,P05,3,102.00,银行卡
ORD110638,2026-07-11,S05,P06,2,90.00,银行卡
ORD114109,2026-08-04,S02,P04,1,38.00,支付宝
ORD111929,2026-07-20,S02,P06,1,45.00,银行卡
ORD101956,2026-05-14,S01,P01,2,64.00,支付宝
ORD105915,2026-06-09,S05,P11,2,52.00,支付宝
ORD110883,2026-07-13,S02,P02,2,60.00,微信
ORD101318,2026-05-09,S04,P16,1,5.00,微信
ORD112248,2026-07-22,S04,P11,1,26.00,现金
ORD104711,2026-06-01,S03,P07,1,22.00,支付宝
ORD111972,2026-07-20,S03,P02,1,30.00,银行卡
ORD111162,2026-07-15,S02,P16,1,5.00,微信
ORD108395,2026-06-27,S01,P01,1,32.00,支付宝
ORD109505,2026-07-04,S02,P19,2,30.00,银行卡
ORD106923,2026-06-17,S02,P05,1,34.00,微信
ORD111668,2026-07-18,S05,P19,1,15.00,微信
ORD112302,2026-07-23,S01,P01,2,64.00,银行卡
ORD114952,2026-08-09,S04,P10,3,72.00,微信
ORD111775,2026-07-19,S02,P15,1,6.00,银行卡
ORD109277,2026-07-02,S05,P20,1,22.00,支付宝
ORD111689,2026-07-18,S05,P03,1,26.00,支付宝
ORD115289,2026-08-12,S02,P05,2,68.00,微信
ORD107400,2026-06-20,S02,P10,1,24.00,银行卡
ORD114635,2026-08-08,S02,P06,1,45.00,会员储值
ORD117505,2026-08-27,S05,P17,1,12.00,微信
ORD110483,2026-07-11,S01,P02,1,30.00,会员储值
ORD113611,2026-08-01,S02,P03,1,26.00,会员储值
ORD107614,2026-06-21,S03,P01,2,64.00,微信
ORD112875,2026-07-27,S01,P18,1,18.00,支付宝
ORD116064,2026-08-17,S01,P18,1,18.00,支付宝
ORD109954,2026-07-07,S01,P02,1,30.00,微信
ORD107083,2026-06-18,S02,P06,3,87.00,微信
ORD113629,2026-08-01,S03,P16,2,10.00,现金
ORD101216,2026-05-09,S02,P14,1,10.00,会员储值
ORD110465,2026-07-11,S01,P02,2,60.00,会员储值
ORD109374,2026-07-03,S04,P10,2,48.00,微信
ORD100488,2026-05-03,S05,P05,3,102.00,微信
ORD102196,2026-05-15,S05,P20,1,22.00,现金
ORD100864,2026-05-06,S04,P01,1,32.00,微信
ORD110664,2026-07-12,S01,P01,1,¥32.00,支付宝
ORD118002,2026-08-30,S05,P20,2,44.00,现金
ORD109279,2026-07-02,S05,P05,1,34.00,银行卡
ORD117559,2026-08-28,S02,P20,2,44.00,现金
ORD114066,2026-08-03,S05,P03,2,52.00,现金
ORD113727,2026-08-01,S05,P09,2,36.00,微信
ORD108501,2026-06-27,S04,P10,2,48.00,微信
ORD105016,2026-06-03,S05,P18,3,54.00,微信
ORD104077,2026/5/28,S03,P07,1,22.00,现金
ORD108839,2026-06-29,S03,P08,1,25.00,支付宝
ORD109033,2026-07-01,S01,P02,1,30.00,银行卡
ORD107106,2026-06-18,S02,P06,2,58.00,会员储值
ORD110730,2026-07-12,S03,P07,1,22.00,现金
ORD115508,2026-08-13,S05,P13,2,40.00,支付宝
ORD111442,2026-07-17,S03,P19,1,15.00,现金
ORD101413,2026-05-10,S02,P02,1,30.00,现金
ORD103228,2026-05-22,S05,P01,1,32.00,支付宝
ORD109538,2026-07-04,S03,P08,2,50.00,微信
ORD105593,2026-06-07,S02,P16,1,5.00,会员储值
ORD100997,2026-05-07,S04,P12,2,16.00,现金
ORD108251,2026-06-26,S01,P18,2,36.00,微信
ORD112374,2026-07-23,S03,P17,2,24.00,微信
ORD108234,2026-06-26,S01,P01,1,32.00,现金
ORD103911,2026-05-27,S02,P05,3,102.00,会员储值
ORD101675,2026-05-11,S05,P12,1,8.00,支付宝
ORD106255,2026-06-12,S05,P05,2,68.00,现金
ORD105401,2026-06-06,S03,P05,1,34.00,银行卡
ORD117829,2026-08-29,S05,P19,1,15.00,银行卡
ORD108816,2026-06-29,S03,P08,1,25.00,支付宝
ORD114831,2026-08-09,S02,P21,1,16.00,支付宝
ORD115192,2026-08-11,S03,P12,3,24.00,支付宝
ORD100107,2026-05-01,S05,P14,1,10.00,银行卡
ORD116165,2026-08-18,S01,P13,1,20.00,微信
ORD107588,2026-06-21,S02,P05,1,34.00,支付宝
ORD103114,2026-05-22,S01,P01,2,64.00,会员储值
ORD113269,2026-07-29,S05,P20,1,22.00,现金
ORD107230,2026-06-19,S02,P06,1,42.00,银行卡
ORD108250,2026-06-26,S01,P14,2,20.00,微信
ORD104175,2026-05-29,S02,P04,2,76.00,微信
ORD117898,2026-08-30,S02,P06,1,45.00,银行卡
ORD108079,2026-06-24,S04,P10,1,24.00,会员储值
ORD115873,2026-08-16,S01,P18,2,36.00,银行卡
ORD111448,2026-07-17,S03,P08,1,25.00,银行卡
ORD104097,2026-05-28,S04,P07,1,22.00,现金
ORD105976,2026-06-10,S04,P02,1,30.00,现金
ORD107583,2026-06-21,S02,P04,2,76.00,银行卡
ORD101015,2026-05-07,S05,P15,1,6.00,现金
ORD108878,2026-06-29,S05,P13,1,20.00,会员储值
ORD101804,2026-05-12,S05,P20,2,44.00,微信
ORD101115,2026-05-08,S04,P10,1,24.00,微信
ORD108391,2026-06-27,S01,P01,1,32.00,微信
ORD107698,2026-06-21,S05,P20,1,22.00,现金
ORD111134,2026-07-15,S01,P13,2,40.00,现金
ORD106361,2026-06-13,S03,P19,1,15.00,银行卡
ORD110644,2026-07-11,S05,P20,2,44.00,银行卡
ORD100122,2026-05-01,S05,P09,2,36.00,会员储值
ORD111850,2026-07-19,S04,P01,1,32.00,现金
ORD113579,2026-08-01,S02,P06,2,90.00,微信
ORD117512,2026-08-28,S01,P01,1,32.00,现金
ORD114033,2026-08-03,S04,P08,1,25.00,银行卡
ORD106016,2026-06-10,S05,P01,1,32.00,现金
ORD113536,2026-07-31,S05,P07,1,22.00,支付宝
ORD110355,2026-07-10,S01,P01,1,32.00,支付宝
ORD110268,2026-07-09,S03,P12,1,8.00,支付宝
ORD112130,2026-07-21,S04,P18,1,18.00,银行卡
ORD101720,2026-05-12,S02,P06,1,42.00,微信
ORD110345,2026-07-10,S01,P14,1,10.00,微信
ORD115864,2026-08-16,S01,P15,2,12.00,现金
ORD102393,2026-05-16,S05,P11,2,52.00,微信
ORD113498,2026-07-31,S04,P19,2,30.00,银行卡
ORD116052,2026-08-17,S01,P02,2,60.00,微信
ORD116144,2026-08-17,S05,P21,3,48.00,银行卡
ORD118049,2026-08-31,S01,P15,2,12.00,现金
ORD106369,2026-06-13,S03,P19,1,15.00,会员储值
ORD115840,2026-08-15,S05,P20,1,22.00,现金
ORD106124,2026-06-11,S05,P03,2,52.00,银行卡
ORD117783,2026-08-29,S04,P19,1,15.00,微信
ORD112454,2026-07-24,S03,P14,1,10.00,会员储值
ORD104987,2026-06-03,S04,P09,3,54.00,支付宝
ORD110157,2026-07-08,S04,P12,1,8.00,会员储值
ORD100907,2026-05-07,S01,P01,1,32.00,支付宝
ORD117929,2026-08-30,S03,P07,1,22.00,现金
ORD105889,2026-06-09,S04,P16,1,5.00,会员储值
ORD110933,2026-07-13,S04,P11,1,26.00,现金
ORD116000,2026-08-16,S05,P13,2,40.00,支付宝
ORD102111,2026-05-15,S02,P06,2,84.00,会员储值
ORD117884,2026-08-30,S02,P20,1,22.00,支付宝
ORD102858,2026-05-19,S05,P20,2,44.00,现金
ORD103440,2026-05-24,S01,P01,3,96.00,会员储值
ORD112345,2026-07-23,S02,P04,1,38.00,现金
ORD108660,2026-06-28,S03,P10,1,24.00,微信
ORD111746,2026-07-19,S02,P08,2,50.00,银行卡
ORD104498,2026-05-31,S01,P09,2,36.00,现金
ORD110532,2026-07-11,S03,P07,1,22.00,支付宝
ORD106550,2026-06-14,S03,P14,1,10.00,银行卡
ORD114623,2026-08-08,S01,P03,1,26.00,银行卡
ORD117124,2026-08-24,S05,P21,1,16.00,会员储值
ORD114382,2026-08-06,S02,P03,1,26.00,支付宝
ORD100745,2026-05-05,S04,P18,2,36.00,支付宝
ORD116471,2026-08-20,S05,P08,3,75.00,现金
ORD103209,2026-05-22,S05,P18,1,18.00,支付宝
ORD111451,2026-07-17,S03,P07,1,22.00,支付宝
ORD109810,2026-07-05,S05,P16,1,5.00,会员储值
ORD105310,2026-06-05,S05,P03,1,26.00,银行卡
ORD102233,2026-05-16,S01,P11,1,26.00,支付宝
ORD107219,2026-06-19,S01,P16,1,5.00,银行卡
ORD103122,2026-05-22,S01,P01,1,32.00,微信
ORD102498,2026-05-17,S02,P20,1,22.00,现金
ORD112688,2026-07-26,S01,P12,2,16.00,银行卡
ORD117664,2026-08-29,S01,P17,1,12.00,微信
ORD100306,2026-05-02,S05,P01,1,32.00,支付宝
ORD110537,2026-07-11,S03,P09,1,18.00,微信
ORD104428,2026-05-30,S05,P19,2,30.00,银行卡
ORD111494,2026-07-17,S05,P07,1,22.00,银行卡
ORD116563,2026-08-21,S04,P14,2,20.00,微信
ORD106796,2026-06-16,S02,P06,2,84.00,会员储值
ORD100898,2026-05-06,S05,P07,1,22.00,银行卡
ORD100555,2026-05-04,S02,P05,1,34.00,会员储值
ORD100294,2026-05-02,S05,P06,1,42.00,微信
ORD101704,2026-05-12,S01,P09,1,18.00,支付宝
ORD103723,2026-05-25,S04,P09,2,36.00,微信
ORD117653,2026-08-29,S01,P21,1,16.00,现金
ORD108453,2026-06-27,S03,P07,2,44.00,会员储值
ORD106558,2026-06-14,S03,P17,1,12.00,微信
ORD109138,2026-07-01,S05,P13,1,20.00,微信
ORD100870,2026-05-06,S04,P20,1,22.00,银行卡
ORD111159,2026-07-15,S02,P05,2,68.00,微信
ORD102750,2026-05-19,S01,P12,2,16.00,会员储值
ORD109935,2026-07-06,S05,P13,2,40.00,支付宝
ORD113914,2026-08-02,S05,P02,2,60.00,支付宝
ORD100304,2026-05-02,S05,P03,2,52.00,现金
ORD115407,2026-08-13,S01,P03,1,26.00,现金
ORD103863,2026-05-26,S05,P05,1,34.00,现金
ORD111762,2026-07-19,S02,P04,1,38.00,微信
ORD105084,2026-06-04,S02,P04,2,76.00,支付宝
ORD105373,2026-06-06,S02,P04,2,76.00,会员储值
ORD101759,2026-05-15,S03,P08,1,-25.00,支付宝
ORD102802,2026-05-19,S03,P08,2,50.00,微信
ORD115833,2026-08-15,S05,P07,1,22.00,银行卡
ORD100379,2026-05-03,S02,P16,1,5.00,会员储值
ORD108375,2026-06-27,S01,P15,1,6.00,支付宝
ORD101678,2026-05-11,S05,P04,2,76.00,支付宝
ORD106334,2026-06-13,S02,P05,1,34.00,微信
ORD111452,2026-07-17,S03,P09,1,18.00,银行卡
ORD105462,2026-06-06,S04,P16,1,5.00,支付宝
ORD106654,2026-06-15,S01,P02,3,90.00,微信
ORD110350,2026-07-10,S01,P05,3,102.00,现金
ORD106219,2026-06-12,S04,P11,1,26.00,支付宝
ORD117468,2026-08-27,S04,P02,1,30.00,银行卡
ORD110948,2026-07-13,S04,P16,1,5.00,支付宝
ORD108692,2026-06-28,S04,P11,2,52.00,银行卡
ORD117590,2026-08-28,S04,P18,2,36.00,会员储值
ORD101450,2026-05-10,S03,P09,1,18.00,微信
ORD103513,2026-05-24,S03,P02,1,30.00,现金
ORD108070,2026-06-24,S04,P02,2,60.00,银行卡
ORD100871,2026-05-06,S04,P10,2,48.00,银行卡
ORD112099,2026-07-21,S03,P07,1,22.00,会员储值
ORD114305,2026-08-05,S04,P17,1,12.00,微信
ORD105386,2026-06-06,S02,P03,2,52.00,现金
ORD101272,2026-05-09,S03,P09,1,18.00,微信
ORD100160,2026-05-02,S01,P19,2,30.00,微信
ORD111544,2026-07-18,S01,P01,1,32.00,现金
ORD104972,2026-06-03,S03,P07,1,22.00,微信
ORD110121,2026-07-08,S03,P15,1,6.00,会员储值
ORD115697,2026-08-15,S02,P13,1,20.00,现金
ORD101918,2026-05-13,S04,P10,1,24.00,银行卡
ORD116109,2026-08-17,S04,P15,1,6.00,支付宝
ORD107452,2026-06-20,S04,P15,1,6.00,现金
ORD103305,2026-05-23,S02,P04,1,38.00,支付宝
ORD112723,2026-07-26,S02,P06,1,45.00,银行卡
ORD102348,2026-05-16,S04,P03,1,26.00,微信
ORD113530,2026-07-31,S05,P01,1,32.00,微信
ORD113649,2026-08-01,S03,P07,2,44.00,银行卡
ORD106777,2026-06-16,S01,P01,2,64.00,支付宝
ORD106484,2026-06-14,S01,P02,1,30.00,现金
ORD100617,2026-05-04,S04,P10,1,24.00,银行卡
ORD109813,2026-07-06,S01,P02,2,60.00,银行卡
ORD103222,2026-05-22,S05,P01,1,32.00,支付宝
ORD112474,2026-07-24,S04,P10,1,24.00,现金
ORD110892,2026-07-13,S02,P16,3,15.00,支付宝
ORD116949,2026-08-23,S04,P12,2,16.00,微信
ORD106367,2026-06-13,S03,P08,1,25.00,现金
ORD102240,2026-05-16,S01,P13,1,20.00,微信
ORD107276,2026-06-19,S04,P10,1,24.00,支付宝
ORD107285,2026-06-19,S04,P11,2,52.00,支付宝
ORD117350,2026-08-26,S04,P16,1,5.00,支付宝
ORD103013,2026-05-21,S02,P15,1,6.00,银行卡
ORD116349,2026-08-19,S05,P15,2,12.00,银行卡
ORD105507,2026-06-06,S05,P09,3,54.00,微信
ORD107131,2026-06-18,S03,P09,1,18.00,微信
ORD114539,2026-08-07,S03,P07,1,22.00,银行卡
ORD109257,2026-07-02,S04,P01,1,32.00,现金
ORD106028,2026-06-11,S01,P01,2,64.00,微信
ORD100721,2026-05-05,S03,P07,1,22.00,支付宝
ORD117917,2026-08-30,S03,P08,1,25.00,现金
ORD117059,2026-08-24,S03,P07,2,44.00,支付宝
ORD117060,2026-08-24,S03,P14,2,20.00,银行卡
ORD104944,2026-06-03,S02,P06,2,84.00,支付宝
ORD112042,2026-07-21,S01,P13,1,20.00,现金
ORD112465,2026-07-24,S04,P10,1,24.00,微信
ORD113451,2026-07-31,S02,P04,1,38.00,支付宝
ORD108679,2026-06-28,S03,P16,1,5.00,银行卡
ORD101490,2026/5/10,S04,P14,1,10.00,银行卡
ORD101050,2026-05-08,S01,P01,1,32.00,会员储值
ORD116134,2026-08-17,S05,P15,1,6.00,微信
ORD104319,2026-05-30,S02,P04,3,114.00,银行卡
ORD109005,2026-06-30,S05,P04,2,76.00,会员储值
ORD113422,2026-07-31,S01,P10,2,48.00,现金
ORD112409,2026-07-23,S05,P08,1,25.00,银行卡
ORD108560,2026-06-27,S05,P03,1,26.00,会员储值
ORD111543,2026-07-18,S01,P18,2,36.00,会员储值
ORD117224,2026-08-25,S04,P06,2,90.00,现金
ORD113188,2026-07-29,S02,P04,2,76.00,现金
ORD117211,2026-08-25,S04,P16,1,5.00,微信
ORD105874,2026-06-09,S04,P11,1,26.00,银行卡
ORD104364,2026-05-30,S03,P08,1,25.00,微信
ORD100263,2026-05-02,S04,P03,1,26.00,会员储值
ORD112845,2026-07-26,S05,P03,2,,现金
ORD105150,2026-06-04,S04,P14,1,10.00,支付宝
ORD111656,2026-07-18,S04,P10,2,48.00,银行卡
ORD101881,2026-05-13,S03,P06,1,42.00,现金
ORD104052,2026-05-28,S02,P10,1,24.00,支付宝
ORD112237,2026-07-22,S03,P07,1,22.00,会员储值
ORD115955,2026-08-16,S03,P12,1,8.00,现金
ORD102085,2026-05-15,S01,P12,1,8.00,支付宝
ORD100095,2026-05-01,S04,P10,1,24.00,微信
ORD109270,2026-07-02,S05,P09,1,18.00,微信
ORD115351,2026-08-12,S04,P21,1,16.00,微信
ORD100414,2026-05-03,S03,P03,1,26.00,会员储值
ORD101703,2026-05-12,S01,P03,1,26.00,会员储值
ORD102926,2026-05-20,S03,P09,2,36.00,支付宝
ORD110810,2026-07-12,S05,P03,3,78.00,微信
ORD111858,2026-07-19,S04,P10,2,48.00,现金
ORD104281,2026-05-30,S01,P18,1,18.00,支付宝
ORD109070,2026-07-01,S02,P06,1,45.00,支付宝
ORD115598,2026-08-14,S04,P18,2,36.00,会员储值
ORD101560,2026-05-11,S01,P12,1,8.00,支付宝
ORD109321,2026-07-03,S02,P04,1,38.00,会员储值
ORD109378,2026-07-03,S04,P11,1,26.00,微信
ORD106897,2026-06-17,S01,P01,1,32.00,微信
ORD107718,2026-06-21,S05,P07,1,,支付宝
ORD103190,2026-05-22,S04,P18,2,36.00,支付宝
ORD111480,2026-07-17,S05,P03,2,52.00,微信
ORD109462,2026-07-04,S02,P13,3,60.00,微信
ORD104749,2026-06-01,S04,P14,1,10.00,现金
ORD100353,2026-05-03,S01,P13,1,20.00,银行卡
ORD117272,2026-08-26,S01,P12,1,8.00,现金
ORD116172,2026-08-18,S03,P09,2,36.00,银行卡
ORD116028,2026-08-16,S05,P19,1,15.00,现金
ORD117019,2026-08-24,S01,P17,1,12.00,微信
ORD102765,2026-05-19,S02,P05,1,34.00,银行卡
ORD105880,2026-06-09,S04,P16,1,5.00,银行卡
ORD107257,2026-06-19,S03,P09,1,18.00,微信
ORD112136,2026-07-21,S04,P17,1,12.00,银行卡
ORD114775,2026-08-08,S05,P19,2,30.00,现金
ORD117558,2026-08-28,S02,P05,1,34.00,支付宝
ORD115256,2026-08-11,S05,P21,2,32.00,会员储值
ORD101549,2026-05-10,S05,P11,2,52.00,支付宝
ORD101120,2026-05-08,S04,P09,1,18.00,会员储值
ORD115579,2026-08-14,S03,P21,1,16.00,支付宝
ORD103831,2026-05-26,S04,P06,3,126.00,现金
ORD105381,2026-06-06,S02,P14,1,10.00,现金
ORD106317,2026-06-13,S02,P06,1,42.00,银行卡
ORD111099,2026-07-14,S05,P06,2,90.00,支付宝
ORD107356,2026-06-20,s01,P15,1,6.00,支付宝
ORD103530,2026-05-24,S03,P14,2,20.00,现金
ORD109692,2026-07-05,S02,P05,2,68.00,银行卡
ORD112211,2026-07-22,S02,P04,1,38.00,微信
ORD106159,2026-06-12,S02,P06,2,84.00,银行卡
ORD109088,2026-07-01,S03,P13,1,20.00,支付宝
ORD117680,2026-08-29,S01,P01,1,32.00,现金
ORD116681,2026-08-22,S02,P20,2,44.00,银行卡
ORD100527,2026-05-04,S01,P20,1,22.00,现金
ORD102463,2026-05-17,S02,P04,2,76.00,银行卡
ORD102041,2026-05-14,S04,P17,1,12.00,支付宝
ORD102716,2026-05-18,S05,P01,2,64.00,会员储值
ORD114721,2026-08-08,S04,P08,2,50.00,会员储值
ORD102592,2026-05-17,S05,P04,3,114.00,微信
ORD111955,2026-07-20,S03,P01,1,32.00,会员储值
ORD107116,2026-06-18,S02,P06,2,58.00,微信
ORD101479,2026-05-10,S04,P05,1,34.00,微信
ORD101841,2026-05-13,S01,P02,1,30.00,银行卡
ORD101113,2026-05-08,S04,P03,3,78.00,微信
ORD116123,2026-08-17,S05,P06,2,90.00,银行卡
ORD108252,2026-06-26,S01,P09,1,18.00,会员储值
ORD117117,2026-08-24,S05,P02,1,30.00,银行卡
ORD108670,2026-06-28,S03,P13,1,20.00,支付宝
ORD100068,2026-05-01,S03,P08,2,50.00,会员储值
ORD105200,2026-06-05,S01,P17,3,36.00,微信
ORD105994,2026-06-10,S04,P10,1,24.00,现金
ORD104597,2026-05-31,S04,P09,2,36.00,会员储值
ORD102036,2026-05-14,S04,P07,2,-44.00,会员储值
ORD116856,2026-08-23,S02,P06,1,45.00,微信
ORD116156,2026-08-18,S01,P01,2,64.00,微信
ORD112984,2026-07-27,S05,P03,2,52.00,会员储值
ORD102829,2026-05-19,S04,P10,1,24.00,支付宝
ORD106769,2026-06-16,S01,P15,3,18.00,会员储值
ORD108333,2026-06-26,S04,P15,1,6.00,会员储值
ORD109212,2026-07-02,S03,P07,1,22.00,现金
ORD112682,2026-07-26,S01,P15,1,6.00,支付宝
ORD112122,2026-07-21,S04,P12,1,8.00,现金
ORD101030,2026-05-07,S05,P09,1,18.00,现金
ORD117747,2026-08-29,S03,P08,1,25.00,微信
ORD112756,2026-07-26,S03,P04,1,38.00,会员储值
ORD105228,2026-06-05,S02,P06,1,42.00,微信
ORD110666,2026-07-12,S01,P01,2,64.00,会员储值
ORD112552,2026-07-25,S02,P05,1,34.00,银行卡
ORD101236,2026-05-09,S02,P06,1,42.00,支付宝
ORD112673,2026-07-25,S05,P03,3,78.00,微信
ORD105264,2026-06-05,S04,P20,1,22.00,银行卡
ORD105174,2026-06-04,S05,P20,1,22.00,银行卡
ORD106890,2026-06-17,S01,P01,1,32.00,银行卡
ORD116783,2026-08-22,S05,P03,2,52.00,现金
ORD101866,2026-05-13,S02,P04,2,76.00,微信
ORD105431,2026-06-06,S03,P08,2,50.00,会员储值
ORD111617,2026-07-18,S03,P09,2,36.00,现金
ORD105757,2026-06-08,S02,P17,3,36.00,会员储值
ORD115153,2026-08-11,S02,P05,3,102.00,银行卡
ORD102093,2026-05-15,S01,P12,2,16.00,银行卡
ORD101874,2026-05-13,S03,P19,1,15.00,银行卡
ORD103341,2026-05-23,S03,P09,3,54.00,现金
ORD102099,2026-05-15,S01,P15,2,12.00,微信
ORD107848,2026-06-22,S05,P06,2,84.00,会员储值
ORD102019,2026-05-14,S03,P07,1,22.00,微信
ORD115035,2026-08-10,S02,P21,1,16.00,会员储值
ORD103876,2026-05-26,S05,P17,1,12.00,会员储值
ORD111902,2026-07-20,S01,P18,2,36.00,现金
ORD115668,2026-08-15,S01,P13,1,20.00,微信
ORD103182,2026-05-22,S04,P17,1,12.00,现金
ORD109752,2026-07-05,S04,P13,1,20.00,支付宝
ORD103372,2026-05-23,S04,P15,1,6.00,支付宝
ORD108523,2026-06-27,S04,P10,1,24.00,现金
ORD106307,2026-06-13,S02,P09,3,54.00,会员储值
ORD101293,2026-05-09,S04,P11,1,26.00,微信
ORD105584,2026-06-07,S02,P06,1,42.00,支付宝
ORD114098,2026-08-04,S01,P03,1,26.00,现金
ORD108750,2026-06-28,S05,P02,2,60.00,现金
ORD115175,2026-08-11,S02,P06,-1,45.00,微信
ORD109068,2026-07-01,S02,P05,3,102.00,现金
ORD112801,2026-07-26,S04,P11,3,78.00,现金
ORD113323,2026-07-30,S02,P16,1,5.00,支付宝
ORD116625,2026-08-22,S01,P01,1,32.00,微信
ORD103519,2026-05-24,S03,P09,1,18.00,微信
ORD107657,2026-06-21,S04,P10,1,24.00,支付宝
ORD111400,2026-07-17,S01,P07,1,22.00,支付宝
ORD103597,2026-05-24,S05,P11,1,26.00,现金
ORD108653,2026-06-28,S03,P15,3,18.00,银行卡
ORD108573,2026-06-28,S01,P02,2,60.00,微信
ORD108085,2026-06-24,S04,P13,1,20.00,微信
ORD109788,2026-07-05,S05,P05,1,34.00,支付宝
ORD102275,2026-05-16,S02,P05,3,102.00,支付宝
ORD102560,2026-05-17,S04,P11,1,26.00,支付宝
ORD108787,2026-06-29,S01,P02,2,60.00,银行卡
ORD117231,2026-08-25,S05,P06,2,90.00,银行卡
ORD102647,2026-05-18,S02,P06,2,84.00,支付宝
ORD117265,2026-08-26,S01,P21,3,48.00,银行卡
ORD117073,2026-08-24,S03,P21,1,16.00,支付宝
ORD111680,2026-07-18,S05,P20,2,44.00,银行卡
ORD108242,2026-06-26,S01,P16,1,5.00,银行卡
ORD114829,2026-08-09,S01,P02,1,30.00,银行卡
ORD111973,20-07-2026,S03,P01,1,32.00,微信
ORD110862,2026-07-13,S01,P11,2,52.00,会员储值
ORD107384,2026-06-20,S02,P04,1,38.00,银行卡
ORD113917,2026-08-02,S05,P10,3,72.00,银行卡
ORD111901,2026-07-20,S01,P01,2,64.00,支付宝
ORD106688,2026-06-15,S02,P15,1,,会员储值
ORD117970,2026-08-30,S04,P10,2,48.00,会员储值
ORD113070,2026-07-28,S03,P07,1,22.00,银行卡
ORD104381,2026-05-30,S03,P05,1,34.00,银行卡
ORD113788,2026-08-02,S02,P04,1,38.00,现金
ORD116903,2026-08-23,S03,P21,3,48.00,微信
ORD101713,2026-05-12,S02,P13,2,40.00,会员储值
ORD117560,2026-08-28,S02,P21,1,16.00,会员储值
ORD107042,2026-06-18,S02,P04,1,38.00,微信
ORD111543,2026-07-18,S01,P18,2,36.00,会员储值
ORD101887,2026-05-13,S03,P15,1,6.00,现金
ORD100972,2026-05-07,S03,P07,1,22.00,微信
ORD101696,2026-05-12,S01,P19,2,30.00,银行卡
ORD117754,2026-08-29,S03,P09,1,18.00,银行卡
ORD107869,2026-06-23,S01,P12,1,8.00,现金
ORD117423,2026-08-27,S02,P04,1,38.00,会员储值
ORD103993,2026-05-27,S05,P14,1,10.00,银行卡
ORD116885,2026-08-23,S03,P15,1,6.00,银行卡
ORD114633,2026-08-08,S02,P05,2,68.00,现金
ORD103917,2026-05-27,S02,P04,1,38.00,微信
ORD100343,2026-05-03,S01,P03,2,52.00,会员储值
ORD115962,2026-08-16,S04,P14,1,10.00,银行卡
ORD114286,2026-08-05,S04,P10,2,48.00,微信
ORD102562,2026-05-17,S04,P11,1,26.00,现金
ORD111121,2026-07-15,S01,P04,2,76.00,支付宝
ORD104451,2026-05-30,S05,P01,1,32.00,现金
ORD107540,2026-06-21,S01,P09,1,18.00,微信
ORD102058,2026-13-45,S05,P05,1,34.00,现金
ORD100841,2026-05-06,S03,P09,2,36.00,微信
ORD105906,2026-06-09,S05,P07,2,44.00,微信
ORD106748,2026-06-15,S05,P20,1,22.00,微信
ORD100960,2026-05-07,S03,P02,1,30.00,会员储值
ORD114267,2026-08-05,S03,P12,2,16.00,支付宝
ORD109416,2026-07-03,S05,P06,2,90.00,支付宝
ORD106121,2026-06-11,S05,P02,2,60.00,银行卡
ORD116660,2026-08-22,S02,P06,2,90.00,现金
ORD108665,2026-06-28,S03,P09,3,54.00,会员储值
ORD110184,2026-07-08,S05,P10,1,24.00,会员储值
ORD100659,2026-05-05,S01,P18,2,36.00,微信
ORD104820,2026-06-02,S02,P05,2,68.00,现金
ORD106592,2026-06-14,S04,P10,1,24.00,银行卡
ORD110415,2026-07-10,S04,P16,1,5.00,现金
ORD117313,2026-08-26,S03,P17,1,12.00,微信
ORD101348,2026-05-09,S05,P03,1,26.00,微信
ORD109655,2026-07-05,S01,P16,1,5.00,现金
ORD108485,2026-06-27,S04,P11,3,78.00,现金
ORD112079,2026-07-21,S02,P04,1,38.00,支付宝
ORD103121,2026-05-22,S01,P01,2,64.00,微信
ORD110315,2026-07-09,S05,P08,1,25.00,支付宝
ORD116030,2026-08-16,S05,P01,1,32.00,银行卡
ORD115749,2026-08-15,S03,P13,1,20.00,现金
ORD104539,2026-05-31,S02,P04,3,114.00,微信
ORD101961,2026-05-14,S01,P02,2,60.00,银行卡
ORD116325,2026-08-19,S04,P10,1,24.00,会员储值
ORD103132,2026-05-22,S02,P06,2,84.00,支付宝
ORD109894,2026-07-06,S04,P07,1,22.00,银行卡
ORD101039,2026-05-08,S01,P12,1,8.00,支付宝
ORD105355,2026-06-06,S02,P15,1,6.00,现金
ORD100549,2026-05-04,S01,P03,1,26.00,微信
ORD115145,2026-08-11,S01,P01,1,32.00,微信
ORD108718,2026-06-28,S04,P10,3,72.00,现金
ORD115673,2026-08-15,S01,P01,1,32.00,微信
ORD111295,2026-07-16,S03,P10,2,48.00,银行卡
ORD107044,2026-06-18,S02,P12,1,8.00,会员储值
ORD104945,2026-06-03,S02,P15,3,18.00,现金
ORD116785,2026-08-22,S05,P06,1,45.00,会员储值
ORD107058,2026-06-18,S02,P03,1,26.00,现金
ORD101963,2026-05-14,S01,P12,2,,会员储值
ORD107982,2026-06-24,S01,P03,2,52.00,现金
ORD117925,2026-08-30,S03,P21,1,16.00,支付宝
ORD114276,2026-08-05,S03,P02,1,30.00,会员储值
ORD101509,2026-05-10,S04,P16,2,10.00,支付宝
ORD106504,2026-06-14,S02,P06,2,84.00,会员储值
ORD103390,2026-05-23,S05,P18,2,36.00,会员储值
ORD103477,2026-05-24,S02,P05,1,34.00,会员储值
ORD116404,2026-08-20,S03,P09,1,18.00,会员储值
ORD113060,2026-07-28,S03,P02,1,30.00,支付宝
ORD112554,2026-07-25,S02,P03,1,26.00,会员储值
ORD116350,2026-08-19,S05,P20,1,22.00,会员储值
ORD117924,2026-08-30,S03,P21,1,16.00,现金
ORD100347,2026-05-03,S01,P02,1,30.00,现金
ORD115297,2026-08-12,S02,P17,1,12.00,会员储值
ORD101865,2026-05-13,S02,P05,2,68.00,现金
ORD107413,2026-06-20,S03,P16,1,5.00,银行卡
ORD104028,2026-05-28,S01,P15,1,6.00,微信
ORD112300,2026-07-23,S01,P16,1,5.00,会员储值
ORD113827,2026-08-02,S03,P21,1,16.00,微信
ORD112733,2026-07-26,S02,P06,1,45.00,微信
ORD102566,2026-05-17,S04,P11,1,26.00,会员储值
ORD100626,2026-05-04,S04,P18,1,18.00,微信
ORD108861,2026-06-29,S04,P10,3,72.00,微信
ORD110522,2026-07-11,S02,P12,1,8.00,微信
ORD114095,2026-08-04,S01,P03,3,,现金
ORD107696,2026-06-21,S05,P01,1,32.00,会员储值
ORD110988,2026-07-14,S01,P09,1,,会员储值
ORD114744,2026-08-08,S04,P10,1,24.00,银行卡
ORD106274,2026-06-13,S01,P12,3,24.00,支付宝
ORD113225,2026-07-29,S04,P10,1,24.00,微信
ORD102474,2026-05-17,S02,P08,1,25.00,会员储值
ORD107951,2026-06-23,S04,P03,1,26.00,支付宝
ORD100179,2026-05-02,S02,P04,1,38.00,支付宝
ORD102157,2026-05-15,S03,P12,2,16.00,支付宝
ORD111047,2026-07-14,S03,P09,2,36.00,现金
ORD116290,2026-08-19,S03,P20,1,22.00,现金
ORD101212,2026-05-09,S02,P05,1,34.00,支付宝
ORD112666,2026-07-25,S05,P19,1,15.00,支付宝
ORD103964,2026-05-27,S04,P17,1,12.00,现金
ORD105618,2026-06-07,S03,P07,1,22.00,银行卡
ORD106922,2026-06-17,S02,P04,1,38.00,会员储值
ORD105172,2026-06-04,S05,P16,2,10.00,银行卡
ORD111224,2026-07-15,S05,P03,2,52.00,现金
ORD114958,2026-08-09,S05,P07,1,22.00,微信
ORD116789,2026-08-22,S05,P07,1,,现金
ORD105133,2026-06-04,S04,P11,1,26.00,微信
ORD108697,2026-06-28,S04,P10,2,48.00,现金
ORD103879,2026-05-27,S01,P01,1,32.00,现金
ORD107832,2026-06-22,S05,P20,1,22.00,会员储值
ORD100131,2026-05-02,S01,P20,1,22.00,支付宝
ORD112702,2026-07-26,S01,P12,1,8.00,微信
ORD107034,2026-06-18,S01,P03,2,52.00,会员储值
ORD109841,2026-07-06,S02,P06,2,90.00,银行卡
ORD108366,2026-06-27,S01,P12,1,8.00,微信
ORD114756,2026-08-08,S05,P16,1,5.00,现金
ORD108763,2026-06-28,S05,P02,1,30.00,银行卡
ORD116727,2026-08-22,S04,P10,2,48.00,会员储值
ORD101777,2026-05-12,S04,P08,1,25.00,微信
ORD107957,2026-06-23,S05,P04,1,38.00,微信
ORD108773,2026-06-29,S01,P01,1,32.00,现金
ORD102526,2026-05-17,S03,P07,1,22.00,支付宝
ORD108526,2026-06-27,S05,P01,3,96.00,银行卡
ORD112059,2026-07-21,S02,P13,1,20.00,现金
ORD103146,2026-05-22,S02,P04,1,38.00,银行卡
ORD116816,2026-08-23,S01,P21,1,16.00,会员储值
ORD110222,2026-07-09,S01,P02,1,30.00,现金
ORD109475,2026-07-04,S02,P99,2,68.00,支付宝
ORD109174,2026-07-02,S01,P02,1,30.00,现金
ORD109657,2026-07-05,S01,P01,1,32.00,支付宝
ORD111319,2026-07-16,S04,P16,2,10.00,现金
ORD106649,2026-06-15,S01,P02,1,30.00,现金
ORD105899,2026-06-09,S05,P09,1,18.00,支付宝
ORD108087,2026-06-24,S05,P20,3,66.00,支付宝
ORD107128,2026-06-18,S03,P20,2,44.00,支付宝
ORD114946,2026-08-09,S04,P13,1,20.00,现金
ORD105644,2026-06-07,S04,P03,1,26.00,支付宝
ORD108693,2026-06-28,S04,P10,3,72.00,支付宝
ORD116751,2026-08-22,S04,P13,2,40.00,现金
ORD102272,2026-05-16,S02,P13,1,20.00,支付宝
ORD115692,2026-08-15,S02,P05,1,34.00,银行卡
ORD110106,2026-07-08,S02,P19,3,45.00,银行卡
ORD106642,2026-06-14,S05,P07,1,22.00,银行卡
ORD105068,2026-06-04,S01,P13,1,20.00,微信
ORD117009,2026-08-24,S01,P15,2,12.00,支付宝
ORD116598,2026-08-21,S05,P08,2,50.00,会员储值
ORD109024,2026-06-30,S05,P16,1,5.00,支付宝
ORD100110,2026-05-01,S05,P13,3,60.00,现金
ORD115531,2026-08-14,S01,P03,1,26.00,会员储值
ORD101886,2026-05-13,S03,P02,2,60.00,现金
ORD105550,2026-06-07,S01,P15,1,6.00,现金
ORD100367,2026-05-03,S01,P10,2,48.00,微信
ORD113546,2026-08-01,S01,P12,1,8.00,微信
ORD110748,2026-07-12,S03,P13,3,60.00,支付宝
ORD112716,2026-07-26,S02,P17,2,24.00,银行卡
ORD102944,2026-05-20,S04,P11,3,78.00,银行卡
ORD105622,2026-06-07,S03,P05,1,34.00,现金
ORD101356,2026-05-09,S05,P03,2,52.00,微信
ORD107453,2026-06-20,S04,P13,2,40.00,银行卡
ORD116818,2026-08-23,S01,P16,1,5.00,现金
ORD108021,2026-06-24,S02,P13,2,40.00,微信
ORD106394,2026-06-13,S04,P17,1,12.00,支付宝
ORD103065,2026-05-21,S04,P06,2,84.00,会员储值
ORD111545,2026-07-18,S01,P01,1,32.00,银行卡
ORD116906,2026-08-23,S03,P21,2,32.00,银行卡
ORD117821,2026-08-30,S05,P02,1,-30.00,现金
ORD110602,2026-07-11,S04,P06,1,45.00,微信
ORD105251,2026-06-05,S03,P12,1,8.00,微信
ORD105598,2026-06-07,S03,P04,2,76.00,支付宝
ORD106113,2026-06-11,S05,P16,2,10.00,会员储值
ORD106989,2026-06-17,S05,P07,1,22.00,现金
ORD102104,2026-05-15,S01,P18,1,18.00,支付宝
ORD116208,2026-08-18,S04,P03,2,52.00,支付宝
ORD116930,2026-08-23,S04,P10,2,48.00,微信
ORD111426,2026-07-17,S02,P06,1,45.00,微信
ORD110533,2026-07-11,S03,P13,1,20.00,银行卡
ORD110417,2026-07-10,S04,P14,1,10.00,支付宝
ORD105047,2026-06-04,S01,P04,1,38.00,微信
ORD110047,2026-07-07,S05,P19,1,15.00,支付宝
ORD112599,2026-07-25,S03,P14,1,10.00,微信
ORD107841,2026-06-22,S05,P01,1,32.00,现金
ORD112986,2026-07-27,S05,P05,1,34.00,银行卡
ORD111118,2026-07-15,S01,P06,2,90.00,会员储值
ORD116376,2026-08-20,S01,P21,2,32.00,会员储值
ORD104409,2026-05-30,S04,P10,1,24.00,现金
ORD107252,2026-06-19,S03,P07,1,22.00,现金
ORD102177,2026-05-15,S04,P11,2,52.00,支付宝
ORD103528,2026-05-24,S03,P18,1,18.00,银行卡
ORD115985,2026-08-16,S04,P15,1,6.00,会员储值
ORD106598,2026-06-14,S04,P10,1,24.00,现金
ORD106432,2026-06-13,S05,P05,1,34.00,会员储值
ORD112492,2026-07-25,S01,P01,3,96.00,支付宝
ORD116981,2026-08-23,S05,P15,1,6.00,会员储值
ORD111648,2026-07-18,S04,P12,2,16.00,会员储值
ORD103187,2026-05-22,S04,P03,1,26.00,现金
ORD110527,2026-07-11,S02,P06,3,135.00,现金
ORD117226,2026-08-25,S04,P10,2,48.00,现金
ORD106190,2026-06-12,S03,P16,3,15.00,现金
ORD108194,2026-06-25,S04,P15,1,6.00,微信
ORD114165,2026-08-04,S04,P11,2,52.00,会员储值
ORD100595,2026-05-04,S03,P09,1,18.00,微信
ORD106032,2026-06-11,S01,P12,1,8.00,微信
ORD117360,2026-08-26,S04,P07,3,66.00,现金
ORD117424,2026-08-27,S02,P06,2,90.00,微信
ORD116663,2026-08-22,S02,P04,1,38.00,银行卡
ORD104361,2026-05-30,S03,P08,1,25.00,银行卡
ORD102990,2026-05-21,S01,P15,2,12.00,会员储值
ORD109276,2026-07-02,S05,P03,1,26.00,银行卡
ORD106676,2026-06-15,S02,P04,1,38.00,微信
ORD112635,2026-07-25,S04,P10,1,24.00,银行卡
ORD104747,2026-06-01,S04,P10,1,24.00,微信
ORD107091,2026-06-18,S02,P06,3,87.00,银行卡
ORD115100,2026-08-10,S05,P05,2,68.00,银行卡
ORD103406,2026-05-23,S05,P10,1,24.00,现金
ORD116845,2026-08-23,S02,P06,1,45.00,微信
ORD101445,2026-05-10,S03,P08,2,50.00,微信
ORD109073,2026-07-01,S02,P06,1,45.00,微信
ORD117317,2026-08-26,S03,P09,1,18.00,微信
ORD100319,2026-05-02,S05,P19,1,15.00,会员储值
ORD101690,2026-05-12,S01,P02,1,30.00,会员储值
ORD104444,2026-05-30,S05,P09,1,18.00,会员储值
ORD109850,2026-07-06,S02,P05,3,102.00,银行卡
ORD113601,2026-08-01,S02,P21,2,32.00,银行卡
ORD111987,2026-07-20,S04,P11,2,52.00,银行卡
ORD107774,2026-06-22,S02,P06,1,42.00,支付宝
ORD118157,2026-08-31,S05,P18,1,18.00,银行卡
ORD109148,2026-07-01,S05,P11,2,52.00,现金
ORD112008,2026-07-20,S05,P02,1,30.00,微信
ORD116410,2026-08-20,S03,P20,1,22.00,银行卡
ORD114269,2026-08-05,S03,P07,3,66.00,银行卡
ORD107562,2026-06-21,S01,P01,3,96.00,会员储值
ORD100329,2026-05-03,S01,P01,2,64.00,支付宝
ORD117565,2026-08-28,S03,P09,1,18.00,现金
ORD112700,2026-07-26,S01,P01,1,32.00,支付宝
ORD103263,2026-05-23,S01,P13,1,20.00,微信
ORD116300,2026-08-19,S03,P08,1,25.00,会员储值
ORD100185,2026-05-02,S02,P06,2,84.00,银行卡
ORD112504,2026-07-25,S01,P02,1,30.00,支付宝
ORD116624,2026-08-22,S01,P03,2,52.00,微信
ORD113747,2026-08-02,S01,P12,1,8.00,支付宝
ORD116033,2026-08-19,S05,P03,1,-26.00,支付宝
ORD102518,2026-05-17,S03,P07,2,44.00,现金
ORD109686,2026-07-05,S02,P18,1,18.00,会员储值
ORD102519,2026-05-17,S03,P08,1,25.00,支付宝
ORD110762,2026-07-12,S04,P17,1,12.00,现金
ORD111520,2026-07-18,S01,P01,2,64.00,现金
ORD106545,2026-06-14,S03,P18,1,18.00,支付宝
ORD104076,2026-05-28,S03,P08,2,50.00,支付宝
ORD104676,2026-06-04,S01,P13,1,-20.00,支付宝
ORD110591,2026-07-11,S04,P09,2,36.00,微信
ORD107353,2026-06-20,S01,P02,1,30.00,银行卡
ORD103864,2026-05-26,S05,P05,2,68.00,微信
ORD114120,2026/8/4,S02,P16,2,10.00,会员储值
ORD106853,2026-06-18,S04,P05,1,-34.00,微信
ORD104732,2026-06-01,S03,P02,1,30.00,微信
ORD107441,2026-06-20,S03,P07,1,22.00,支付宝
ORD103460,2026-05-24,S01,P16,1,5.00,会员储值
ORD114132,2026-08-04,S03,P05,3,102.00,现金
ORD102325,2026-05-16,S03,P02,1,30.00,现金
ORD107420,2026-06-20,S03,P07,3,66.00,银行卡
ORD102432,2026-05-17,S01,P13,1,20.00,会员储值
ORD102385,2026-05-16,S05,P20,3,66.00,微信
ORD102060,2026-05-14,S05,P14,2,20.00,现金
ORD108400,2026-06-27,S01,P19,1,15.00,现金
ORD106314,2026-06-13,S02,P06,1,42.00,会员储值
ORD101576,2026-05-11,S01,P01,2,64.00,会员储值
ORD103915,2026-05-27,S02,P13,2,40.00,支付宝
ORD111436,2026-07-17,S03,P12,1,8.00,支付宝
ORD100791,2026-05-06,S01,P18,2,36.00,支付宝
ORD103035,2026-05-21,S03,P01,2,64.00,会员储值
ORD102898,2026-05-20,S02,P06,2,84.00,微信
ORD112786,2026-07-26,S03,P08,1,25.00,会员储值
ORD111936,2026-07-20,S02,P06,1,45.00,会员储值
ORD114385,2026-08-06,S02,P05,3,102.00,微信
ORD103124,2026-05-22,S01,P14,2,20.00,现金
ORD104485,2026-05-31,S01,P19,1,15.00,现金
ORD117306,2026-08-26,S02,P18,1,18.00,银行卡
ORD108430,2026-06-27,S02,P06,2,84.00,银行卡
ORD116990,2026-08-23,S05,P04,3,114.00,会员储值
ORD106360,2026-06-13,S03,P09,1,18.00,微信
ORD107814,2026-06-22,S04,P03,1,26.00,银行卡
ORD109273,2026-07-02,S05,P20,1,22.00,支付宝
ORD112745,2026-07-26,S02,P06,1,45.00,支付宝
ORD106331,2026-06-13,S02,P06,1,42.00,银行卡
ORD102480,2026-05-17,S02,P06,1,42.00,银行卡
ORD111554,2026-07-18,S02,P04,2,76.00,微信
ORD105193,2026-06-05,S01,P02,2,60.00,现金
ORD103454,2026-05-24,S01,P01,1,32.00,现金
ORD117603,2026-08-28,S04,P10,2,48.00,支付宝
ORD107281,2026-06-19,S04,P09,1,18.00,微信
ORD116224,2026-08-18,S04,P12,1,8.00,会员储值
ORD108990,2026-06-30,S04,P11,1,26.00,微信
ORD106447,2026-06-13,S05,P06,3,126.00,会员储值
ORD118074,2026-08-31,S02,P21,1,16.00,银行卡
ORD108282,2026-06-26,S02,P06,1,42.00,支付宝
ORD103658,2026-05-25,S02,P05,1,34.00,支付宝
ORD108341,2026-06-26,S05,P20,1,22.00,微信
ORD107807,2026-06-22,S04,P11,1,26.00,现金
ORD108780,2026-06-29,S01,P02,2,60.00,支付宝
ORD105835,2026-06-09,S01,P02,1,30.00,会员储值
ORD115188,2026-08-11,S03,P08,1,25.00,现金
ORD105506,2026-06-06,S05,P11,2,52.00,会员储值
ORD111489,2026-07-17,S05,P12,2,16.00,会员储值
ORD104800,2026-06-02,S01,P02,2,60.00,现金
ORD114121,2026-08-04,S02,P15,1,6.00,微信
ORD108980,2026-06-30,S04,P18,1,18.00,银行卡
ORD100071,2026-05-01,S03,P12,1,8.00,支付宝
ORD113779,2026-08-02,S02,P04,1,38.00,现金
ORD104026,2026-05-28,S01,P14,1,10.00,现金
ORD102616,2026-05-18,S01,P07,1,,银行卡
ORD117421,2026-08-27,S02,P03,3,78.00,现金
ORD107701,2026-06-22,S05,P01,2,-64.00,现金
ORD104146,2026-05-29,S01,P02,2,60.00,会员储值
ORD113382,2026-07-30,S05,P01,1,32.00,会员储值
ORD100899,06-05-2026,S05,P06,1,42.00,微信
ORD111557,2026-07-18,S02,P03,1,26.00,会员储值
ORD104244,2026-05-29,S04,P19,2,30.00,微信
ORD109553,2026-07-04,S04,P10,1,24.00,会员储值
ORD115438,2026-08-13,S03,P01,2,64.00,现金
ORD117351,2026-08-26,S04,P10,2,48.00,银行卡
ORD111093,2026-07-14,S05,P04,1,38.00,现金
ORD105892,2026-06-09,S04,P10,1,24.00,支付宝
ORD112330,2026-07-23,S02,P16,1,5.00,微信
ORD109899,2026-07-06,S04,P03,1,26.00,会员储值
ORD107675,2026-06-21,S04,P18,2,36.00,支付宝
ORD100571,2026-05-04,S02,P15,1,6.00,会员储值
ORD108014,2026-06-24,S02,P06,2,84.00,微信
ORD105263,2026-06-05,S04,P13,1,20.00,支付宝
ORD106153,2026-06-12,S01,P02,1,30.00,支付宝
ORD113934,2026-08-02,S05,P01,1,32.00,会员储值
ORD107476,2026-06-20,S04,P18,2,36.00,会员储值
ORD102837,2026-05-19,S05,P18,1,18.00,支付宝
ORD110568,2026-07-11,S03,P07,1,22.00,微信
ORD113212,2026-07-29,S03,P09,1,18.00,支付宝
ORD100643,2026-05-04,S05,P04,2,76.00,支付宝
ORD100420,2026-05-03,S03,P09,1,18.00,会员储值
ORD103104,2026-05-21,S05,P19,1,15.00,会员储值
ORD109090,2026-07-01,S03,P08,1,25.00,现金
ORD101668,2026-05-11,S05,P13,1,20.00,会员储值
ORD115942,2026-08-16,S03,P08,3,75.00,会员储值
ORD104784,2026-06-01,S05,P09,1,18.00,支付宝
ORD106844,2026-06-16,S04,P11,1,26.00,微信
ORD117173,2026-08-25,S02,P03,2,52.00,支付宝
ORD104876,2026-06-02,S04,P11,2,52.00,现金
ORD117909,2026-08-30,S02,P06,1,45.00,会员储值
ORD106666,2026-06-15,S01,P13,1,20.00,会员储值
ORD106176,2026-06-12,S02,P19,1,15.00,现金
ORD111315,2026-07-16,S03,P06,1,45.00,支付宝
ORD106970,2026/6/17,S04,P09,-2,18.00,微信
ORD103901,2026-05-27,S01,P02,3,90.00,微信
ORD110020,2026-07-07,S04,P14,2,20.00,银行卡
ORD110372,2026-07-10,S02,P09,2,36.00,会员储值
ORD105171,2026-06-04,S05,P04,2,76.00,微信
ORD102924,2026-05-20,S03,P14,3,30.00,会员储值
ORD110817,2026-07-12,S05,P09,1,18.00,银行卡
ORD106630,2026-06-14,S05,P19,2,30.00,支付宝
ORD107883,2026-06-23,S02,P18,2,36.00,会员储值
ORD108843,2026-06-29,S04,P15,1,6.00,现金
ORD108869,2026-06-29,S05,P20,2,44.00,微信
ORD112629,2026-07-25,S04,P17,1,12.00,微信
ORD110098,2026-07-08,S02,P05,3,102.00,微信
ORD103359,2026-05-23,S04,P16,1,5.00,支付宝
ORD112480,2026-07-24,S05,P09,1,18.00,银行卡
ORD105952,2026-06-10,S02,P04,1,38.00,微信
ORD100627,2026-05-04,S04,P19,2,30.00,银行卡
ORD111673,2026-07-18,S05,P19,1,15.00,微信
ORD105151,2026-06-04,S04,P03,1,26.00,支付宝
ORD117888,2026-08-30,S02,P05,1,34.00,银行卡
ORD108437,2026-06-27,S02,P01,1,32.00,银行卡
ORD116561,2026-08-21,S04,P10,3,72.00,会员储值
ORD100739,2026-05-05,S04,P11,3,78.00,现金
ORD101573,2026-05-11,S01,P10,2,48.00,银行卡
ORD115753,2026-08-15,S03,P11,1,26.00,会员储值
ORD106050,2026-06-11,S02,P15,1,6.00,微信
ORD106991,2026-06-17,S05,P14,3,30.00,微信
ORD106522,2026-06-14,S02,P17,3,36.00,现金
ORD104191,2026-05-29,S02,P10,2,48.00,银行卡
ORD107174,2026-06-18,S05,P15,2,12.00,微信
ORD100478,2026-05-03,S04,P17,1,12.00,微信
ORD104270,2026-05-29,S05,P01,1,32.00,现金
ORD105423,2026-06-06,S03,P10,3,72.00,支付宝
ORD110607,2026-07-11,S04,P11,1,26.00,现金
ORD107280,2026-06-19,S04,P10,1,24.00,现金
ORD110515,2026-07-11,S02,P13,2,40.00,银行卡
ORD109006,2026-06-30,S05,P04,1,38.00,会员储值
ORD100498,2026-05-03,S05,P01,1,32.00,会员储值
ORD103181,2026-05-22,S04,P17,1,12.00,现金
ORD105747,2026-06-08,S02,P06,1,42.00,现金
ORD101359,2026-05-09,S05,P20,1,22.00,会员储值
ORD116029,2026-08-16,S05,P11,2,52.00,现金
ORD114301,2026-08-05,S04,P16,1,5.00,会员储值
ORD113004,2026-07-27,S05,P07,2,44.00,微信
ORD106247,2026-06-12,S05,P08,1,25.00,会员储值
ORD110520,2026-07-11,S02,P12,1,8.00,现金
ORD113916,2026-08-02,S05,P20,1,22.00,支付宝
ORD118018,2026-08-30,S05,P05,2,68.00,支付宝
ORD111060,2026-07-14,S04,P11,2,52.00,支付宝
ORD101543,2026-05-10,S05,P10,2,48.00,银行卡
ORD115922,2026-08-16,S03,P07,2,44.00,会员储值
ORD110942,2026-07-13,S04,P01,2,64.00,支付宝
ORD116716,2026-08-22,S03,P21,2,32.00,微信
ORD110100,2026-07-08,S02,P05,3,102.00,会员储值
ORD115897,2026-08-16,S02,P04,3,114.00,现金
ORD113878,2026-08-02,S04,P21,1,16.00,微信
ORD105333,2026-06-06,S01,P03,3,78.00,银行卡
ORD103770,2026-05-26,S01,P02,1,30.00,银行卡
ORD115381,2026-08-12,S05,P03,2,52.00,现金
ORD106929,2026-06-17,S02,P04,2,76.00,支付宝
ORD108438,2026-06-27,S02,P18,2,36.00,现金
ORD116656,2026-08-22,S02,P17,2,24.00,微信
ORD115839,2026-08-15,S05,P15,1,6.00,微信
ORD103386,2026-05-23,S04,P13,1,20.00,会员储值
ORD113986,2026-08-03,S02,P13,1,20.00,支付宝
ORD106718,2026-06-15,S04,P19,1,15.00,微信
ORD118097,2026-08-31,S03,P20,1,22.00,会员储值
ORD116462,2026-08-20,S05,P21,1,16.00,支付宝
ORD100211,2026-05-02,S03,P07,3,66.00,会员储值
ORD101388,2026-05-10,S01,P11,1,26.00,现金
ORD108890,2026-06-29,S05,P13,2,40.00,会员储值
ORD115380,2026-08-12,S05,P09,2,36.00,会员储值
ORD114145,2026-08-04,S03,P07,3,66.00,现金
ORD103848,2026-05-26,S04,P17,1,12.00,支付宝
ORD108632,2026-06-28,S02,P06,1,42.00,银行卡
ORD108225,2026-06-25,S05,P19,1,15.00,支付宝
ORD104815,2026-06-02,S02,P13,1,20.00,会员储值
ORD109951,2026-07-07,S01,P01,3,96.00,银行卡
ORD113298,2026-07-30,S01,P12,1,8.00,支付宝
ORD108772,2026-06-29,S01,P02,1,30.00,微信
ORD110124,2026-07-08,S03,P09,1,18.00,银行卡
ORD115993,2026-08-16,S04,P19,1,15.00,银行卡
ORD116581,2026-08-21,S05,P03,1,26.00,会员储值
ORD101414,2026-05-10,S02,P04,1,38.00,会员储值
ORD115266,2026-08-12,S01,P02,1,30.00,会员储值
ORD111593,2026-07-18,S03,P18,3,54.00,微信
ORD109299,2026-07-03,S01,P14,1,10.00,会员储值
ORD103200,2026-05-22,S04,P10,2,48.00,支付宝
ORD103516,2026-05-24,S03,P18,3,54.00,会员储值
ORD112765,2026-07-26,S03,P07,1,22.00,微信
ORD111657,2026-07-18,S04,P10,2,48.00,微信
ORD113249,2026-07-29,S05,P03,1,26.00,支付宝
ORD116427,2026-08-20,S04,P21,2,32.00,银行卡
ORD116980,2026/8/23,S05,P06,2,90.00,现金
ORD113226,2026-07-29,S04,P18,1,18.00,会员储值
ORD113551,2026-08-01,S01,P11,2,52.00,支付宝
ORD107177,2026-06-18,S05,P06,1,42.00,现金
ORD110658,2026-07-12,S01,P02,2,60.00,会员储值
ORD111373,2026-07-16,S05,P15,1,6.00,银行卡
ORD117044,2026-08-24,S02,P21,2,32.00,银行卡
ORD112144,2026-07-21,S05,P18,3,54.00,现金
ORD112428,2026-07-23,S05,P08,1,25.00,支付宝
ORD101708,2026-05-12,S01,P01,1,32.00,支付宝
ORD100062,2026-05-01,S03,P04,1,38.00,微信
ORD111126,2026-07-15,S01,P10,1,24.00,会员储值
ORD114181,2026-08-04,S05,P01,1,32.00,微信
ORD102656,2026-05-18,S02,P04,3,114.00,现金
ORD104563,2026-05-31,S03,P17,1,12.00,现金
ORD112344,2026-07-23,S02,P06,1,45.00,银行卡
ORD117484,2026-08-27,S04,P21,1,16.00,会员储值
ORD106820,2026-06-16,S03,P09,1,18.00,支付宝
ORD115655,2026-08-15,S01,P15,1,6.00,会员储值
ORD117132,2026-08-25,s01,P21,2,32.00,支付宝
ORD116005,2026-08-16,S05,P02,3,90.00,银行卡
ORD110939,2026-07-13,S04,P11,3,78.00,会员储值
ORD113833,2026-08-02,S03,P09,1,18.00,现金
ORD113614,2026-08-01,S02,P20,2,44.00,支付宝
ORD101767,2026-05-12,S04,P03,1,26.00,会员储值
ORD116273,2026-08-19,S01,P02,1,30.00,银行卡
ORD118102,2026-08-31,S03,P07,1,22.00,现金
ORD110105,2026-07-08,S02,P20,3,66.00,会员储值
ORD106287,2026-06-13,S01,P03,3,78.00,微信
ORD107775,2026-06-22,S03,P18,3,54.00,微信
ORD117989,2026-08-30,S04,P09,1,18.00,会员储值
ORD102347,2026-05-16,S04,P10,1,24.00,银行卡
ORD117820,2026-08-29,S05,P05,1,34.00,支付宝
ORD101312,2026-05-09,S04,P12,1,8.00,支付宝
ORD114590,2026-08-07,S05,P06,1,45.00,会员储值
ORD111278,2026-07-16,S02,P06,2,90.00,微信
ORD104607,2026-05-31,S04,P11,2,52.00,会员储值
ORD104259,2026-05-29,S05,P20,1,22.00,会员储值
ORD111023,2026-07-14,S02,P04,2,76.00,微信
ORD110097,2026-07-08,S02,P06,1,45.00,会员储值
ORD115616,2026-08-14,S04,P12,1,8.00,现金
ORD104745,2026-06-01,S04,P03,3,78.00,支付宝
ORD100827,2026-05-06,S02,P06,1,42.00,现金
ORD112009,2026-07-20,S05,P01,1,32.00,微信
ORD101524,2026-05-10,S05,P01,1,32.00,支付宝
ORD104185,2026-05-29,S02,P04,2,76.00,微信
ORD111640,2026-07-18,S04,P18,3,54.00,微信
ORD102109,2026-05-15,S02,P12,1,8.00,现金
ORD104592,2026-05-31,S04,P10,1,24.00,支付宝
ORD116757,2026-08-22,S04,P10,3,72.00,微信
ORD114761,2026-08-08,S05,P06,1,45.00,银行卡
ORD105907,2026-06-09,S05,P18,1,18.00,现金
ORD109046,2026-07-01,S01,P14,2,20.00,会员储值
ORD103649,2026-05-25,S01,P01,1,32.00,会员储值
ORD107767,2026-06-22,S02,P04,3,114.00,支付宝
ORD113872,2026-08-02,S04,P07,1,22.00,银行卡
ORD106711,2026-06-15,S03,P15,1,6.00,微信
ORD102210,2026-05-15,S05,P04,1,38.00,银行卡
ORD115080,2026-08-10,S04,P12,1,8.00,微信
ORD106457,2026-06-14,S01,P03,1,26.00,银行卡
ORD106489,2026-06-14,S01,P12,1,8.00,会员储值
ORD104060,2026-05-28,S02,P17,3,36.00,微信
ORD107144,2026-06-18,S03,P11,3,78.00,现金
ORD104114,2026-05-28,S04,P03,1,26.00,银行卡
ORD103011,2026-05-21,S02,P03,1,26.00,现金
ORD108657,2026-06-28,S03,P15,1,6.00,银行卡
ORD106949,2026-06-17,S03,P07,1,22.00,微信
ORD114349,2026-08-06,S01,P10,2,48.00,现金
ORD101430,2026-05-10,S02,P09,2,36.00,会员储值
ORD116372,2026-08-20,S01,P18,1,18.00,现金
ORD104869,2026-06-02,S04,P15,3,18.00,微信
ORD113560,2026-08-01,S01,P01,1,32.00,银行卡
ORD101548,2026-05-10,S05,P18,2,36.00,现金
ORD107466,2026-06-20,S04,P10,1,24.00,银行卡
ORD118132,2026-08-31,S05,P05,1,34.00,支付宝
ORD105038,2026-06-03,S05,P13,1,20.00,现金
ORD103361,2026-05-23,S04,P14,1,10.00,银行卡
ORD100358,2026-05-03,S01,P14,1,10.00,现金
ORD111106,2026-07-17,S05,P08,2,-50.00,银行卡
ORD102345,2026-05-16,S04,P11,1,26.00,银行卡
ORD118103,2026-08-31,S03,P08,2,50.00,支付宝
ORD104524,2026-05-31,S02,P15,1,6.00,会员储值
ORD102090,2026-05-15,S01,P14,2,20.00,银行卡
ORD114422,2026-08-06,S04,P21,2,32.00,现金
ORD102498,2026-05-20,S02,P20,1,-22.00,现金
ORD110832,2026-07-12,S05,P11,2,52.00,会员储值
ORD109465,2026-07-04,S02,P13,1,20.00,现金
ORD117449,2026-08-27,S03,P08,1,25.00,微信
ORD102505,2026-05-17,S03,P07,1,22.00,银行卡
ORD107186,2026-06-18,S05,P20,3,66.00,银行卡
ORD110665,2026-07-12,S01,P05,1,34.00,现金
ORD116740,2026-08-22,S04,P13,1,20.00,支付宝
ORD116004,2026-08-16,S05,P12,3,24.00,银行卡
ORD111888,2026-07-19,S05,P04,1,38.00,银行卡
ORD101753,2026-05-12,S03,P01,1,32.00,现金
ORD115641,2026-08-14,S05,P06,2,90.00,会员储值
ORD100723,2026-05-05,S03,P14,3,30.00,会员储值
ORD113396,2026-07-30,S05,P07,1,22.00,银行卡
ORD103607,2026-05-24,S05,P08,1,25.00,会员储值
ORD108158,2026-06-25,S03,P12,1,8.00,现金
ORD105912,2026-06-09,S05,P07,1,22.00,支付宝
ORD105393,2026-06-06,S03,P08,2,50.00,银行卡
ORD114431,2026-08-06,S04,P19,1,15.00,会员储值
ORD100775,2026-05-05,S05,P09,1,18.00,现金
ORD111302,2026-07-16,S03,P09,1,18.00,微信
ORD102462,2026-05-17,S02,P04,1,38.00,现金
ORD102390,2026-05-16,S05,P19,2,30.00,会员储值
ORD102733,2026-05-18,S05,P08,2,50.00,微信
ORD112339,2026-07-23,S02,P03,2,52.00,现金
ORD113326,2026-07-30,S02,P03,2,52.00,支付宝
ORD107582,2026-06-21,S02,P04,1,38.00,现金
ORD100313,2026-05-02,S05,P05,1,34.00,现金
ORD111363,2026-07-16,S05,P04,1,38.00,微信
ORD110842,2026-07-12,S05,P13,2,40.00,会员储值
ORD108969,2026-06-30,S03,P15,1,6.00,支付宝
ORD100531,2026-05-04,S01,P16,2,10.00,银行卡
ORD107968,2026-06-23,S05,P08,1,25.00,支付宝
ORD113723,2026-08-01,S05,P06,2,90.00,现金
ORD112165,2026-07-22,S01,P02,2,60.00,微信
ORD110824,2026-07-12,S05,P11,1,26.00,会员储值
ORD110224,2026-07-09,S02,P06,3,135.00,微信
ORD104668,2026-06-01,S01,P08,1,25.00,微信
ORD100829,2026-05-06,S02,P03,2,52.00,支付宝
ORD103180,2026-05-22,S03,P07,1,22.00,现金
ORD105987,2026-06-10,S04,P10,2,48.00,支付宝
ORD106797,2026-06-16,S02,P12,1,8.00,银行卡
ORD113329,2026-07-30,S03,P19,3,45.00,银行卡
ORD109302,2026-07-03,S01,P11,2,52.00,支付宝
ORD105779,2026-06-08,S04,P16,2,10.00,现金
ORD105106,2026-06-04,S03,P02,1,30.00,现金
ORD101228,2026-05-09,S02,P05,1,34.00,支付宝
ORD117107,2026-08-24,S05,P20,2,44.00,会员储值
ORD101747,2026-05-12,S03,P10,3,72.00,现金
ORD112390,2026-07-23,S04,P12,3,24.00,支付宝
ORD109866,2026-07-06,S03,P02,1,30.00,银行卡
ORD116614,2026-08-22,S01,P02,2,60.00,支付宝
ORD115241,2026-08-11,S05,P11,1,26.00,支付宝
ORD101691,2026-05-12,S01,P19,1,15.00,支付宝
ORD104974,2026-06-03,S03,P08,1,25.00,银行卡
ORD113659,2026-08-01,S04,P10,2,48.00,现金
ORD115511,2026-08-13,S05,P20,3,66.00,微信
ORD103447,2026-05-24,S01,P01,1,32.00,银行卡
ORD105006,2026-06-03,S04,P10,1,24.00,微信
ORD114935,2026-08-09,S04,P17,2,24.00,微信
ORD108497,2026-06-27,S04,P11,1,26.00,银行卡
ORD109097,2026-07-01,S03,P05,1,34.00,会员储值
ORD111219,2026-07-15,S05,P03,1,26.00,现金
ORD114026,2026-08-03,S04,P02,1,30.00,支付宝
ORD114857,2026-08-09,S02,P05,2,68.00,现金
ORD108926,2026-06-30,S02,P09,2,36.00,支付宝
ORD107656,2026-06-21,S04,P10,1,24.00,会员储值
ORD100558,2026-05-04,S02,P05,2,68.00,会员储值
ORD105075,2026-06-04,S02,P06,3,126.00,会员储值
ORD110079,2026-07-08,S01,P02,3,90.00,现金
ORD110700,2026-07-12,S02,P12,2,16.00,微信
ORD108301,2026-06-26,S03,P08,2,50.00,银行卡
ORD100993,2026-05-07,S04,P10,1,24.00,现金
ORD111145,2026-07-15,S02,P03,1,26.00,现金
ORD100448,2026-05-03,S03,P02,1,30.00,微信
ORD102779,2026-05-19,S02,P06,2,84.00,银行卡
ORD104560,2026-05-31,S03,P05,1,34.00,会员储值
ORD102285,2026-05-16,S02,P06,1,42.00,银行卡
ORD111695,2026-07-18,S05,P20,1,22.00,微信
ORD117612,2026-08-28,S04,P20,2,44.00,支付宝
ORD114380,2026-08-06,S02,P21,1,16.00,现金
ORD102824,2026-05-19,S04,P13,1,20.00,会员储值
ORD116168,2026-08-18,S01,P18,1,18.00,微信
ORD105424,2026-06-06,S03,P15,2,12.00,银行卡
ORD113874,2026-08-02,S04,P11,1,26.00,会员储值
ORD106934,2026-06-17,S02,P03,1,26.00,支付宝
ORD115933,2026-08-16,S03,P10,2,48.00,微信
ORD103366,2026-05-23,S04,P10,1,24.00,微信
ORD106126,2026-06-11,S05,P20,1,22.00,银行卡
ORD111795,2026-07-19,S03,P09,1,18.00,银行卡
ORD101422,2026-05-10,S02,P06,1,42.00,银行卡
ORD112027,2026-07-20,S05,P20,1,22.00,支付宝
ORD105611,2026-06-07,S03,P14,1,10.00,微信
ORD114582,2026-08-07,S05,P06,2,90.00,现金
ORD100334,2026-05-03,S01,P03,1,26.00,微信
ORD108012,2026-06-24,S02,P18,2,36.00,现金
ORD108542,2026-06-27,S05,P03,1,26.00,微信
ORD111524,2026-07-18,S01,P04,2,76.00,微信
ORD112596,2026-07-25,S03,P08,3,75.00,银行卡
ORD115134,2026-08-11,S01,P02,2,60.00,银行卡
ORD100465,2026-05-03,S04,P16,2,10.00,现金
ORD106802,2026-06-16,S02,P04,1,38.00,银行卡
ORD111464,2026-07-17,S04,P15,1,6.00,银行卡
ORD116269,2026-08-19,S01,P02,1,30.00,银行卡
ORD101019,2026-05-07,S05,P20,1,22.00,支付宝
ORD112462,2026-07-24,S03,P01,1,32.00,银行卡
ORD103546,2026-05-24,S04,P11,1,26.00,支付宝
ORD114488,2026-08-07,S01,P07,1,22.00,会员储值
ORD107593,2026-06-21,S02,P05,1,34.00,会员储值
ORD117955,2026-08-30,S03,P05,2,68.00,现金
ORD102360,2026-05-16,S04,P02,3,90.00,银行卡
ORD113427,2026-07-31,S01,P12,2,16.00,微信
ORD116110,2026-08-17,S04,P13,1,20.00,银行卡
ORD111612,2026-07-18,S03,P16,1,5.00,会员储值
ORD117111,2026-08-24,S05,P10,2,48.00,支付宝
ORD105125,2026-06-04,S04,P10,1,24.00,现金
ORD101915,2026-05-13,S04,P18,1,18.00,会员储值
ORD105304,2026-06-05,S05,P03,1,26.00,现金
ORD106012,2026-06-10,S05,P17,1,12.00,银行卡
ORD100172,2026-05-02,S02,P04,3,114.00,微信
ORD101792,2026-05-12,S05,P05,1,34.00,会员储值
ORD101712,2026-05-12,S02,P04,1,38.00,会员储值
ORD107508,2026-06-20,S05,P03,1,26.00,微信
ORD116336,2026-08-19,S05,P20,1,22.00,现金
ORD117441,2026-08-27,S03,P07,1,22.00,会员储值
ORD116332,2026-08-19,S05,P05,2,68.00,银行卡
ORD115456,2026-08-13,S03,P13,2,40.00,现金
ORD103151,2026-05-22,S02,P04,2,76.00,银行卡
ORD117662,2026-08-29,S01,P18,1,18.00,支付宝
ORD103157,2026-05-22,S03,P09,3,54.00,会员储值
ORD113888,2026-08-02,S04,P18,1,18.00,支付宝
ORD103679,2026-05-25,S03,P19,1,15.00,现金
ORD114793,2026-08-09,S01,P21,3,48.00,现金
ORD108423,2026-06-27,S02,P04,3,114.00,支付宝
ORD101830,2026-05-13,S01,P06,2,84.00,现金
ORD103920,2026-05-27,S02,P05,2,68.00,支付宝
ORD112119,2026-07-21,S04,P11,1,26.00,支付宝
ORD106054,2026-06-11,S02,P05,1,34.00,银行卡
ORD115045,2026-08-10,S02,P04,1,38.00,现金
ORD110212,2026-07-09,S01,P01,1,32.00,现金
ORD111207,2026-07-15,S04,P07,2,44.00,支付宝
ORD114268,2026-08-05,S03,P02,1,30.00,支付宝
ORD117913,2026-08-30,S02,P05,2,68.00,银行卡
ORD109471,2026-07-04,S02,P01,3,96.00,现金
ORD117021,2026-08-24,S01,P03,2,52.00,支付宝
ORD109191,2026-07-02,S02,P06,1,45.00,支付宝
ORD116524,2026-08-21,S02,P04,2,76.00,支付宝
ORD107037,2026-06-18,S01,P16,-1,5.00,银行卡
ORD106990,2026-06-17,S05,P10,1,24.00,微信
ORD102136,2026-05-15,S02,P04,2,76.00,银行卡
ORD108736,2026-06-28,S05,P06,1,42.00,银行卡
ORD114567,2026-08-07,S05,P14,2,20.00,银行卡
ORD111660,2026-07-18,S04,P03,2,52.00,银行卡
ORD104262,2026-05-29,S05,P01,1,32.00,银行卡
ORD117235,2026-08-25,S05,P06,1,45.00,会员储值
ORD113241,2026-07-29,S04,P15,1,6.00,支付宝
ORD111569,2026-07-18,S02,P18,1,18.00,现金
ORD115280,2026-08-12,S01,P01,3,96.00,支付宝
ORD113075,2026-07-28,S03,P08,3,75.00,支付宝
ORD112671,2026-07-25,S05,P19,1,15.00,支付宝
ORD107320,2026-06-19,S05,P18,1,18.00,微信
ORD104223,2026-05-29,S04,P10,1,24.00,会员储值
ORD103762,2026-05-26,S01,P12,2,16.00,微信
ORD106964,2026-06-17,S04,P11,1,26.00,支付宝
ORD106657,2026-06-15,S01,P12,1,8.00,微信
ORD109077,2026-07-01,S02,P17,1,12.00,微信
ORD107015,2026-06-17,S05,P01,2,64.00,支付宝
ORD101646,2026-05-11,S04,P06,2,84.00,现金
ORD115281,2026-08-12,S01,P13,1,20.00,支付宝
ORD115713,2026-08-15,S02,P04,2,76.00,微信
ORD115905,2026-08-16,S02,P06,1,45.00,会员储值
ORD107198,2026-06-18,S05,P06,1,42.00,银行卡
ORD114025,2026-08-03,S04,P15,1,6.00,银行卡
ORD110559,2026-07-11,S03,P17,1,12.00,银行卡
ORD115556,2026-08-14,S02,P16,2,10.00,支付宝
ORD115934,2026-08-16,S03,P01,2,64.00,银行卡
ORD104290,2026-05-30,S01,P19,1,15.00,现金
ORD117825,2026-08-29,S05,P05,1,34.00,会员储值
ORD115421,2026-08-13,S02,P06,1,45.00,支付宝
ORD117297,2026-08-26,S02,P03,1,26.00,支付宝
ORD116042,2026-08-17,S01,P19,3,45.00,现金
ORD105572,2026-06-07,S02,P05,1,34.00,微信
ORD100711,2026-05-05,S03,P16,2,10.00,微信
ORD100064,2026-05-01,S03,P01,1,32.00,银行卡
ORD111893,2026-07-19,S05,P20,2,44.00,现金
ORD102999,2026-05-21,S01,P03,2,52.00,会员储值
ORD100399,2026-05-03,S02,P18,2,36.00,支付宝
ORD100751,2026-05-05,S04,P08,1,25.00,银行卡
ORD118057,2026-08-31,S02,P04,2,76.00,现金
ORD116527,2026-08-21,S02,P05,2,68.00,微信
ORD109903,2026-07-06,S04,P16,1,5.00,支付宝
ORD110019,2026-07-07,S04,P12,3,24.00,现金
ORD111308,2026-07-16,S03,P07,1,22.00,支付宝
ORD113307,2026-07-30,S02,P04,2,76.00,会员储值
ORD118034,2026-08-31,S01,P13,1,20.00,支付宝
ORD100322,2026-05-02,S05,P16,1,5.00,银行卡
ORD103810,2026-05-26,S03,P08,3,75.00,现金
ORD107559,2026-06-21,S01,P02,2,60.00,会员储值
ORD104550,2026-05-31,S03,P12,1,8.00,支付宝
ORD103293,2026-05-23,S02,P06,1,42.00,银行卡
ORD108942,2026-06-30,S02,P06,2,84.00,微信
ORD113047,2026-07-28,S02,P11,2,52.00,银行卡
ORD107277,2026-06-19,S04,P17,1,12.00,现金
ORD101986,2026-05-14,S02,P04,2,76.00,会员储值
ORD117882,2026-08-30,S02,P04,2,76.00,微信
ORD111912,2026-07-20,S01,P13,1,20.00,会员储值
ORD102499,2026-05-17,S03,P09,2,36.00,微信
ORD103287,2026-05-23,S02,P04,3,114.00,支付宝
ORD101791,2026-05-12,S05,P07,2,44.00,银行卡
ORD115015,2026-08-10,S01,P02,1,30.00,微信
ORD115190,2026-08-11,S03,P21,2,32.00,会员储值
ORD103213,2026-05-22,S05,P09,1,18.00,支付宝
ORD102301,2026-05-16,S03,P08,3,75.00,支付宝
ORD105594,2026-06-07,S02,P04,2,76.00,微信
ORD107852,2026-06-23,S01,P02,1,30.00,银行卡
ORD109921,2026-07-06,S05,P03,3,78.00,支付宝
ORD116850,2026-08-23,S02,P06,3,135.00,现金
ORD100994,2026/5/7,S04,P03,2,52.00,微信
ORD101229,2026-05-12,S02,P04,1,-38.00,微信
ORD110503,2026-07-11,S02,P17,1,12.00,支付宝
ORD116540,2026-08-21,S03,P08,1,25.00,银行卡
ORD113583,2026-08-01,S02,P04,1,38.00,微信
ORD107900,2026-06-23,S02,P04,1,38.00,银行卡
ORD102881,2026-05-20,S01,P18,2,36.00,现金
ORD107824,2026-06-22,S04,P16,3,15.00,现金
ORD101816,2026-05-12,S05,P15,1,6.00,会员储值
ORD109437,2026-07-04,S01,P18,2,36.00,微信
ORD114786,2026-08-08,S05,P20,2,44.00,银行卡
ORD101112,2026-05-08,S03,P09,1,18.00,微信
ORD116633,2026-08-22,S01,P02,1,30.00,微信
ORD101798,2026-05-12,S05,P20,2,44.00,微信
ORD106379,2026-06-13,S03,P17,1,12.00,银行卡
ORD116465,2026-08-20,S05,P02,2,60.00,支付宝
ORD111008,2026-07-14,S02,P05,2,68.00,现金
ORD114955,2026-08-09,S04,P10,1,24.00,微信
ORD109317,2026-07-03,S02,P04,1,38.00,会员储值
ORD107949,2026-06-23,S04,P15,1,6.00,微信
ORD112979,2026-07-27,S04,P18,2,36.00,会员储值
ORD115439,2026-08-13,S03,P07,2,44.00,银行卡
ORD107747,2026-06-22,S01,P02,1,30.00,支付宝
ORD102329,2026-05-16,S03,P09,1,18.00,银行卡
ORD113007,2026-07-28,S01,P05,2,68.00,支付宝
ORD103160,2026-05-22,S03,P18,1,18.00,银行卡
ORD110213,2026-07-09,S01,P17,3,36.00,现金
ORD104513,2026-05-31,S02,P05,2,68.00,会员储值
ORD103168,2026-05-22,S03,P09,1,18.00,现金
ORD109757,2026-07-05,S04,P03,1,26.00,支付宝
ORD110566,2026-07-11,S03,P08,1,25.00,银行卡
ORD113175,2026-07-29,S02,P03,1,26.00,现金
ORD103866,2026-05-26,S05,P08,2,50.00,会员储值
ORD117025,2026-08-24,S02,P06,1,45.00,支付宝
ORD112608,2026-07-25,S04,P10,1,24.00,支付宝
ORD108053,2026-06-24,S03,P13,1,20.00,银行卡
ORD100905,2026-05-06,S05,P03,2,52.00,银行卡
ORD103439,2026-05-24,S01,P13,1,20.00,会员储值
ORD104695,2026-06-01,S02,P20,2,44.00,现金
ORD114961,2026/8/9,S05,P18,2,36.00,微信
ORD107286,2026-06-19,S04,P11,1,26.00,会员储值
ORD117083,2026-08-24,S04,P21,1,16.00,会员储值
ORD105988,2026-06-10,S04,P11,2,52.00,银行卡
ORD100037,2026-05-01,S02,P20,2,44.00,微信
ORD107813,2026-06-22,S04,P10,1,24.00,银行卡
ORD104299,2026-05-30,S01,P11,2,52.00,支付宝
ORD106549,2026-06-14,S03,P09,1,18.00,现金
ORD107899,2026-06-23,S02,P13,2,40.00,会员储值
ORD110691,2026-07-12,S02,P17,2,24.00,现金
ORD114212,2026-08-05,S01,P03,2,52.00,支付宝
ORD116422,2026-08-20,S03,P11,1,26.00,会员储值
ORD104846,2026-06-02,S03,P07,2,44.00,现金
ORD118062,2026-08-31,S02,P05,1,34.00,银行卡
ORD117640,2026-08-28,S05,P04,1,38.00,银行卡
ORD104931,2026-06-03,S01,P12,1,8.00,银行卡
ORD111933,2026-07-20,S02,P05,1,34.00,会员储值
ORD111942,N/A,S02,P05,1,34.00,支付宝
ORD110414,2026-07-10,S04,P17,2,24.00,现金
ORD110318,2026-07-09,S05,P05,1,34.00,会员储值
ORD112150,2026-07-21,S05,P09,3,54.00,会员储值
ORD115540,2026-08-14,S01,P01,1,32.00,支付宝
ORD109525,2026-07-04,S03,P13,1,20.00,会员储值
ORD114654,2026-08-08,S02,P06,1,45.00,现金
ORD114571,2026-08-07,S05,P05,2,68.00,现金
ORD108201,2026-06-25,S04,P11,2,52.00,银行卡
ORD102429,2026-05-17,S01,P01,1,32.00,微信
ORD105088,2026-06-04,S02,P16,2,10.00,银行卡
ORD112920,2026-07-27,S02,P04,1,38.00,支付宝
ORD101431,2026-05-10,S02,P06,0,84.00,现金
ORD100138,2026-05-02,S01,P13,1,20.00,现金
ORD101238,2026-05-09,S02,P03,1,26.00,会员储值
ORD112638,2026-07-25,S04,P09,3,54.00,银行卡
ORD108592,2026-06-28,S01,P07,2,44.00,微信
ORD102366,2026-05-16,S04,P10,1,24.00,支付宝
ORD109262,2026-07-02,S04,P10,1,24.00,会员储值
ORD118079,2026/8/31,S02,P14,1,10.00,会员储值
ORD106463,2026-06-14,S01,P02,1,30.00,现金
ORD112550,2026-07-25,S02,P05,1,34.00,支付宝
ORD113496,2026-07-31,S04,P11,1,26.00,现金
ORD104395,2026-05-30,S04,P13,3,60.00,支付宝
ORD103080,2026-05-21,S05,P03,1,26.00,现金
ORD113739,2026-08-02,S01,P02,1,30.00,银行卡
ORD107672,2026-06-21,S04,P10,1,24.00,微信
ORD111095,2026-07-14,S05,P14,1,10.00,现金
ORD109394,2026-07-03,S05,P19,2,30.00,银行卡
ORD114545,2026-08-07,S04,P09,1,18.00,支付宝
ORD104568,2026-05-31,S03,P07,2,44.00,银行卡
ORD101353,2026-05-09,S05,P20,1,22.00,微信
ORD102531,2026-05-17,S03,P03,1,26.00,银行卡
ORD101556,2026-05-11,S01,P11,1,26.00,会员储值
ORD100394,2026-05-03,S02,P06,1,42.00,现金
ORD106167,2026-06-12,S02,P06,1,42.00,现金
ORD115828,2026-08-15,S05,P05,1,34.00,支付宝
ORD111975,2026-07-20,S03,P08,2,50.00,会员储值
ORD107132,2026-06-18,S03,P02,1,30.00,会员储值
ORD116293,2026-08-19,S03,P09,1,18.00,支付宝
ORD109599,2026-07-04,S05,P11,2,52.00,银行卡
ORD102262,2026-05-16,S02,P03,1,26.00,会员储值
ORD105949,2026-06-10,S02,P15,1,6.00,银行卡
ORD106450,2026-06-13,S05,P16,3,15.00,会员储值
ORD102610,2026-05-18,S01,P17,2,24.00,银行卡
ORD103834,2026-05-26,S04,P11,1,26.00,银行卡
ORD110686,2026-07-12,S01,P12,1,8.00,微信
ORD103117,2026-05-22,S01,P06,2,84.00,会员储值
ORD113533,2026-07-31,S05,P20,3,66.00,现金
ORD103321,2026-05-23,S03,P13,2,40.00,微信
ORD110306,2026-07-09,S05,P06,1,45.00,微信
ORD112430,2026-07-23,S05,P19,1,15.00,支付宝
ORD100002,2026-05-01,S01,P01,1,32.00,会员储值
ORD104804,2026-06-02,S01,P01,1,32.00,微信
ORD106679,2026-06-15,S02,P05,3,102.00,银行卡
ORD108789,2026-06-29,S02,P03,1,26.00,支付宝
ORD112958,2026-07-27,S04,P13,3,60.00,会员储值
ORD115530,2026-08-14,S01,P01,2,64.00,微信
ORD105823,2026-06-09,S01,P14,1,10.00,微信
ORD114965,2026/8/9,S05,P01,2,64.00,现金
ORD110442,2026-07-10,S05,P13,1,20.00,会员储值
ORD104425,2026-05-30,S04,P11,1,26.00,支付宝
ORD111578,2026-07-18,S02,P06,1,45.00,银行卡
ORD118156,2026-08-31,S05,P10,2,48.00,现金
ORD109735,2026-07-05,S03,P08,3,75.00,会员储值
ORD116229,2026-08-18,S05,P02,1,30.00,会员储值
ORD117316,2026-08-26,S03,P10,1,24.00,微信
ORD104939,2026-06-03,S02,P11,1,26.00,银行卡
ORD100162,2026-05-02,S01,P12,1,8.00,银行卡
ORD112879,2026-07-27,S01,P02,1,30.00,现金
ORD114589,2026-08-07,S05,P08,2,50.00,支付宝
ORD115105,2026-08-10,S05,P21,2,32.00,银行卡
ORD100633,2026-05-04,S05,P06,1,42.00,现金
ORD105860,2026-06-09,S02,P06,1,42.00,会员储值
ORD110715,2026-07-12,S02,P06,1,45.00,银行卡
ORD114680,2026-08-08,S03,P15,2,12.00,银行卡
ORD113347,2026-07-30,S03,P09,3,54.00,支付宝
ORD109319,2026-07-03,S02,P04,1,38.00,会员储值
ORD104632,2026-05-31,S05,P07,1,22.00,银行卡
ORD116867,2026-08-23,S02,P05,1,34.00,现金
ORD111266,2026-07-16,S02,P06,1,45.00,银行卡
ORD114254,2026-08-05,S02,P03,2,52.00,银行卡
ORD112302,2026-07-23,S01,P02,2,60.00,银行卡
ORD117547,2026-08-28,S02,P06,2,90.00,微信
ORD105812,2026-06-08,S05,P19,1,15.00,现金
ORD114179,2026-08-04,S04,P08,2,50.00,支付宝
ORD106396,2026-06-13,S04,P10,2,48.00,银行卡
ORD100235,2026-05-02,S03,P08,3,75.00,现金
ORD113574,2026-08-01,S01,P12,1,8.00,微信
ORD113112,2026-07-28,S04,P16,1,5.00,银行卡
ORD103143,2026-05-22,S02,P02,1,30.00,微信
ORD109356,2026-07-03,S03,P08,3,75.00,会员储值
ORD100402,2026-05-03,S02,P06,2,84.00,现金
ORD115829,2026-08-15,S05,P11,1,26.00,支付宝
ORD116162,2026-08-18,S01,P01,1,32.00,支付宝
ORD105868,2026-06-09,S02,P13,1,20.00,微信
ORD102497,2026-05-17,S02,P17,3,36.00,微信
ORD106108,2026-06-11,S05,P08,2,50.00,微信
ORD115451,2026-08-13,S03,P15,1,6.00,微信
ORD109337,2026-07-03,S02,P19,1,15.00,支付宝
ORD111467,2026-07-17,S04,P01,1,32.00,会员储值
ORD116608,2026-08-22,S01,P21,1,16.00,微信
ORD113267,2026-07-29,S05,P05,1,34.00,现金
ORD105525,2026-06-07,S01,P03,1,26.00,微信
ORD101395,2026-05-10,S01,P08,3,75.00,支付宝
ORD108867,2026-06-29,S04,P10,2,48.00,微信
ORD108114,2026-06-25,S01,P02,1,30.00,支付宝
ORD117166,2026-08-25,S02,P01,1,32.00,支付宝
ORD107319,2026-06-19,S05,P20,3,66.00,微信
ORD117109,2026-08-24,S05,P12,1,8.00,微信
ORD106685,2026-06-15,S02,P04,1,38.00,现金
ORD103461,2026-05-24,S01,P15,2,12.00,银行卡
ORD115440,2026-08-13,S03,P07,1,22.00,会员储值
ORD113002,2026-07-27,S05,P03,2,52.00,银行卡
ORD114155,2026-08-04,S03,P03,2, ¥52.00 ,微信
ORD113328,2026-07-30,S03,P08,1,25.00,银行卡
ORD117729,2026-08-29,S03,P21,1,16.00,现金
ORD117782,2026-08-29,S04,P19,2,30.00,会员储值
ORD107495,2026-06-20,S05,P08,1,25.00,微信
ORD104790,2026-06-02,S01,P01,1,32.00,支付宝
ORD112954,2026-07-27,S04,P01,1,32.00,支付宝
ORD103409,2026-05-23,S05,P04,1,38.00,微信
ORD102108,2026-05-15,S01,P01,2,64.00,微信
ORD117135,2026-08-25,S01,P03,1,26.00,微信
ORD108682,2026-06-28,S03,P08,1,25.00,微信
ORD102578,2026-05-17,S05,P08,1,25.00,银行卡
ORD104566,2026-05-31,S03,P07,1,22.00,会员储值
ORD110405,2026-07-10,S03,P15,2,12.00,支付宝
ORD109244,2026-07-02,S04,P17,2,24.00,支付宝
ORD102833,2026-05-19,S04,P18,2,36.00,支付宝
ORD108498,2026-06-27,S04,P03,1,26.00,会员储值
ORD100266,2026-05-02,S04,P17,1,12.00,银行卡
ORD103457,2026-05-24,S01,P15,2,12.00,银行卡
ORD108172,2026-06-25,S03,P03,1,26.00,现金
ORD111641,2026-07-18,S04,P15,1,6.00,支付宝
ORD102237,2026-05-16,S01,P03,1,26.00,支付宝
ORD103504,2026-05-24,S03,P03,2,52.00,现金
ORD105023,2026-06-03,S05,P12,1,8.00,支付宝
ORD116002,2026-08-16,S05,P15,1,6.00,会员储值
ORD104252,2026-05-29,S05,P07,1,22.00,现金
ORD115788,2026-08-15,S04,P13,1,20.00,支付宝
ORD104768,2026-06-01,S05,P06,2,84.00,银行卡
ORD107684,2026-06-21,S05,P02,1,30.00,会员储值
ORD117984,2026-08-30,S04,P16 ,1,5.00,现金
ORD104413,2026-05-30,S04,P10,2,48.00,银行卡
ORD104960,2026-06-03,S03,P07,1,22.00,银行卡
ORD103493,24-05-2026,S02,P06,1,42.00,现金
ORD108798,2026-06-29,S02,P15,1,6.00,微信
ORD105710,2026-06-09,S05,P16,1,-5.00,银行卡
ORD100460,2026-05-03,S04,P13,1,20.00,现金
ORD116203,2026-08-18,S04,P18,3,54.00,微信
ORD102923,2026-05-20,S03,P10,2,48.00,现金
ORD111124,2026-07-15,S01,P12,2,16.00,现金
ORD114502,2026-08-07,S02,P06,2,90.00,银行卡
ORD104713,2026-06-01,S03,P01,1,32.00,会员储值
ORD100534,2026-05-04,S01,P15,2,12.00,银行卡
ORD105299,2026-06-05,S05,P15,2,12.00,现金
ORD109448,2026-07-04,S01,P17,1,12.00,会员储值
ORD107640,2026-06-21,S03,P07,1,22.00,现金
ORD100387,2026-05-03,S02,P19,3,45.00,银行卡
ORD107489,2026-06-20,S05,P19,1,15.00,现金
ORD103867,2026-05-26,S05,P17,1,12.00,现金
ORD114079,2026-08-04,S01,P01,2,64.00,支付宝
ORD100112,2026-05-01,S05,P19,1,15.00,微信
ORD115048,2026-08-10,S02,P21,1,16.00,会员储值
ORD107886,2026-06-23,S02,P06,1,42.00,会员储值
ORD109555,2026-07-04,S04,P01,1,32.00,会员储值
ORD100425,2026-05-03,S03,P08,1,25.00,支付宝
ORD116729,2026-08-22,S04,P03,1,26.00,现金
ORD106707,2026-06-15,S03,P05,1,34.00,微信
ORD100506,2026-05-03,S05,P12,2,16.00,会员储值
ORD115525,2026-08-14,S01,P03,2,52.00,会员储值
ORD103140,2026-05-22,S02,P16,2,10.00,银行卡
ORD113361,2026-07-30,S04,P10,3,72.00,银行卡
ORD103931,2026-05-27,S02,P05,2,68.00,银行卡
ORD102945,2026-05-20,S04,P18,1,18.00,会员储值
ORD107825,2026-06-22,S05,P19,1,15.00,微信
ORD108380,2026-06-27,S01,P02,1,30.00,会员储值
ORD100744,2026-05-05,S04,P10,3,72.00,银行卡
ORD100477,2026-05-03,S04,P18,1,18.00,支付宝
ORD100550,2026-05-04,S02,P13,1,20.00,现金
ORD111760,2026-07-19,S02,P05,2,68.00,微信
ORD101340,2026-05-09,S05,P17,1,12.00,会员储值
ORD104220,2026-05-29,S03,P09,2,36.00,会员储值
ORD110227,2026-07-09,S02,P17,1,12.00,银行卡
ORD100232,2026-05-02,S03,P18,2,36.00,银行卡
ORD116957,2026-08-23,S04,P12,1,8.00,支付宝
ORD103031,2026-05-21,S03,P07,1,22.00,支付宝
ORD101206,2026-05-09,S02,P14,1,10.00,会员储值
ORD106322,2026-06-13,S02,P12,2,16.00,现金
ORD109624,2026-07-05,S01,P18,2,36.00,会员储值
ORD101501,2026-05-10,S04,P07,1,22.00,支付宝
ORD106715,2026-06-15,S03,P15,1,,支付宝
ORD108824,2026-06-29,S03,P09,1,18.00,会员储值
ORD105566,2026-06-07,S02,P06,2,84.00,银行卡
ORD104978,2026-06-03,S03,P19,1,15.00,银行卡
ORD112314,2026-07-23,S01,P12,1,8.00,微信
ORD103751,2026-05-25,S05,P07,3,66.00,微信
ORD110612,2026-07-11,S05,P05,1,34.00,支付宝
ORD117397,2026-08-27,S01,P21,3,48.00,银行卡
ORD114669,2026-08-08,S02,P10,2,48.00,现金
ORD107739,2026-06-22,S01,P02,2,60.00,银行卡
ORD100552,2026-05-04,S02,P05,1,34.00,会员储值
ORD116651,2026-08-22,S02,P11,1,26.00,微信
ORD102182,2026-05-15,S04,P10,3,72.00,现金
ORD107298,2026-06-19,S04,P03,1,26.00,支付宝
ORD107426,2026-06-20,S03,P06,1,42.00,微信
ORD108931,2026-06-30,S02,P15,3,18.00,现金
ORD106430,2026-06-13,S05,P02,1,30.00,银行卡
ORD117566,2026-08-28,S03,P10,1,24.00,支付宝
ORD117953,2026-08-30,S03,P08,1,25.00,支付宝
ORD102320,2026-05-16,S03,P13,2,40.00,支付宝
ORD104646,2026-05-31,S05,P11,3,78.00,现金
ORD109945,2026-07-07,S01,P11,1,26.00,现金
ORD110701,2026-07-12,S02,P05,1,34.00,微信
ORD112379,2026-07-23,S04,P16,1,5.00,银行卡
ORD104391,2026-05-30,S04,P01,2,64.00,银行卡
ORD100034,2026-05-01,S02,P05,1,34.00,会员储值
ORD101742,2026-05-12,S03,P15,1,6.00,现金
ORD105668,2026-06-07,S04,P12,2,16.00,现金
ORD107577,2026-06-21,S02,P10,1,24.00,会员储值
ORD109680,2026-07-05,S02,P06,2,90.00,现金
ORD117758,2026-08-29,S03,P13,1,20.00,会员储值
ORD101515,2026-05-10,S05,P16,1,5.00,现金
ORD101964,2026-05-14,S01,P07,1,22.00,微信
ORD107401,2026-06-20,S02,P18,1,18.00,会员储值
ORD111142,2026-07-15,S02,P04,1,38.00,银行卡
ORD108881,2026-06-29,S05,P03,1,26.00,现金
ORD115000,2026-08-10,S01,P02,1,30.00,银行卡
ORD103747,2026-05-25,S05,P01,1,32.00,会员储值
ORD116680,2026-08-22,S02,P05,1,34.00,支付宝
ORD105519,2026-06-07,S01,P13,1,20.00,现金
ORD102317,2026-05-16,S03,P06,2,84.00,微信
ORD104186,2026-05-29,S02,P14,2,20.00,微信
ORD109117,2026-07-01,S04,P11,2,52.00,会员储值
ORD113408,2026-07-31,S01,P14,2,20.00,微信
ORD108451,2026-06-27,S03,P08,2,50.00,现金
ORD106543,2026-06-14,S03,P17,1,12.00,微信
ORD112367,2026-07-23,S03,P07,2,44.00,支付宝
ORD103683,2026-05-25,S03,P16,3,15.00,微信
ORD116092,2026-08-17,S03,P14,1,10.00,微信
ORD108708,2026-06-28,S04,P13,1,20.00,银行卡
ORD117215,2026-08-25,S04,P03,1,26.00,微信
ORD101882,2026-05-13,S03,P01,3,96.00,微信
ORD112205,2026-07-22,S02,P18,1,18.00,现金
ORD104118,2026-05-28,S05,P20,2,44.00,微信
ORD106506,2026-06-14,S02,P05,1,34.00,会员储值
ORD111398,2026-07-17,S01,P01,1,32.00,支付宝
ORD102511,2026-05-17,S03,P07,1,22.00,微信
ORD105664,2026-06-07,S04,P16,1,5.00,微信
ORD113531,2026-07-31,S05,P20,1,22.00,银行卡
ORD110885,2026-07-13,S02,P06,1,45.00,微信
ORD117223,2026-08-25,S04,P10,2,48.00,会员储值
ORD113854,2026-08-02,S03,P09,2,36.00,会员储值
ORD108614,2026-06-28,S02,P05,1,34.00,现金
ORD105755,2026-06-08,S02,P10,1,24.00,现金
ORD106460,2026/6/14,S01,P03,2,52.00,银行卡
ORD102010,2026-05-14,S03,P14,2,20.00,会员储值
ORD117548,2026-08-28,S02,P06,2,90.00,会员储值
ORD108951,2026-06-30,S03,P07,1,22.00,会员储值
ORD104579,2026-05-31,S03,P05,1,34.00,支付宝
ORD104457,2026-05-30,S05,P08,1,25.00,现金
ORD113925,2026-08-02,S05,P20,1,22.00,会员储值
ORD106264,2026-06-13,S01,P12,1,,微信
ORD109474,2026-07-04,S02,P12,1,8.00,现金
ORD111040,2026-07-14,S03,P03,2,52.00,支付宝
ORD114818,2026-08-09,S01,P03,1,26.00,现金
ORD101138,2026-05-08,S04,P20,1,22.00,银行卡
ORD101104,2026-05-08,S03,P03,1,26.00,支付宝
ORD115516,2026-08-14,S01,P12,1,8.00,会员储值
ORD110420,2026-07-10,S04,P02,1,30.00,会员储值
ORD110096,2026-07-08,S01,P03,1,26.00,支付宝
ORD117488,2026-08-27,S05,P13,2,40.00,微信
ORD111703,2026-07-19,S01,P14,1,10.00,会员储值
ORD104526,2026-05-31,S02,P05,1,34.00,微信
ORD115143,2026-08-11,S01,P12,1,8.00,微信
ORD107594,2026-06-21,S02,P17,1,12.00,银行卡
ORD101443,2026-05-10,S03,P12,2,16.00,会员储值
ORD110221,2026-07-09,S01,P17,1,12.00,银行卡
ORD117439,2026-08-27,S03,P19,1,15.00,支付宝
ORD105769,2026-06-08,S04,P03,1,26.00,现金
ORD114508,2026-08-07,S02,P04,2,76.00,支付宝
ORD102600,2026-05-17,S05,P03,1,26.00,银行卡
ORD109724,2026-07-05,S03,P08,2,50.00,微信
ORD107028,2026-06-18,S01,P01,2,64.00,银行卡
ORD108015,2026-06-24,S02,P06,2,84.00,银行卡
ORD100529,2026-05-04,S01,P01,1,,现金
ORD100397,2026-05-03,S02,P16,1,5.00,会员储值
ORD107095,2026-06-18,S02,P06,2,58.00,微信
ORD116784,2026-08-22,S05,P13,1,20.00,现金
ORD113564,2026-08-01,S01,P01,1,32.00,会员储值
ORD104179,2026-05-29,S02,P05,2,68.00,微信
ORD113999,2026-08-03,S03,P08,1,25.00,会员储值
ORD109955,2026-07-07,S01,P02,3,90.00,银行卡
ORD101807,2026-05-12,S05,P14,2,20.00,银行卡
ORD113966,2026-08-03,S02,P06,2,90.00,会员储值
ORD118086,2026-08-31,S03,P09,1,18.00,支付宝
ORD113992,2026-08-03,S02,P04,1,38.00,银行卡
ORD113870,2026-08-02,S04,P10,3,72.00,支付宝
ORD117518,2026-08-28,S01,P13,1,20.00,会员储值
ORD117956,2026-08-30,S03,P08,2,50.00,银行卡
ORD113865,2026-08-02,S04,P07,1,22.00,会员储值
ORD103843,2026-05-26,S04,P15,1,6.00,微信
ORD107670,2026-06-21,S04,P11,2,52.00,银行卡
ORD107591,2026-06-21,S02,P04,2,76.00,微信
ORD116571,2026-08-21,S04,P10,2,48.00,银行卡
ORD111832,2026-07-19,S04,P11,1,26.00,会员储值
ORD107162,2026-06-18,S04,P02,1,30.00,银行卡
ORD114311,2026-08-05,S04,P13,1,20.00,会员储值
ORD104378,2026-05-30,S03,P08,2,50.00,现金
ORD100764,2026-05-05,S05,P02,1,30.00,微信
ORD116342,N/A,S05,P08,1,25.00,现金
ORD114387,2026/8/6,S02,P05,1,34.00,会员储值
ORD116558,2026-08-21,S04,P17,1,12.00,会员储值
ORD106917,2026-06-17,S02,P11,2,52.00,微信
ORD113404,2026-07-31,S01,P07,1,22.00,会员储值
ORD109038,2026-07-01,S01,P02,2,60.00,银行卡
ORD111989,2026-07-20,S04,P10,1,24.00,现金
ORD117018,2026-08-24,S01,P08,3,75.00,微信
ORD103885,2026-05-27,S01,P02,1,30.00,微信
ORD105570,2026-06-07,S02,P18,1,18.00,现金
ORD112582,2026-07-25,S03,P09,1,18.00,现金
ORD108553,2026-06-27,S05,P13,1,20.00,会员储值
ORD116310,2026-08-19,S04,P13,1,20.00,会员储值
ORD117725,2026-08-29,S03,P05,3,102.00,支付宝
ORD104311,2026-05-30,S01,P10,1,24.00,现金
ORD106948,2026-06-17,S03,P16,1,5.00,支付宝
ORD115171,2026-08-11,S02,P05,1,34.00,支付宝
ORD115479,2026-08-13,S04,P10,2,48.00,现金
ORD109083,2026-07-01,S03,P15,1,6.00,银行卡
ORD108667,2026-06-28,S03,P08,1,25.00,现金
ORD101385,2026-05-10,S01,P02,1,30.00,会员储值
ORD116929,2026-08-23,S04,P03,1,26.00,银行卡
ORD110858,2026-07-13,S01,P02,2,60.00,会员储值
ORD106366,2026-06-13,S03,P07,2,44.00,会员储值
ORD111927,2026-07-20,S02,P06,1,45.00,现金
ORD107104,2026-06-18,S02,P06,2,58.00,支付宝
ORD106115,2026-06-11,S05,P09,2,36.00,现金
ORD111339,2026-07-16,S04,P03,1,26.00,银行卡
ORD101724,2026-05-12,S02,P11,2,52.00,微信
ORD116062,2026-08-17,S01,P21,1,16.00,支付宝
ORD115799,2026-08-15,S04,P17,2,24.00,银行卡
ORD108572,2026-06-28,S01,P01,1,32.00,支付宝
ORD105357,2026-06-06,S02,P10,1,24.00,会员储值
ORD107342,2026-06-20,S01,P16,3,15.00,银行卡
ORD117082,2026-08-24,S04,P10,1,24.00,现金
ORD101982,2026-05-14,S02,P20,2,44.00,支付宝
ORD106885,2026-06-16,S05,P19,2,30.00,微信
ORD110853,2026-07-13,S01,P01,1,32.00,微信
ORD116031,2026-08-16,S05,P03,1,26.00,支付宝
ORD103345,2026-05-23,S03,P08,2,50.00,微信
ORD101574,2026-05-11,S01,P18,2,36.00,会员储值
ORD114601,2026-08-08,S01,P02,2,60.00,微信
ORD112992,2026-07-27,S05,P17,2,24.00,现金
ORD108441,2026-06-27,S03,P07,1,22.00,微信
ORD113245,2026-07-31,S05,P05,1,-34.00,会员储值
ORD102930,2026-05-20,S04,P10,2,48.00,银行卡
ORD112873,2026-07-26,S05,P11,3,78.00,会员储值
ORD112448,2026-07-24,S02,P16,2,10.00,现金
ORD114178,2026-08-04,S04,P10,2,,银行卡
ORD107772,2026-06-22,S02,P03,1,26.00,银行卡
ORD104552,2026-05-31,S03,P08,1,25.00,现金
ORD116802,2026-08-23,S01,P09,1,18.00,支付宝
ORD103902,2026-05-27,S01,P12,2,16.00,银行卡
ORD117738,2026-08-29,S03,P08,3,75.00,支付宝
ORD100996,2026-05-07,S04,P03,1,26.00,银行卡
ORD108546,2026-06-27,S05,P02,2,60.00,支付宝
ORD113954,2026-08-03,S01,P01,2,64.00,微信
ORD106869,2026-06-16,S05,P03,1,26.00,现金
ORD111521,2026-07-18,S01,P01,1,32.00,现金
ORD117860,2026-08-30,S01,P02,1,30.00,微信
ORD113154,2026-07-29,S01,P15,2,12.00,银行卡
ORD111822,2026-07-19,S04,P19,1,15.00,现金
ORD102120,2026-05-15,S02,P05,2,68.00,微信
ORD105904,2026-06-09,S05,P19,2,30.00,银行卡
ORD117118,2026-08-24,S05,P20,1,22.00,现金
ORD107434,2026-06-20,S03,P09,1,18.00,支付宝
ORD118036,2026-08-31,S01,P19,1,15.00,银行卡
ORD115717,2026-08-15,S02,P06,1,45.00,微信
ORD105307,05-06-2026,S05,P04,1,38.00,支付宝
ORD105165,2026-06-04,S05,P16,2,10.00,银行卡
ORD111774,2026-07-19,S02,P10,1,24.00,支付宝
ORD104698,2026-06-01,S02,P02,2,60.00,支付宝
ORD107536,2026-06-21,S01,P12,1,8.00,银行卡
ORD100729,2026-05-05,S04,P15,2,12.00,现金
ORD100964,2026-05-07,S03,P03,2,52.00,微信
ORD115467,2026-08-13,S04,P10,2,48.00,现金
ORD114878,2026-08-09,S03,P21,1,16.00,支付宝
ORD117450,2026-08-27,S03,P08,2,50.00,会员储值
ORD115460,2026-08-13,S03,P02,1,30.00,现金
ORD104489,2026-05-31,S01,P18,1,18.00,现金
ORD103280,2026-05-23,S02,P15,2,12.00,银行卡
ORD107621,2026-06-21,S03,P09,3,54.00,会员储值
ORD102421,2026-05-17,S01,P11,1,26.00,会员储值
ORD112515,2026-07-25,S01,P02,2,60.00,银行卡
ORD106921,2026-06-17,S02,P06,2,84.00,现金
ORD107564,2026-06-21,S01,P02,1,30.00,现金
ORD114550,2026-08-07,S04,P10,1,24.00,现金
ORD103278,2026-05-23,S02,P04,2,76.00,支付宝
ORD108505,2026-06-27,S04,P11,1,26.00,支付宝
ORD109488,2026-07-04,S02,P06,2,90.00,会员储值
ORD105022,2026-06-03,S05,P01,1,32.00,会员储值
ORD109703,2026-07-05,S03,P01,1,32.00,银行卡
ORD113815,2026-08-02,S02,P06,1,45.00,支付宝
ORD113389,2026-07-30,S05,P05,1,34.00,微信
ORD117216,2026-08-25,S04,P03,3,78.00,微信
ORD112189,2026-07-22,S02,P04,2,76.00,微信
ORD101339,2026-05-09,S05,P09,2,36.00,现金
ORD111697,2026-07-18,S05,P05,2,68.00,微信
ORD110137,2026-07-08,S03,P09,1,18.00,微信
ORD113728,2026-08-01,S05,P21,2,32.00,会员储值
ORD108827,2026-06-29,S03,P08,1,25.00,银行卡
ORD101423,2026-05-10,S02,P06,1,42.00,现金
ORD113157,2026-07-29,S01,P01,3,96.00,现金
ORD116394,2026-08-20,S02,P04,2,76.00,银行卡
ORD114404,2026-08-06,S03,P99,1,26.00,银行卡
ORD101992,2026-05-14,S02,P05,1,34.00,会员储值
ORD117291,2026-08-26,S02,P05,1,34.00,微信
ORD112493,2026-07-25,S01,P18,2,36.00,微信
ORD100286,2026-05-02,S04,P06,1,42.00,支付宝
ORD103675,2026-05-25,S03,P09,1,18.00,支付宝
ORD110968,2026-07-13,S05,P01,2,64.00,银行卡
ORD112064,2026-07-21,S02,P03,3,78.00,现金
ORD108193,2026-06-25,S04,P11,1,26.00,银行卡
ORD111839,2026-07-19,S04,P15,1,6.00,会员储值
ORD104288,2026-05-30,S01,P20,1,22.00,支付宝
ORD107648,2026-06-21,S04,P10,2,48.00,银行卡
ORD111495,2026-07-17,S05,P07,2,44.00,现金
ORD117148,2026-08-25,S01,P03,2,52.00,支付宝
ORD100507,2026-05-03,S05,P03,1,26.00,银行卡
ORD104340,2026/5/30,S02,P13,1,20.00,支付宝
ORD106303,2026-06-13,S02,P05,2,68.00,微信
ORD100221,2026-05-02,S03,P09,1,18.00,支付宝
ORD113011,2026-07-28,S01,P02,1,30.00,会员储值
ORD109376,2026-07-03,S04,P11,1,26.00,会员储值
ORD107603,2026-06-21,S02,P06,1,42.00,支付宝
ORD116653,2026-08-22,S02,P04,1,38.00,微信
ORD101550,2026-05-10,S05,P05,1,34.00,支付宝
ORD106821,2026-06-16,S03,P09,3,54.00,支付宝
ORD102922,2026-05-20,S03,P05,1,34.00,银行卡
ORD105962,2026-06-10,S02,P11,1,26.00,支付宝
ORD111129,2026-07-15,S01,P15,3,18.00,会员储值
ORD116306,2026-08-19,S04,P21,1,16.00,微信
ORD113736,2026-08-01,S05,P08,1,25.00,支付宝
ORD101941,2026-05-13,S05,P08,1,25.00,微信
ORD105011,2026-06-03,S04,P06,1,42.00,微信
ORD104032,2026-05-28,S01,P14,2,20.00,现金
ORD102202,2026-05-15,S05,P01,1,32.00,支付宝
ORD105810,08-06-2026,S05,P02,3,90.00,支付宝
ORD112715,2026-07-26,S02,P13,1,20.00,银行卡
ORD112106,2026-07-21,S03,P02,1,30.00,微信
ORD103302,2026-05-23,S02,P06,1,42.00,银行卡
ORD110484,2026-07-11,S01,P12,2,16.00,银行卡
ORD101409,2026-05-10,S02,P13,1,20.00,微信
ORD112406,2026-07-23,S05,P10,1,24.00,会员储值
ORD106228,2026-06-12,S04,P15,1,6.00,支付宝
ORD105865,2026-06-09,S02,P11,1,26.00,支付宝
ORD100239,2026-05-02,S03,P09,2,36.00,现金
ORD113573,2026-08-01,S01,P02,1,30.00,会员储值
ORD100053,2026-05-01,S03,P04,1,38.00,现金
ORD116997,2026-08-24,S01,P21,1,16.00,会员储值
ORD105780,2026-06-08,S04,P03,1,26.00,微信
ORD109222,2026-07-02,S03,P09,1,18.00,银行卡
ORD100069,2026-05-01,S03,P07,2,44.00,现金
ORD100100,2026-05-01,S04,P01,2,64.00,银行卡
ORD109105,2026-07-01,S03,P04,1,38.00,微信
ORD109091,2026-07-01,S03,P04,1,38.00,会员储值
ORD117458,2026-08-27,S03,P03,1,26.00,现金
ORD116039,2026-08-16,S05,P14,2,20.00,银行卡
ORD109173,2026-07-02,S01,P08,1,25.00,微信
ORD101905,2026-05-13,S04,P12,1,8.00,银行卡
ORD113972,2026-08-03,S02,P14,1,10.00,现金
ORD106065,2026-06-11,S02,P04,3,114.00,银行卡
ORD105559,2026-06-07,S02,P18,2,36.00,会员储值
ORD103025,2026-05-21,S02,P13,1,20.00,会员储值
ORD102717,2026-05-18,S05,P20,2,44.00,支付宝
ORD101061,2026-05-08,S02,P04,1,38.00,微信
ORD117023,2026-08-24,S02,P05,2,68.00,支付宝
ORD114890,2026-08-09,S03,P01,2,64.00,会员储值
ORD104235,2026-05-29,S04,P10,2,48.00,会员储值
ORD114692,2026-08-08,S03,P09,1,18.00,现金
ORD114318,2026-08-05,S05,P10,3,72.00,支付宝
ORD102854,2026-05-19,S05,P03,1,26.00,微信
ORD107711,2026-06-21,S05,P15,1,6.00,现金
ORD107776,2026-06-22,S03,P07,1,22.00,现金
ORD117414,2026-08-27,S01,P19,1,15.00,微信
ORD116262,2026-08-19,S01,P07,2,44.00,会员储值
ORD103904,2026-05-27,S01,P15,3,18.00,现金
ORD114802,2026-08-09,S01,P02,1,30.00,现金
ORD116060,2026-08-17,S01,P21,1,16.00,现金
ORD106380,2026-06-13,S04,P13,1,-20.00,微信
ORD109920,2026-07-06,S05,P03,1,26.00,支付宝
ORD100443,2026-05-03,S03,P07,1,22.00,现金
ORD108902,2026-06-30,S01,P08,1,25.00,支付宝
ORD110940,2026-07-13,S04,P10,2,48.00,微信
ORD105956,2026-06-10,S02,P16,1,5.00,支付宝
ORD110886,2026-07-13,S02,P05,2,68.00,微信
ORD103258,2026-05-23,S01,P02,1,30.00,微信
ORD116735,2026-08-22,S04,P06,1,45.00,银行卡
ORD113133,2026-07-28,S05,P02,2,60.00,会员储值
ORD112689,2026-07-26,S01,P01,2,64.00,会员储值
ORD107638,2026-06-21,S03,P09,1,18.00,银行卡
ORD115097,2026-08-10,S04,P21,2,32.00,支付宝
ORD109184,2026-07-02,S02,P05,1,34.00,银行卡
ORD106373,2026-06-13,S03,P14,1,10.00,支付宝
ORD103212,2026-05-22,S05,P19,1,15.00,支付宝
ORD112749,2026-07-26,S02,P04,1,38.00,会员储值
ORD105074,2026-06-04,S02,P04,1,38.00,银行卡
ORD104150,2026-05-29,S01,P02,1,30.00,支付宝
ORD103598,2026-05-24,S05,P19,2,30.00,现金
ORD116914,2026-08-23,S03,P09,3,54.00,会员储值
ORD115189,2026-08-11,S03,P16,3,15.00,现金
ORD102634,2026-05-18,S01,P01,1,32.00,现金
ORD101021,2026-05-07,S05,P02,1,30.00,会员储值
ORD102219,2026-05-16,S01,P12,3,24.00,微信
ORD101246,2026-05-09,S03,P09,1,18.00,会员储值
ORD108108,2026-06-24,S05,P09,1,18.00,会员储值
ORD105529,2026-06-07,S01,P02,1,30.00,会员储值
ORD102563,2026-05-17,S04,P14,1,10.00,微信
ORD109118,2026-07-01,S04,P13,1,20.00,支付宝
ORD103017,2026-05-21,S02,P07,2,44.00,支付宝
ORD100947,2026-05-07,S02,P03,1,26.00,支付宝
ORD103570,2026-05-24,S04,P14,2,20.00,支付宝
ORD113675,2026-08-01,S04,P13,1,20.00,微信
ORD103702,2026-05-25,S04,P16,1,5.00,会员储值
ORD102834,2026-05-19,S04,P03,1,26.00,微信
ORD114863,2026-08-09,S02,P21,1,16.00,银行卡
ORD103443,2026-05-24,S01,P02,2,60.00,支付宝
ORD117496,2026-08-27,S05,P11,2,52.00,会员储值
ORD115693,2026-08-15,S02,P06,2,90.00,现金
ORD116855,2026-08-23,S02,P12,3,24.00,现金
ORD104567,2026-05-31,S03,P08,2,50.00,支付宝
ORD101613,2026-05-11,S03,P08,1,25.00,会员储值
ORD100108,2026-05-01,S05,P13,2,40.00,微信
ORD113073,2026-07-28,S03,P08,2,50.00,支付宝
ORD110600,2026-07-11,S04,P01,1,32.00,微信
ORD107215,2026-06-19,S01,P01,3,96.00,微信
ORD113817,2026-08-02,S02,P06,1,45.00,现金
ORD106527,2026-06-14,S02,P14,1,10.00,银行卡
ORD108689,2026-06-28,S04,P03,3,78.00,现金
ORD117536,2026-08-28,S01,P01,2,64.00,会员储值
ORD117077,2026-08-24,S04,P21,1,16.00,银行卡
ORD106998,2026-06-17,S05,P99,1,22.00,现金
ORD108706,2026-06-28,S04,P16,1,5.00,现金
ORD116194,2026-08-18,S03,P08,2,50.00,银行卡
ORD113577,2026-08-01,S02,P05,1,34.00,微信
ORD108293,2026-06-26,S03,P11,1,26.00,银行卡
ORD112803,2026-07-26,S04,P08,1,25.00,支付宝
ORD115607,2026-08-14,S04,P21,1,16.00,微信
ORD111362,2026-07-16,S05,P12,1,8.00,现金
ORD114710,2026-08-08,S03,P08,2,50.00,现金
ORD115412,2026-08-13,S02,P05,1,34.00,支付宝
ORD102548,2026-05-17,S04,P11,1,26.00,微信
ORD103704,2026-05-25,S04,P16,1,5.00,银行卡
ORD106103,2026-06-11,S05,P20,2,44.00,现金
ORD109716,2026-07-05,S03,P02,1,30.00,会员储值
ORD103484,2026-05-24,S02,P04,1,38.00,支付宝
ORD101819,2026-05-13,S01,P06,1,42.00,银行卡
ORD114598,2026-08-08,S01,P10,2,48.00,现金
ORD117617,2026-08-28,S05,P20,2,44.00,现金
ORD114229,2026-08-05,S01,P02,3,90.00,银行卡
ORD114992,2026-08-09,S05,P06,3,135.00,支付宝
ORD101784,2026-05-12,S04,P10,1,24.00,支付宝
ORD110340,2026-07-10,S01,P01,1,32.00,会员储值
ORD100249,2026-05-02,S04,P06,1,42.00,支付宝
ORD115731,2026-08-15,S03,P07,1,22.00,会员储值
ORD104929,2026-06-03,S01,P00,1,5.00,支付宝
ORD104530,2026-05-31,S02,P18,2,36.00,现金
ORD104314,2026-05-30,S02,P05,1,34.00,支付宝
ORD104414,2026-05-30,S04,P06,1,42.00,银行卡
ORD109051,2026-07-01,S01,P20,1,22.00,银行卡
ORD100954,2026-05-07,S02,P18,2,36.00,现金
ORD116469,2026-08-20,S05,P15,3,18.00,现金
ORD101097,2026-05-08,S03,P07,1,22.00,会员储值
ORD108808,2026-06-29,S02,P06,1,42.00,微信
ORD105602,07-06-2026,S03,P17,1,12.00,微信
ORD106347,2026-06-13,S03,P09,1,18.00,现金
ORD105805,2026-06-08,S05,P03,1,26.00,会员储值
ORD115485,2026-08-13,S04,P13,1,20.00,现金
ORD101674,2026-05-11,S05,P20,2,44.00,微信
ORD116124,2026-08-17,S05,P19,1,15.00,会员储值
ORD105387,2026-06-06,S02,P06,1,42.00,会员储值
ORD111607,2026-07-18,S03,P09,2,36.00,微信
ORD104136,2026-05-28,S05,P17,1,¥12.00,会员储值
ORD100936,2026-05-07,S02,P17,1,12.00,银行卡
ORD111041,2026-07-14,S03,P07,2,44.00,银行卡
ORD106272,2026-06-13,S01,P01,2,64.00,会员储值
ORD106025,2026-06-11,S01,P02,2,60.00,会员储值
ORD102406,2026-05-16,S05,P07,2,44.00,支付宝
ORD114163,2026-08-04,S04,P10,1,24.00,微信
ORD109628,2026-07-05,S01,P15,2,12.00,微信
ORD103388,2026-05-23,S05,P13,1,20.00,现金
ORD117769,2026-08-29,S04,P05,1,34.00,银行卡
ORD100106,2026-05-01,S05,P01,2,64.00,微信
ORD104997,2026-06-03,S04,P10,1,24.00,银行卡
ORD111136,2026-07-15,S01,P01,2,64.00,银行卡
ORD102034,2026-05-14,S04,P11,1,26.00,会员储值
ORD100622,2026-05-04,S04,P10,1,24.00,支付宝
ORD114660,2026-08-08,S02,P04,1,38.00,会员储值
ORD103669,2026-05-25,S02,P06,1,42.00,银行卡
ORD104859,2026-06-02,S04,P10,1,24.00,会员储值
ORD101461,2026-05-10,S03,P07,1,22.00,现金
ORD102798,2026-05-19,S03,P07,1,22.00,银行卡
ORD102397,2026-05-16,S05,P10,2,48.00,支付宝
ORD115654,2026-08-15,S01,P01,1,32.00,微信
ORD104180,2026-05-29,S02,P06,2,84.00,银行卡
ORD110378,2026-07-10,S02,P16,2,10.00,银行卡
ORD112828,2026-07-26,S04,P06,1,45.00,银行卡
ORD105468,2026-06-06,S04,P10,1,24.00,支付宝
ORD112145,2026-07-21,S05,P09,1,18.00,银行卡
ORD109865,2026-07-06,S03,P18,1,18.00,微信
ORD110099,2026-07-08,S02,P05,3,102.00,会员储值
ORD109878,2026-07-06,S03,P08,1,25.00,会员储值
ORD115161,2026-08-11,S02,P05,1,34.00,会员储值
ORD101294,2026-05-09,S04,P17,2,24.00,会员储值
ORD100502,2026-05-03,S05,P18,3,54.00,支付宝
ORD103912,2026-05-27,S02,P05,3,102.00,银行卡
ORD103458,2026-05-24,S01,P20,3,66.00,会员储值
ORD108286,2026-06-26,S03,P07,1,22.00,微信
ORD114916,2026-08-09,S04,P11,2,52.00,微信
ORD113372,2026-07-30,S04,P15,1,6.00,现金
ORD113657,2026-08-01,S04,P12,1,8.00,银行卡
ORD117492,2026-08-27,S05,P17,3,36.00,会员储值
ORD117528,2026-08-28,S01,P03,2,52.00,会员储值
ORD116829,2026-08-23,S01,P21,3,48.00,现金
ORD103914,2026-05-27,S02,P04,2,76.00,微信
ORD103000,2026-05-21,S01,P09,1,18.00,支付宝
ORD115831,2026-08-15,S05,P20,2,44.00,银行卡
ORD116892,2026-08-23,S03,P21,2,32.00,会员储值
ORD115059,2026-08-10,S03,P20,1,22.00,银行卡
ORD113952,2026-08-03,S01,P02,1,30.00,支付宝
ORD113825,2026-08-02,S03,P08,1,25.00,支付宝
ORD117648,2026-08-29,S01,P01,1,32.00,银行卡
ORD100378,2026-05-03,S02,P02,1,30.00,银行卡
ORD106220,2026-06-12,S04,P11,1,26.00,支付宝
ORD106643,2026-06-15,S01,P17,2,24.00,微信
ORD112396,2026-07-23,S04,P18,1,18.00,现金
ORD103778,2026-05-26,S01,P02,2,60.00,微信
ORD108615,2026-06-28,S02,P15,3,18.00,会员储值
ORD117734,2026-08-29,S03,P08,3,75.00,会员储值
ORD109477,2026-07-04,S02,P04,2,76.00,支付宝
ORD112748,2026-07-26,S02,P04,1,38.00,会员储值
ORD113730,2026-08-01,S05,P20,1,22.00,微信
ORD110756,2026-07-12,S03,P13,2,40.00,现金
ORD116454,2026-08-20,S05,P05,1,34.00,现金
ORD106421,2026-06-13,S05,P02,3,90.00,现金
ORD102133,2026-05-15,S02,P06,1,42.00,微信
ORD103317,2026-05-23,S03,P08,1,25.00,支付宝
ORD113458,2026-07-31,S03,P08,2,50.00,现金
ORD102062,2026-05-14,S05,P08,3,75.00,会员储值
ORD105136,2026-06-04,S04,P16,1,5.00,微信
ORD113374,2026-07-30,S04,P12,1,8.00,现金
ORD105244,2026-06-05,S03,P09,1,18.00,银行卡
ORD103038,2026-05-21,S03,P18,1,18.00,支付宝
ORD111943,2026-07-20,S02,P13,1,20.00,支付宝
ORD105787,2026-06-08,S04,P03,1,26.00,银行卡
ORD112872,2026-07-26,S05,P18,1,18.00,微信
ORD105404,2026-06-06,S03,P08,1,25.00,现金
ORD115151,2026-08-11,S01,P02,3,90.00,会员储值
ORD110067,2026-07-07,S05,P17,1,12.00,银行卡
ORD105362,2026-06-06,S02,P02,1,30.00,微信
ORD107947,2026-06-23,S04,P10,3,72.00,现金
ORD110301,2026-07-09,S04,P10,2,48.00,微信
ORD109401,2026-07-03,S05,P02,2,60.00,微信
ORD111389,2026-07-17,S01,P18,2,36.00,微信
ORD100116,2026-05-01,S05,P16,1,5.00,支付宝
ORD115255,2026-08-11,S05,P16,1,5.00,现金
ORD104935,2026-06-03,S02,P04,2,76.00,支付宝
ORD108150,2026-06-25,S02,P04,1,38.00,支付宝
ORD108387,2026-06-27,S01,P01,1,32.00,现金
ORD111638,2026-07-18,S04,P11,1,26.00,银行卡
ORD106959,2026-06-17,S03,P07,3,66.00,微信
ORD100631,2026-05-04,S05,P09,2,36.00,现金
ORD111184,2026-07-15,S03,P07,1,22.00,银行卡
ORD117030,2026-08-24,S02,P06,1,45.00,现金
ORD109907,2026-07-06,S04,P16,1,5.00,银行卡
ORD104648,2026-05-31,S05,P08,2,50.00,会员储值
ORD110422,2026-07-10,S04,P11,1,26.00,会员储值
ORD101919,2026-05-13,S04,P10,1,24.00,支付宝
ORD109615,2026-07-04,S05,P19,3,45.00,银行卡
ORD111159,2026-07-15,S02,P07,1,22.00,微信
ORD100855,2026-05-06,S03,P08,1,25.00,银行卡
ORD112088,2026-07-21,S03,P07,1,22.00,微信
ORD107098,2026-06-18,S02,P06,3,87.00,微信
ORD100669,2026-05-05,S01,P05,1,34.00,银行卡
ORD103018,2026-05-21,S02,P04,1,38.00,现金
ORD105457,2026-06-06,S04,P10,2,48.00,微信
ORD101133,2026-05-08,S04,P15,2,,会员储值
ORD100934,2026-05-07,S02,P06,1,42.00,支付宝
ORD102257,2026-05-16,S02,P04,2,76.00,支付宝
ORD113585,2026-08-01,S02,P14,1,10.00,支付宝
ORD108731,2026-06-28,S05,P09,1,18.00,现金
ORD107117,2026-06-18,S02,P06,3,87.00,微信
ORD114391,2026-08-06,S03,P09,1,18.00,支付宝
ORD114951,2026-08-09,S04,P20,2,44.00,微信
ORD117561,2026-08-28,S02,P05,1,34.00,现金
ORD104396,2026-05-30,S04,P10,2,48.00,会员储值
ORD115172,2026-08-11,S02,P21,2,32.00,支付宝
ORD116905,2026-08-23,S03,P17,2,24.00,会员储值
ORD112490,2026-07-25,S01,P09,2,36.00,会员储值
ORD109383,2026-07-03,S04,P14,2,20.00,微信
ORD101649,2026-05-11,S04,P10,2,48.00,支付宝
ORD115666,2026-08-15,S01,P11,2,52.00,现金
ORD101447,2026-05-10,S03,P09,2,36.00,支付宝
ORD110541,2026-07-11,S03,P07,2,44.00,微信
ORD115271,2026-08-12,S01,P02,1,30.00,会员储值
ORD108178,2026-06-25,S03,P02,2,60.00,现金
ORD110250,2026-07-09,S03,P07,3,66.00,会员储值
ORD117654,2026-08-29,S01,P02,1,30.00,银行卡
ORD103795,2026-05-26,S02,P05,1,34.00,银行卡
ORD100922,2026-05-07,S01,P13,1,20.00,会员储值
ORD105181,2026-06-05,S01,P01,2,64.00,微信
ORD113776,2026-08-02,S01,P02,2,60.00,银行卡
ORD103823,2026-05-26,S03,P13,1,20.00,微信
ORD109366,2026-07-03,S04,P18,1,18.00,银行卡
ORD105107,2026-06-04,S03,P03,1,¥ 26.00,微信
ORD114015,2026-08-03,S03,P08,2,50.00,支付宝
ORD112784,2026-07-26,S03,P05,1,34.00,银行卡
ORD112459,2026-07-24,S03,P09,2,36.00,现金
ORD111189,2026-07-15,S04,P09,1,18.00,支付宝
ORD116685,2026-08-22,S02,P07,1,22.00,现金
ORD109492,2026-07-04,S02,P04,1,38.00,现金
ORD112291,2026-07-22,S05,P06,1,45.00,银行卡
ORD101607,2026-05-11,S02,P05,2,68.00,会员储值
ORD103495,2026-05-24,S02,P05,3,102.00,微信
ORD109246,2026-07-02,S04,P16,1,5.00,微信
ORD106194,2026-06-12,S03,P07,1,22.00,现金
ORD105631,2026-06-07,S03,P13,1,20.00,现金
ORD101960,2026-05-14,S01,P01,1,32.00,微信
ORD104504,2026-05-31,S01,P01,1,32.00,银行卡
ORD112240,2026-07-22,S03,P09,2,36.00,会员储值
ORD105728,2026-06-08,S01,P17,1,12.00,现金
ORD110469,2026-07-11,S01 ,P20,1,22.00,银行卡
ORD116412,2026-08-20,S03,P07,1,22.00,现金
ORD107199,2026-06-18,S05,P09,1,18.00,银行卡
ORD100838,2026-05-06,S03,P09,2,,会员储值
ORD111860,2026-07-19,S04,P10,1,24.00,微信
ORD108550,2026-06-27,S05,P17,1,12.00,银行卡
ORD102018,2026-05-14,S03,P14,1,10.00,现金
ORD110112,2026-07-08,S02,P13,1,20.00,现金
ORD107928,2026-06-23,S04,P05,1,34.00,会员储值
ORD110286,2026-07-09,S04,P11,1,26.00,现金
ORD107578,2026-06-21,S02,P06,2,84.00,会员储值
ORD111200,2026-07-15,S04,P12,1,8.00,银行卡
ORD101868,2026-05-13,S02,P04,1,38.00,微信
ORD105428,2026-06-06,S03,P08,1,25.00,会员储值
ORD117842,2026-08-30,S01,P12,2,16.00,支付宝
ORD113448,2026-07-31,S02,P05,1,34.00,银行卡
ORD115090,2026-08-10,S04,P10,2,48.00,支付宝
ORD116551,2026-08-21,S03,P08,2,50.00,会员储值
ORD103316,2026-05-23,S03,P07,2,44.00,微信
ORD114209,2026-08-05,S01,P18,1,18.00,现金
ORD107926,2026-06-23,S03,P09,2,36.00,微信
ORD103887,2026-05-27,S01,P02,1,30.00,现金
ORD104901,2026-06-02,S05,P20,2,44.00,支付宝
ORD113381,2026-07-30,S05,P07,1,22.00,现金
ORD117138,2026-08-25,S01,P02,1,30.00,微信
ORD113538,2026-08-01,S01,P03,2,52.00,支付宝
ORD109541,2026-07-04,S03,P09,1,18.00,支付宝
ORD109162,2026-07-02,S01,P11,1,26.00,会员储值
ORD115939,2026-08-16,S03,P02,1,30.00,银行卡
ORD107213,2026-06-19,S01,P08,1,25.00,支付宝
ORD113877,2026-08-02,S04,P10,1,24.00,会员储值
ORD110071,2026-07-08,S01,P11,1,26.00,支付宝
ORD106687,2026-06-15,S02,P06,1,42.00,现金
ORD116423,2026-08-20,S03,P08,2,50.00,微信
ORD107074,2026-06-18,S02,P06,2,58.00,会员储值
ORD104633,2026-05-31,S05,P18,1,18.00,支付宝
ORD111056,2026-07-14,S03,P02,2,60.00,会员储值
ORD112397,2026-07-23,S04,P10,1,24.00,银行卡
ORD110173,2026-07-08,S05,P03,2,52.00,会员储值
ORD111272,2026-07-16,S02,P04,1,38.00,支付宝
ORD107945,2026-06-23,S04,P10,1,24.00,现金
ORD100610,2026-05-04,S04,P03,1,26.00,现金
ORD116674,2026-08-22,S02,P03,3,78.00,支付宝
ORD108226,2026-06-25,S05,P10,2,48.00,银行卡
ORD113845,2026-08-02,S03,P15,1,6.00,支付宝
ORD104004,2026-05-27,S05,P02,2,60.00,会员储值
ORD101191,2026-05-09,S01,P14,1,10.00,现金
ORD109436,2026-07-04,S01,P10,1,24.00,现金
ORD102057,2026-05-14,S05,P04,2,76.00,会员储值
ORD102797,2026-05-19,S03,P19,1,15.00,现金
ORD115558,2026-08-14,S02,P05,1,34.00,支付宝
ORD115924,2026-08-16,S03,P07,2,44.00,支付宝
ORD111934,2026-07-20,S02,P09,1,18.00,微信
ORD111570,2026-07-18,S02,P18,2,36.00,现金
ORD105008,2026-06-03,S04,P11,1,26.00,会员储值
ORD104476,2026-05-31,S01,P02,1,30.00,微信
ORD115917,2026-08-16,S03,P10,1,24.00,会员储值
ORD108403,2026-06-27,S02,P05,1,34.00,支付宝
ORD116535,2026-08-21,S03,P07,1,22.00,支付宝
ORD117995,2026-08-30,S05,P14,2,20.00,微信
ORD108379,2026-06-27,S01,P13,1,20.00,银行卡
ORD101223,2026-05-09,S02,P17,2,24.00,银行卡
ORD112451,2026-07-24,S02,P11,3,78.00,支付宝
ORD113071,2026-07-28,S03,P10,1,24.00,微信
ORD102087,2026-05-15,S01,P09,1,18.00,支付宝
ORD107528,2026-06-20,S05,P01,1,32.00,会员储值
ORD104778,2026-06-01,S05,P03,1,26.00,微信
ORD107662,2026-06-21,S04,P10,2,48.00,支付宝
ORD109984,2026-07-07,S02,P05,1,34.00,微信
ORD103241,2026-05-23,S01,P13,1,20.00,支付宝
ORD106668,2026-06-15,S02,P06,2,84.00,微信
ORD105135,2026-06-04,S04,P05,1,34.00,银行卡
ORD111114,2026-07-15,S01,P18,3,54.00,银行卡
ORD117461,2026-08-27,S03,P08,1,25.00,会员储值
ORD115980,2026-08-16,S04,P18,2,36.00,银行卡
ORD115775,2026-08-15,S04,P16,2,10.00,银行卡
ORD103583,2026-05-24,S04,P17,2,24.00,支付宝
ORD100970,2026-05-07,S03,P04,1,38.00,会员储值
ORD109697,2026-07-05,S02,P04,1,38.00,会员储值
ORD102255,2026-05-16,S01,p15,2,12.00,银行卡
ORD101900,2026-05-13,S04,P10,1,24.00,银行卡
ORD108133,2026-06-25,S02,P20,1,22.00,银行卡
ORD101308,2026-05-09,S04,P11,1,26.00,银行卡
ORD112222,2026-07-22,S03,P08,1,25.00,微信
ORD105581,2026-06-07,S02,P20,1,22.00,支付宝
ORD115721,2026-08-15,S02,P06,1,45.00,微信
ORD100132,2026-05-02,S01,P03,1,26.00,现金
ORD105568,2026-06-07,S02,P05,1,34.00,会员储值
ORD111028,2026-07-14,S02,P12,2,16.00,银行卡
ORD109867,2026-07-06,S03,P11,1,26.00,会员储值
ORD103994,2026-05-27,S05,P04,1,38.00,会员储值
ORD106349,2026-06-13,S03,P05,3,102.00,支付宝
ORD114030,2026-08-03,S04,P10,1,24.00,微信
ORD101106,2026-05-08,S03,P09,1,18.00,会员储值
ORD102938,2026/5/20,S04,P11,1,26.00,支付宝
ORD116129,2026-08-17,S05,P06,1,45.00,现金
ORD117337,2026-08-26,S04,P15,3,18.00,微信
ORD115013,2026-08-10,S01,P06,3,135.00,微信
ORD102820,2026-05-19,S04,P17,3,36.00,现金
ORD100989,2026-05-07,S04,P08,1,25.00,会员储值
ORD102422,2026/5/17,S01,P12,1,8.00,现金
ORD102005,2026-05-14,S03,P07,1,22.00,现金
ORD113405,2026-07-31,S01,P03,1,26.00,银行卡
ORD113929,2026-08-02,S05,P20,2,44.00,支付宝
ORD105270,2026-06-05,S04,P11,2,52.00,支付宝
ORD112485,2026-07-25,S01,P17,2,24.00,银行卡
ORD104529,2026-05-31,S02,P06,2,84.00,会员储值
ORD115358,2026-08-12,S05,P08,1,25.00,现金
ORD116683,2026-08-22,S02,P19,1,15.00,会员储值
ORD109957,2026-07-07,S01,P06,1,45.00,微信
ORD115643,2026-08-15,S01,P07,2,,会员储值
ORD106861,2026-06-16,S04,P13,1,20.00,支付宝
ORD103930,2026-05-27,S02,P05,2,68.00,现金
ORD103371,2026-05-23,S04,P12,2,16.00,现金
ORD100694,2026-05-05,S02,P01,1,32.00,支付宝
ORD106966,2026-06-17,S04,P10,1,24.00,现金
ORD107127,2026-06-18,S03,P07,1,22.00,会员储值
ORD116758,2026-08-22,S04,P10,1,,银行卡
ORD114202,2026-08-04,S05,P20,1,22.00,支付宝
ORD110945,2026-07-13,S04,P03,1,26.00,会员储值
ORD117567,2026-08-28,S03,P07,2,44.00,银行卡
ORD102287,2026-05-16,S02,P06,3,126.00,现金
ORD107701,2026-06-21,S05,P01,2,64.00,现金
ORD101101,2026-05-08,S03,P07,1,22.00,会员储值
ORD106678,2026-06-15,S02,P05,1,34.00,支付宝
ORD106269,2026-06-13,S01,P01,2,64.00,微信
ORD113997,2026-08-03,S03,P07,2,44.00,银行卡
ORD105511,2026-06-06,S05,P14,1,10.00,银行卡
ORD101492,2026-05-10,S04,P16,1,5.00,会员储值
ORD107717,2026-06-21,S05,P11,1,26.00,银行卡
ORD111794,2026-07-19,S03,P08,2,50.00,现金
ORD103963,2026-05-27,S04,P02,1,30.00,支付宝
ORD101234,2026-05-09,S02,P18,1,18.00,微信
ORD100844,2026-05-06,S03,P16,2,10.00,银行卡
ORD100759,2026-05-05,S05,P14,2,20.00,微信
ORD108413,2026-06-27,S02,P06,1,42.00,现金
ORD100974,2026-05-07,S03,P10,1,24.00,现金
ORD108365,2026-06-27,S01,P01,2,64.00,现金
ORD114402,2026-08-06,S03,P17,1,12.00,现金
ORD112557,2026-07-25,S02,P04,2,76.00,支付宝
ORD102459,2026-05-17,S01,P13,1,20.00,会员储值
ORD103455,2026-05-24,S01,P18,1,18.00,银行卡
ORD113663,2026-08-01,S04,P11,2,52.00,支付宝
ORD103175,2026-05-22,S03,P14,1,10.00,微信
ORD102218,2026-05-16,S01,P03,1,26.00,现金
ORD109350,2026-07-03,S03,P19,2,30.00,会员储值
ORD115806,2026-08-15,S05,P21,1,16.00,支付宝
ORD111876,2026-07-19,S05,P13,1,20.00,支付宝
ORD117326,2026-08-26,S03,P07,3,66.00,微信
ORD114527,2026-08-07,S03,P02,1,30.00,现金
ORD117847,2026-08-30,S01,P03,3,78.00,现金
ORD114373,2026-08-06,S02,P06,1,45.00,银行卡
ORD102726,2026-05-18,S05,P01,2,64.00,微信
ORD116882,2026-08-23,S03,P21,1,16.00,会员储值
ORD113201,2026-07-29,S03,P20,1,22.00,会员储值
ORD110744,2026-07-12,S03,P07,1,22.00,微信
ORD102101,2026-05-15,S01,P02,1,30.00,会员储值
ORD103765,2026-05-26,S01,P13,1,20.00,现金
ORD108596,2026-06-28,S01,P01,2,64.00,微信
ORD104403,2026-05-30,S04,P10,2,48.00,微信
ORD103593,2026-05-24,S05,P06,1,42.00,支付宝
ORD110947,2026-07-13,S04,P10,1,24.00,微信
ORD107226,2026-06-19,S02,P04,1,38.00,银行卡
ORD104044,2026-05-28,S02,P05,2,68.00,现金
ORD114894,2026-08-09,S03,P18,1,18.00,微信
ORD106061,2026-06-11,S02,P05,2,68.00,银行卡
ORD107663,2026-06-21,S04,P12,1,8.00,银行卡
ORD100544,2026-05-04,S01,P02,1,30.00,微信
ORD111743,2026-07-19,S01,P16,1,,支付宝
ORD115633,2026-08-14,S05,P20,2,44.00,现金
ORD105934,2026-06-10,S01,P08,3,75.00,支付宝
ORD109427,2026-07-04,S01,P17,1,12.00,会员储值
ORD102974,2026-05-20,S05,P03,1,26.00,现金
ORD115115,2026-08-10,S05,P19,1,15.00,银行卡
ORD107171,2026-06-18,S04,P20,2,44.00,支付宝
ORD103178,2026-05-22,S03,P17,2,24.00,现金
ORD115555,2026-08-14,S02,P03,3,78.00,现金
ORD103932,2026-05-27,S02,P12,2,16.00,支付宝
ORD104171,2026-05-29,S02,P04,2,76.00,支付宝
ORD102698,2026-05-18,S04,P10,1,24.00,支付宝
ORD111878,2026-07-19,S05,P07,1,22.00,银行卡
ORD103744,2026-05-25,S05,P08,2,50.00,会员储值
ORD104558,2026-05-31,S03,P06,1,42.00,现金
ORD105696,2026-06-07,S05,P18,2,36.00,会员储值
ORD102539,2026-05-17,S04,P11,1,26.00,微信
ORD107929,2026-06-23,S04,P03,1,26.00,会员储值
ORD111385,2026-07-17,S01,P19,2,30.00,支付宝
ORD112243,2026-07-22,S03,P08,2,50.00,银行卡
ORD104449,2026-05-30,S05,P14,2,20.00,支付宝
ORD103521,2026-05-24,S03,P08,2,50.00,支付宝
ORD108601,2026-06-28,S01,P01,2,64.00,支付宝
ORD117263,2026-08-26,S01,P03,1,26.00,微信
ORD112283,2026-07-22,S05,P03,2,52.00,银行卡
ORD110821,2026-07-12,S05,P03,1,26.00,支付宝
ORD113021,2026-07-28,S01,P10,1,24.00,银行卡
ORD114869,2026-08-09,S02,P04,1,38.00,现金
ORD107372,2026-06-20,S02,P12,1,8.00,银行卡
ORD108277,2026-06-26,S02,P04,1,38.00,现金
ORD106095,2026-06-11,S04,P07,2,44.00,现金
ORD100276,2026-05-02,S04,P03,2,52.00,会员储值
ORD110621,2026-07-11,S05,P19,2,30.00,会员储值
ORD114448,2026-08-06,S05,P03,1,26.00,现金
ORD116684,2026-08-22,S02,P06,1,45.00,银行卡
ORD111719,2026-07-19,S01,P03,3,78.00,微信
ORD108464,2026-06-27,S03,P09,2,36.00,银行卡
ORD103251,2026-05-23,S01,P10,2,48.00,支付宝
ORD113223,2026-07-29,S04,P11,1,26.00,微信
ORD101237,2026-05-09,S02,P05,1,34.00,支付宝
ORD102843,2026-05-19,S05,P03,1,26.00,会员储值
ORD112739,2026-07-26,S02,P02,2,60.00,银行卡
ORD100807,2026-05-06,S02,P06,3,126.00,支付宝
ORD104313,2026-05-30,S02,P05,2,68.00,现金
ORD115242,2026-08-11,S05,P19,1,,微信
ORD111755,2026-07-19,S02,P04,2,76.00,现金
ORD102225,2026-05-16,S01,P15,2,12.00,会员储值
ORD115615,2026-08-14,S04,P15,2,12.00,支付宝
ORD102659,2026-05-18,S02,P05,2,68.00,支付宝
ORD107987,2026-06-24,S01,P07,2,44.00,现金
ORD106988,2026-06-17,S05,P05,1,34.00,现金
ORD112195,2026-07-22,S02,P05,2,68.00,银行卡
ORD104999,2026-06-03,S04,P10,1,24.00,会员储值
ORD112523,2026-07-25,S02,P03,2,52.00,支付宝
ORD100029,2026-05-01,S02,P04,1,38.00,支付宝
ORD101198,2026-05-09,S01,P11,1,26.00,银行卡
ORD102760,2026-05-19,S01,P01,1,32.00,微信
ORD102835,2026-05-19,S05,P04,1,38.00,会员储值
ORD102780,2026-05-19,S02,P04,2,76.00,微信
ORD105080,2026-06-04,S02,P11,1,26.00,微信
ORD103314,2026-05-23,S03,P09,1,18.00,支付宝
ORD110464,2026-07-11,S01,P01,2,64.00,现金
ORD106962,2026-06-17,S04,P16,1,5.00,支付宝
ORD101650,2026-05-11,S04,P10,2,48.00,微信
ORD110427,2026-07-10,S04,P13,2,40.00,银行卡
ORD110125,2026-07-08,S03,P06,2,90.00,银行卡
ORD108568,2026-06-28,S01,P15,1,6.00,会员储值
ORD110974,2026-07-13,S05,P07,1,22.00,会员储值
ORD112961,2026-07-27,S04,P19,1,15.00,支付宝
ORD113505,2026-07-31,S04,P11,1,26.00,现金
ORD112967,2026-07-27,S04,P18,2,36.00,支付宝
ORD108669,2026-06-28,S03,P17,2,24.00,银行卡
ORD113189,2026-07-29,S02,P04,1,38.00,现金
ORD112790,2026-07-26,S03,P01,1,32.00,支付宝
ORD107150,2026-06-18,S04,P03,2,52.00,会员储值
ORD113324,2026-07-30,S02,P04,1,38.00,支付宝
ORD100986,2026-05-07,S04,P11,1,26.00,会员储值
ORD104334,2026-05-30,S02,P02,1,30.00,会员储值
ORD102247,2026-05-16,S01,P18,3,54.00,银行卡
ORD113806,2026-08-02,S02,P07,2,44.00,银行卡
ORD116833,2026-08-23,S01,P15,2,12.00,微信
ORD116270,2026-08-19,S01,P03,2,52.00,微信
ORD109641,2026-07-05,S01,P09,2,36.00,支付宝
ORD102492,2026-05-17,S02,P19,2,30.00,现金
ORD115986,2026-08-16,S04,P12,1,8.00,支付宝
ORD100606,2026-05-04,S04,P10,3,72.00,微信
ORD115330,2026-08-12,S04,P15,1,6.00,支付宝
ORD104092,2026-05-28,S04,P11,1,26.00,会员储值
ORD111785,2026-07-19,S03,P07,3,66.00,现金
ORD100811,2026-05-06,S02,P14,2,20.00,支付宝
ORD103952,2026-05-27,S03,P07,2,44.00,现金
ORD115359,2026-08-12,S05,P20,2,44.00,会员储值
ORD110252,2026-07-09,S03,P19,2,30.00,支付宝
ORD116049,2026/8/17,s01,P18,3,54.00,微信
ORD117963,2026-08-30,S04,P12,3,24.00,会员储值
ORD112011,2026-07-20,S05,P08,1,25.00,现金
ORD108650,2026-06-28,S03,P01,2,64.00,支付宝
ORD116603,2026-08-22,S01,P04,1,38.00,支付宝
ORD102410,2026-05-16,S05,P17,1,12.00,现金
ORD100234,2026-05-02,S03,P14,1,10.00,会员储值
ORD102783,2026-05-19,S02,P04,1,38.00,银行卡
ORD111865,2026-07-19,S05,P20,1,22.00,会员储值
ORD104609,2026-05-31,S04,P10,1,24.00,银行卡
ORD112925,2026-07-27,S03,P12,2,16.00,支付宝
ORD112905,2026-07-27,S02,P03,3,78.00,微信
ORD115435,2026-08-13,S02,P06,1,45.00,现金
ORD107862,2026-06-23,S01,P18,3,54.00,会员储值
ORD102143,2026-05-15,S03,P02,1,30.00,会员储值
ORD113261,2026-07-29,S05,P19,1,15.00,银行卡
ORD112436,2026-07-24,S01,P14,2,20.00,微信
ORD111284,2026-07-16,S02,P07,1,22.00,现金
ORD117270,2026-08-26,S01,P01,1,32.00,银行卡
ORD107574,2026-06-21,S02,P04,1,38.00,支付宝
ORD103425,2026-05-23,S05,P19,1,15.00,银行卡
ORD105203,2026-06-05,S01,P10,2,48.00,银行卡
ORD110016,2026-07-07,S04,P10,1,-24.00,支付宝
ORD112402,2026-07-23,S04,P04,1,38.00,微信
ORD108480,2026-06-27,S03,P08,1,25.00,银行卡
ORD105139,2026-06-04,S04,P10,1,24.00,现金
ORD110398,2026-07-10,S03,P07,1,22.00,会员储值
ORD112270,2026-07-22,S05,P03,1,26.00,银行卡
ORD113052,2026-07-28,S02,P04,1,38.00,现金
ORD111711,2026-07-19,S01,P12,3,24.00,银行卡
ORD112327,2026-07-23,S02,P12,1,8.00,会员储值
ORD103243,2026-05-23,S01,P09,1,18.00,会员储值
ORD110145,2026-07-08,S03,P15,1,6.00,会员储值
ORD110816,2026-07-12,S05,P12,2,16.00,现金
ORD106846,2026-06-16,S04,P11,2,52.00,会员储值
ORD102556,2026-05-17,S04,P11,1,26.00,微信
ORD101307,2026-05-09,S04,P11,1,26.00,现金
ORD102649,2026-05-18,S02,P14,1,10.00,会员储值
ORD103626,2026-05-24,S05,P06,1,42.00,微信
ORD110684,2026-07-12,S01,P01,1,32.00,会员储值
ORD108775,2026-06-29,S01,P03,2,52.00,支付宝
ORD104167,2026-05-29,S01,P12,1,8.00,现金
ORD103328,2026-05-23,S03,P08,2,50.00,银行卡
ORD108442,2026-06-27,S03,P09,1,18.00,微信
ORD114837,2026-08-09,S02,P10,1,24.00,现金
ORD113590,2026-08-01,S02,P17,1,12.00,会员储值
ORD101337,2026-05-09,S05,P11,1,26.00,支付宝
ORD102117,2026-05-15,S02,P06,1,42.00,微信
ORD108783,2026-06-29,S01,P01,1,32.00,银行卡
ORD115493,2026-08-13,S05,P21,1,16.00,微信
ORD115018,2026-08-10,S01,P14,1,10.00,支付宝
ORD118029,2026-08-30,S05,P03,1,26.00,微信
ORD110472,2026-07-11,S01,P01,1,32.00,会员储值
ORD102747,2026-05-19,S01,P07,1,22.00,现金
ORD116303,2026-08-19,S04,P13,3,60.00,现金
ORD111734,19-07-2026,S01,P17,1,12.00,微信
ORD109856,2026-07-06,S02,P12,1,8.00,微信
ORD116476,2026-08-20,S05,P19,2,30.00,银行卡
ORD107997,2026-06-24,S01,P01,1,32.00,会员储值
ORD116536,2026-08-21,S03,P21,1,16.00,银行卡
ORD103545,2026-05-24,S04,P12,2,16.00,支付宝
ORD112929,2026-07-27,S03,P07,2,44.00,微信
ORD102995,2026-05-21,S01,P02,1,30.00,微信
ORD112511,2026-07-25,S01,P12,1,8.00,银行卡
ORD110055,2026-07-07,S05,P11,1,26.00,现金
ORD114987,2026-08-09,S05,P19,1,15.00,支付宝
ORD103198,2026-05-22,S04,P15,1,6.00,现金
ORD108876,2026-06-29,S05,P19,3,45.00,银行卡
ORD113280,2026-07-30,S01,P05,3,102.00,会员储值
ORD112213,2026-07-22,S02,P04,2,76.00,银行卡
ORD115514,2026-08-14,S01,P01,1,32.00,现金
ORD101285,2026-05-09,S04,P18,1,18.00,会员储值
ORD103972,2026-05-27,S04,P10,1,24.00,会员储值
ORD103398,2026-05-23,S05,P12,1,8.00,会员储值
ORD117498,2026-08-27,S05,P18,2,36.00,会员储值
ORD109460,2026-07-04,S01,P12,2,16.00,现金
ORD107288,2026-06-19,S04,P12,3,24.00,微信
ORD103177,2026-05-22,S03,P07,1,22.00,会员储值
ORD110836,2026-07-12,S05,P08,2,50.00,支付宝
ORD111282,2026-07-16,S02,P17,3,36.00,现金
ORD114714,2026-08-08,S04,P07,1,22.00,会员储值
ORD110609,2026-07-11,S04,P10,1,24.00,微信
ORD105866,2026-06-09,S02,P04,2,76.00,银行卡
ORD112914,2026-07-27,S02,P01,1,32.00,微信
ORD108013,2026-06-24,S02,P01,1,32.00,现金
ORD100987,2026-05-07,S99,P17,1,12.00,支付宝
ORD117933,2026-08-30,S03,P18,2,36.00,支付宝
ORD106831,2026-06-16,S03,P07,1,22.00,微信
ORD104573,2026-05-31,S03,P07,2,44.00,微信
ORD109536,2026-07-04,S03,P09,2,36.00,银行卡
ORD101315,2026-05-09,S04,P20,3,66.00,现金
ORD116210,2026-08-18,S04,P03,1,26.00,微信
ORD102906,2026-05-20,S02,P06,1,42.00,会员储值
ORD114564,2026-08-07,S04,P10,1,24.00,会员储值
ORD115517,2026-08-14,S01,P01,1,32.00,支付宝
ORD112665,2026-07-25,S05,P11,1,26.00,会员储值
ORD112561,2026-07-25,S03,P12,2,16.00,银行卡
ORD112500,2026-07-25,S01,P02,2,60.00,微信
ORD114238,2026-08-05,S02,P21,1,16.00,微信
ORD104834,2026-06-02,S03,P11,2,52.00,微信
ORD104232,2026-05-29,S04,P10,3,72.00,银行卡
ORD112779,2026-07-26,S03,P07,1,22.00,会员储值
ORD117154,2026-08-25,S02,P05,3,102.00,微信
ORD116815,2026-08-23,S01,P13,1,20.00,银行卡
ORD101466,2026-05-10,S03,P16,1,5.00,支付宝
ORD111259,2026-07-16,S01,P01,1,32.00,现金
ORD113938,2026-08-02,S05,P04,2,76.00,支付宝
ORD113522,2026-07-31,S05,P19,1,15.00,会员储值
ORD107766,2026-06-22,S02,P13,1,20.00,支付宝
ORD111715,2026-07-19,S01,P16,1,5.00,会员储值
ORD100031,2026-05-01,S02,P04,2,76.00,支付宝
ORD107845,2026-06-22,S05,P20,2,44.00,会员储值
ORD104521,2026-05-31,S02,P14,2,20.00,会员储值
ORD109258,2026-07-02,S04,P10,1,24.00,银行卡
ORD103431,2026-05-24,S01,P02,1,30.00,微信
ORD107167,2026-06-18,S04,P10,1,24.00,支付宝
ORD107001,2026-06-17,S05,P11,1,26.00,微信
ORD117093,2026-08-24,S04,P14,2,20.00,会员储值
ORD115310,2026-08-12,S03,P16,1,5.00,会员储值
ORD112377,2026-07-23,S03,P13,1,20.00,会员储值
ORD117230,2026-08-25,S04,P03,2,52.00,银行卡
ORD102116,2026-05-15,S02,P06,3,126.00,银行卡
ORD106174,2026-06-12,S02,P05,1,34.00,银行卡
ORD115244,2026-08-11,S05,P21,1,16.00,微信
ORD106789,2026-06-16,S02,P05,1,34.00,现金
ORD104981,2026-06-03,S03,P08,2,50.00,会员储值
ORD117551,2026-08-28,S02,P05,2,68.00,银行卡
ORD106257,2026-06-12,S05,P16,1,5.00,微信
ORD115214,2026-08-11,S04,P02,1,30.00,会员储值
ORD110994,2026-07-14,S01,P02,1,30.00,微信
ORD115538,2026-08-14,S01,P12,1,8.00,微信
ORD107526,2026-06-20,S05,P04,1,38.00,现金
ORD107939,2026-06-23,S04,P10,1,24.00,微信
ORD109729,2026-07-05,S03,P08,1,25.00,会员储值
ORD113651,2026-08-01,S03,P18,1,18.00,银行卡
ORD112778,2026-07-26,S03,P11,1,26.00,微信
ORD101740,2026-05-12,S03,P10,1,24.00,现金
ORD116942,2026-08-23,S04,P10,2,48.00,银行卡
ORD101365,2026-05-10,S01,P20,2,44.00,支付宝
ORD102051,2026-05-14,S04,P10,1,24.00,现金
ORD105859,2026-06-09,S02,P05,1,34.00,支付宝
ORD103121,2026-05-25,S01,P01,2,-64.00,微信
ORD112125,2026-07-21,S04,P08,2,50.00,银行卡
ORD110888,2026-07-13,S02,P07,1,22.00,微信
ORD115565,2026-08-14,S02,P21,1,16.00,银行卡
ORD108265,2026-06-26,S02,P14,3,30.00,现金
ORD102311,2026-05-16,S03,P09,2,36.00,现金
ORD102473,2026-05-17,S02 ,P04,1,38.00,会员储值
ORD106750,2026-06-15,S05,P12,2,16.00,会员储值
ORD106552,2026-06-14,S03,P14,2,20.00,银行卡
ORD105324,2026-06-06,S01,P01,1,   ,微信
ORD101575,2026-05-11,S01,P02,1,30.00,现金
ORD112985,2026-07-27,S05,P19,1,15.00,支付宝
ORD103719,2026-05-25,S04,P17,1,¥ 12.00,会员储值
ORD109094,2026-07-01,S03,P03,1,26.00,现金
ORD114411,2026-08-06,S03,P08,1,25.00,现金
ORD111764,2026-07-19,S02,P15,2,12.00,银行卡
ORD111228,2026-07-15,S05,P09,2,36.00,现金
ORD105389,2026-06-06,S02,P06,2,84.00,银行卡
ORD109854,2026-07-06,S02,P06,1,45.00,现金
ORD110085,2026-07-08,S01,P11,2,52.00,会员储值
ORD102027,2026-05-14,S04,P11,1,26.00,支付宝
ORD113521,2026-07-31,S05,P10,1,24.00,会员储值
ORD107297,2026-06-19,S04,P16,1,5.00,支付宝
ORD107334,2026-06-20,S01,P14,1,10.00,现金
ORD109077,2026-07-01,S02,P17,1,-12.00,微信
ORD106474,2026-06-14,S01,P03,1,26.00,支付宝
ORD100146,2026-05-02,S01,P02,1,30.00,会员储值
ORD109171,2026-07-02,S01,P01,3,96.00,银行卡
ORD115301,2026-08-12,S02,P19,1,15.00,支付宝
ORD100312,2026-05-02,S05,P18,2,36.00,现金
ORD101196,2026-05-09,S01,P02,1,30.00,银行卡
ORD101425,2026-05-10,S02,P04,1,38.00,银行卡
ORD100210,2026-05-02,S03,P09,1,18.00,微信
ORD111381,2026-07-17,S01,P14,1,10.00,现金
ORD106217,2026-06-12,S04,P15,1,6.00,银行卡
ORD101934,2026-05-13,S05,P18,1,18.00,现金
ORD106120,2026/6/11,S05,P20,1,22.00,微信
ORD110936,2026-07-13,S04,P15,3,18.00,会员储值
ORD100214,2026-05-02,S03,P19,2,30.00,微信
ORD112818,2026-07-26,S04,P17,2,24.00,现金
ORD101136,2026-05-08,S04,P19,1,15.00,微信
ORD109187,2026-07-02,S02,P04,2,76.00,会员储值
ORD114728,2026-08-08,S04,P03,2,52.00,支付宝
ORD104586,2026-05-31,S04,P06,1,42.00,微信
ORD108477,2026-06-27,S03,P05,1,34.00,现金
ORD100908,2026-05-07,S01,P20,2,44.00,支付宝
ORD103632,2026-05-25,S01,P12,1,8.00,现金
ORD101278,2026-05-09,S03,P09,1,18.00,现金
ORD106060,2026-06-11,S02,P14,1,10.00,微信
ORD115196,2026-08-11,S03,P07,2,44.00,会员储值
ORD106259,2026-06-12,S05,P02,1,30.00,支付宝
ORD114821,2026-08-09,S01,P02,2,60.00,支付宝
ORD105806,08-06-2026,S05,P04,1,38.00,银行卡
ORD105352,2026-06-06,S01,P01,1,32.00,支付宝
ORD117262,2026-08-26,S01,P17,1,12.00,银行卡
ORD114865,2026-08-09,S02,P10,1,24.00,微信
ORD105030,2026-06-03,S05,P20,1,22.00,支付宝
ORD110120,2026-07-08,S03,P12,1,,微信
ORD104948,2026-06-03,S02,P07,1,22.00,银行卡
ORD106039,2026-06-11,S01,P02,1,30.00,银行卡
ORD104460,2026-05-30,S05,P02,1,30.00,微信
ORD109827,2026-07-06,S01,P01,3,96.00,会员储值
ORD110246,2026-07-09,S02,P14,1,10.00,会员储值
ORD116137,2026-08-17,S05,P05,1,34.00,银行卡
ORD100374,2026-05-03,S02,P04,1,38.00,会员储值
ORD110850,2026-07-13,S01,P01,2,64.00,微信
ORD112180,2026-07-22,S01,P09,2,36.00,会员储值
ORD100091,2026-05-01,S04,P08,3,75.00,微信
ORD110673,2026-07-12,S01,P05,2,68.00,银行卡
ORD104657,2026-05-31,S05,P01,2,64.00,银行卡
ORD110206,2026-07-09,S01,P02,1,30.00,现金
ORD100728,2026-05-05,S04,P03,2,52.00,会员储值
ORD103511,2026-05-24,S03,P06,3,126.00,支付宝
ORD111706,2026-07-19,S01,P17,1,12.00,现金
ORD114618,2026-08-08,S01,P21,1,16.00,支付宝
ORD100090,2026-05-01,S04,P10,2,48.00,会员储值
ORD103946,2026-05-27,S03,P08,1,25.00,银行卡
ORD106397,2026-06-13,S04,P15,2,12.00,银行卡
ORD107812,2026-06-22,S04,P13,1,20.00,现金
ORD106132,2026-06-12,S01,P08,3,75.00,现金
ORD109063,2026-07-01,S02,P15,1,6.00,支付宝
ORD115627,2026-08-14,S05,P04,1,38.00,现金
ORD117106,2026-08-24,S05,P21,2,32.00,现金
ORD110203,2026-07-09,S01,P18,1,18.00,支付宝
ORD117250,2026-08-25,S05,P05,1,34.00,银行卡
ORD117815,2026-08-29,S05,P05,3,102.00,会员储值
ORD103496,2026-05-24,S02,P13,1,20.00,会员储值
ORD115426,2026-08-13,S02,P05,1,34.00,会员储值
ORD117772,2026-08-29,S04,P10,1,24.00,银行卡
ORD101267,2026-05-09,S03,P08,1,25.00,会员储值
ORD107161,2026-06-18,S04,P10,1,24.00,银行卡
ORD111064,2026-07-14,S04,P10,1,24.00,银行卡
ORD118017,2026-08-30,S05,P19,1,15.00,银行卡
ORD116034,2026-08-16,S05,P03,1,26.00,现金
ORD116135,2026-08-17,S05,P21,1,16.00,现金
ORD107872,2026-06-23,S01,P17,2,24.00,会员储值
ORD113415,2026-07-31,S01,P03,2,52.00,微信
ORD103047,2026-05-21,S03,P15,2,12.00,支付宝
ORD109445,2026-07-04,S01,P01,2,64.00,银行卡
ORD107520,2026-06-20,S05,P13,2,40.00,现金
ORD106647,2026-06-15,S01,P12,2,16.00,现金
ORD103390,2026-05-23,S05,P19,3,45.00,会员储值
ORD114014,2026-08-03,S03,P11,1,26.00,会员储值
ORD110214,2026-07-09,S01,P18,2,36.00,会员储值
ORD104447,2026-05-30,S05,P05,2,68.00,现金
ORD115784,2026-08-15,S04,P14,1,10.00,会员储值
ORD117370,2026-08-26,S05,P08,2,50.00,银行卡
ORD112356,2026-07-23,S03,P20,1,22.00,微信
ORD110142,2026-07-08,S03,P09,1,18.00,现金
ORD105680,2026-06-07,S05,P09,1,18.00,现金
ORD107722,2026-06-21,S05,P05,1,34.00,微信
ORD103062,2026-05-21,S04,P12,1,8.00,微信
ORD101150,2026-05-08,S05,P20,1,22.00,微信
ORD111009,2026-07-14,S02,P16,2,10.00,会员储值
ORD115092,2026-08-10,S04,P10,2,48.00,现金
ORD115444,2026-08-13,S03,P09,2,36.00,现金
ORD116232,2026-08-18,S05,P15,1,6.00,银行卡
ORD110009,2026-07-07,S03,P09,2,36.00,支付宝
ORD117284,2026-08-26,S02,P20,1,22.00,银行卡
ORD111410,2026-07-17,S02,P15,2,12.00,支付宝
ORD102601,2026-05-17,S05,P20,3,66.00,微信
ORD116254,2026-08-18,S05,P21,1,16.00,会员储值
ORD101328,2026-05-09,S05,P03,3,78.00,微信
ORD111135,2026-07-15,S01,P02,1,30.00,银行卡
ORD108050,2026-06-24,S03,P10,1,24.00,现金
ORD117390,2026-08-26,S05,P03,2,52.00,现金
ORD106404,2026-06-13,S04,P11,1,26.00,银行卡
ORD113470,2026-07-31,S03,P09,1,18.00,现金
ORD116745,2026-08-22,S04,P13,1,20.00,会员储值
ORD115472,2026-08-13,S04,P01,1,32.00,现金
ORD117622,2026-08-28,S05,P06,2,90.00,微信
ORD107761,2026-06-22,S02,P12,2,16.00,会员储值
ORD100658,2026-05-05,S01,P08,1,25.00,现金
ORD109192,2026-07-02,S02,P02,2,60.00,银行卡
ORD115353,2026-08-12,S04,P15,1,6.00,现金
ORD116958,2026-08-23,S04,P17,1,12.00,现金
ORD106275,2026-06-13,S01,P01,2,64.00,支付宝
ORD114003,2026-08-03,S03,P11,1,26.00,现金
ORD117475,2026-08-27,S04,P20,1,22.00,银行卡
ORD115882,2026-08-16,S02,P06,3,135.00,支付宝
ORD103046,2026-05-21,S03,P01,1,32.00,会员储值
ORD107549,2026-06-21,S01,P03,1,26.00,微信
ORD109986,2026-07-07,S02,P05,2,68.00,现金
ORD117540,2026-08-28,S02,P06,2,90.00,支付宝
ORD110890,2026-07-13,S02,P04,3,114.00,支付宝
ORD102205,2026-05-15,S05,P11,1,26.00,现金
ORD106686,2026-06-15,S02,P16,2,10.00,银行卡
ORD106740,2026-06-15,S05,P06,2,84.00,支付宝
ORD105608,2026-06-07,S03,P09,1,18.00,银行卡
ORD114727,2026-08-08,S04,P03,1,26.00,支付宝
ORD110236,2026-07-09,S02,P06,3,135.00,支付宝
ORD108569,2026-06-28,S01,P09,1,18.00,支付宝
ORD107062,2026-06-18,S02,P13,3,60.00,微信
ORD109985,2026-07-07,S02,P13,1,20.00,会员储值
ORD108474,2026-06-27,S03,P04,2,76.00,微信
ORD101765,2026-05-12,S04,P09,1,18.00,银行卡
ORD112562,2026-07-25,S03,P08,2,50.00,会员储值
ORD101032,2026-05-07,S05,P03,1,26.00,会员储值
ORD111841,2026-07-19,S04,P12,1,8.00,现金
ORD104940,2026-06-03,S02,P11,1,26.00,支付宝
ORD103903,2026-05-27,S01,P01,1,32.00,微信
ORD108766,2026-06-29,S01,P04,2,76.00,现金
ORD116872,2026-08-23,S02,P15,1,6.00,银行卡
ORD105301,2026-06-05,S05,P19,2,30.00,微信
ORD115764,2026-08-15,S03,P14,1,10.00,银行卡
ORD115504,2026-08-13,S05,P14,1,10.00,支付宝
ORD101683,2026-05-11,S05,P18,2,36.00,微信
ORD108325,2026-06-26,S04,P11,2,52.00,支付宝
ORD101084,2026-05-08,S02,P04,2,76.00,支付宝
ORD113482,2026/7/31,S03,P09,1,18.00,微信
ORD107207,2026-06-19,S01,P01,2,64.00,现金
ORD114858,2026-08-12,S02,P16,2,-10.00,银行卡
ORD108792,2026-06-29,S02,P06,1,42.00,支付宝
ORD115944,2026-08-16,S03,P01,2,64.00,银行卡
ORD102361,2026-05-16,S04,P13,2,40.00,支付宝
ORD110450,2026-07-10,S05,P19,1,15.00,银行卡
ORD114750,2026-08-08,S05,P19,1,15.00,会员储值
ORD103189,2026-05-22,S04,P11,1,26.00,银行卡
ORD100663,2026-05-05,S01,P15,1,6.00,支付宝
ORD102280,2026-05-16,S02,P05,1,34.00,微信
ORD112991,2026-07-27,S05,P11,1,26.00,现金
ORD105717,2026-06-08,S01,P15,1,6.00,银行卡
ORD115759,2026-08-15,S03,P04,3,114.00,微信
ORD112877,2026-07-27,S01,P02,1,30.00,银行卡
ORD113221,2026-07-29,S04,P18,1,18.00,微信
ORD111562,2026-07-18,S02,P18,1,18.00,支付宝
ORD110861,2026/7/13,S01,P20,1,22.00,微信
ORD111378,2026-07-17,S01,P03,1,26.00,银行卡
ORD117325,2026-08-26,S03,P08,1,25.00,支付宝
ORD102762,2026-05-19,S02,P03,2,52.00,会员储值
ORD115028,2026-08-10,S02,P01,3,96.00,现金
ORD116548,2026-08-21,S03,P14,1,10.00,银行卡
ORD118041,2026-08-31,S01,P02,1,30.00,支付宝
ORD104604,2026-05-31,S04,P02,1,30.00,现金
ORD107942,2026-06-23,S04,P10,1,24.00,银行卡
ORD106152,2026-06-12,S01,P12,1,8.00,支付宝
ORD106984,2026-06-17,S04,P08,1,25.00,支付宝
ORD116572,2026-08-21,S04,P20,2,44.00,现金
ORD110075,2026-07-08,S01,P11,1,26.00,微信
ORD112111,2026-07-21,S04,P12,1,8.00,微信
ORD106877,2026-06-16,S05,P17,1,12.00,支付宝
ORD115026,2026-08-10,S02,P04,1,38.00,银行卡
ORD113889,2026-08-02,S04,P21,2,32.00,微信
ORD107479,2026-06-20,S04,P13,1,20.00,现金
ORD116321,2026-08-19,S04,P10,1,24.00,会员储值
ORD100401,2026-05-03,S02,P06,1,42.00,会员储值
ORD100726,2026-05-05,S03,P19,2,30.00,支付宝
ORD101064,2026-05-08,S02,P04,2,76.00,支付宝
ORD106164,2026-06-12,S02,P06,1,42.00,支付宝
ORD113346,2026-07-30,S03,P03,2,52.00,支付宝
ORD116667,2026-08-22,S02,P05,2,68.00,会员储值
ORD111537,2026-07-18,S01,P05,1,34.00,银行卡
ORD110803,2026-07-12,S04,P10,3,72.00,现金
ORD100256,2026-05-02,S04,P10,2,48.00,支付宝
ORD100141,2026-05-02,S01,P01,1,32.00,银行卡
ORD111211,2026-07-15,S04,P17,1,12.00,现金
ORD102674,2026-05-18,S03,P13,3,60.00,支付宝
ORD106822,2026-06-16,S03,P02,1,30.00,银行卡
ORD113720,2026-08-01,S05,P19,1,15.00,微信
ORD101764,2026-05-12,S04,P16,2,10.00,会员储值
ORD107142,2026-06-18,S03,P09,1,18.00,支付宝
ORD116098,2026-08-17,S04,P21,2,32.00,微信
ORD108899,2026-06-30,S01,P12,1,8.00,支付宝
ORD100012,2026-05-01,S01,P02,2,60.00,现金
ORD106261,2026-06-12,S05,P09,2,36.00,微信
ORD117582,2026-08-28,S03,P21,1,16.00,支付宝
ORD102782,2026-05-19,S02,P20,1,22.00,银行卡
ORD100495,2026-05-03,S05,P06,1,42.00,微信
ORD103670,2026-05-25,S02,P18,2,36.00,会员储值
ORD117621,2026-08-28,S05,P20,1,22.00,现金
ORD100243,2026-05-02,S03,P04,2,76.00,会员储值
ORD113467,2026-07-31,S03,P07,1,22.00,微信
ORD110060,2026-07-07,S05,P05,1,34.00,会员储值
ORD111233,2026-07-15,S05,P10,1,24.00,会员储值
ORD112335,2026-07-23,S02,P06,3,135.00,银行卡
ORD105163,2026-06-04,S05,P05,1,34.00,银行卡
ORD117395,2026-08-27,S01,P01,3,96.00,微信
ORD114309,2026-08-05,S04,P03,3,78.00,银行卡
ORD113441,2026-07-31,S02,P06,1,45.00,银行卡
ORD114129,2026-08-04,S03,P04,1,38.00,微信
ORD108503,2026/6/27,S04,P17,2,24.00,微信
ORD114953,2026-08-09,S04,P11,2,52.00,支付宝
ORD102638,2026-05-18,S02,P04,1,38.00,微信
ORD107909,2026-06-23,S03,P20,2,44.00,现金
ORD108260,2026-06-26,S02,P06,1,42.00,现金
ORD109334,2026-07-03,S02,P13,2,40.00,微信
ORD100503,2026-05-03,S05,P18,1,18.00,现金
ORD108884,2026-06-29,S05,P06,1,42.00,微信
ORD116701,2026-08-22,S03,P12,2,16.00,银行卡
ORD109023,2026-06-30,S05,P06,1,42.00,支付宝
ORD112731,2026-07-26,S02,P05,1,34.00,现金
ORD114694,2026-08-08,S03,P15,1,6.00,支付宝
ORD101608,2026-05-11,S03,P03,1,26.00,会员储值
ORD112468,2026-07-24,S04,P10,1,24.00,银行卡
ORD108549,2026-06-27,S05,P07,1,,现金
ORD110064,2026-07-07,S05,P09,1,18.00,支付宝
ORD102128,2026-05-15,S02,P04,1,38.00,支付宝
ORD111747,2026-07-19,S02,P06,1,45.00,支付宝
ORD111153,2026-07-15,S02,P06,1,45.00,微信
ORD105621,2026-06-07,S03,P13,2,40.00,现金
ORD107801,2026-06-22,S04,P18,2,36.00,微信
ORD107103,2026-06-18,S02,P06,3,87.00,现金
ORD114784,2026-08-08,S05,P21,1,16.00,微信
ORD103606,2026-05-24,S05,P19,2,30.00,银行卡
ORD117261,2026-08-26,S01,P02,1,30.00,现金
ORD105312,2026-06-05,S05,P19,1,15.00,微信
ORD109660,2026-07-05,S02,P16,2,10.00,现金
ORD114167,2026-08-04,S04,P10,2,48.00,会员储值
ORD103898,2026-05-27,S01,P12,2,16.00,支付宝
ORD108479,2026-06-27,S03,P07,2,44.00,现金
ORD114908,2026-08-09,S03,P13,3,60.00,会员储值
ORD116759,2026-08-22,S04,P06,1,45.00,银行卡
ORD114430,2026-08-06,S04,P11,1,26.00,微信
ORD103695,2026-05-25,S03,P18,1, ¥18.00 ,现金
ORD102625,2026-05-18,S01,P15,2,12.00,会员储值
ORD116184,2026-08-18,S03,P12,1,8.00,银行卡
ORD116498,2026-08-21,S01,P21,1,16.00,银行卡
ORD103862,2026-05-26,S05,P04,1,38.00,微信
ORD112034,2026-07-21,S01,P12,1,8.00,会员储值
ORD102435,2026-05-17,S01,P01,1,32.00,会员储值
ORD116668,2026-08-22,S02,P06,1,45.00,现金
ORD104436,2026-05-30,S05,P13,2,40.00,会员储值
ORD100554,2026-05-04,S02,P06,1,42.00,会员储值
ORD116676,2026-08-22,S02,P19,1,15.00,支付宝
ORD111144,2026-07-15,S02,P16,2,10.00,支付宝
ORD117425,2026-08-27,S02,P21,2,32.00,银行卡
ORD113758,2026-08-02,S01,P01,1,32.00,支付宝
ORD103164,2026-05-22,S03,P08,2,50.00,会员储值
ORD108322,2026-06-26,S04,P19,1,15.00,支付宝
ORD110183,2026-07-08,S05,P09,2,36.00,会员储值
ORD115780,2026-08-15,S04,P17,1,12.00,现金
ORD112015,2026-07-20,S05,P01,2,64.00,支付宝
ORD104889,2026-06-02,S05,P14,1,10.00,支付宝
ORD108892,2026-06-29,S05,P12,1,8.00,支付宝
ORD106696,2026-06-15,S03,P07,1,22.00,银行卡
ORD100244,2026-05-02,S03,P08,1,25.00,现金
ORD103975,2026-05-27,S04,P14,1,10.00,支付宝
ORD103191,2026-05-22,S04,P10,2,48.00,银行卡
ORD113680,2026-08-01,S04,P06,1,45.00,微信
ORD108078,2026-06-24,S04,P01,1,32.00,现金
ORD100229,2026-05-02,S03,P19,2,30.00,微信
ORD108779,2026-06-29,S01,P01,1,32.00,微信
ORD116099,2026-08-17,S04,P05,3,102.00,现金
ORD110111,2026-07-08,S02,P05,2,68.00,微信
ORD106791,2026-06-16,S02,P13,2,40.00,现金
ORD107391,2026-06-20,S02,P14,1,10.00,支付宝
ORD111772,2026-07-19,S02,P04,1,38.00,银行卡
ORD103940,2026-05-27,S03,P10,1,24.00,支付宝
ORD112259,2026-07-22,S04,P02,2,60.00,支付宝
ORD116006,2026-08-16,S05,P04,1,38.00,银行卡
ORD108896,2026-06-30,S01,P18,1,18.00,银行卡
ORD110232,2026-07-09,S02,P06,1,45.00,银行卡
ORD112021,2026-07-20,S05,P20,2,44.00,会员储值
ORD115892,2026-08-16,S02,P18,1,18.00,微信
ORD113884,2026-08-02,S04,P10,1,24.00,现金
ORD108247,2026-06-26,S01,P17,1,12.00,银行卡
ORD103825,2026-05-26,S03,P10,3,72.00,银行卡
ORD103092,2026-05-21,S05,P18,1,18.00,支付宝
ORD107014,2026-06-17,S05,P03,2,52.00,现金
ORD107773,2026-06-22,S02,P06,1,42.00,支付宝
ORD111198,15-07-2026,S04,P09,2,36.00,银行卡
ORD115791,2026-08-15,S04,P10,1,24.00,银行卡
ORD104208,2026-05-29,S03,P19,1,15.00,会员储值
ORD104671,2026-06-01,S01,P05,3,102.00,支付宝
ORD117110,2026-08-24,S05,P19,2,30.00,银行卡
ORD111175,2026/7/15,S03,P20,1,22.00,会员储值
ORD118020,2026-08-30,S05,P03,3,78.00,支付宝
ORD106855,2026-06-16,S04,P10,2,48.00,支付宝
ORD102807,2026-05-19,S03,P19,1,15.00,支付宝
ORD104454,2026-05-30,S05,P06,1,42.00,会员储值
ORD110904,2026-07-13,S03,P09,1,18.00,银行卡
ORD108858,2026-06-29,S04,P10,3,72.00,银行卡
ORD102668,2026-05-18,S03,P08,1,,支付宝
ORD115674,2026-08-15,S01,P16,1,5.00,支付宝
ORD104959,2026-06-03,S02,P17,1,12.00,会员储值
ORD105417,2026-06-06,S03,P08,1,25.00,会员储值
ORD102076,2026-05-14,S05,P05,1,34.00,支付宝
ORD108188,2026-06-25,S04,P03,1,26.00,微信
ORD112371,2026-07-23,S03,P10,1,24.00,会员储值
ORD110971,2026-07-13,S05,P09,2,36.00,银行卡
ORD110381,2026-07-10,S02,P02,1,30.00,支付宝
ORD101947,2026-05-13,S05,P12,3,24.00,会员储值
ORD103250,2026-05-23,S01,P13,2,40.00,微信
ORD109131,2026-07-01,S05,P19,2,30.00,微信
ORD110451,2026-07-10,S05,P20,1,22.00,银行卡
ORD113622,2026-08-01,S03,P07,2,44.00,现金
ORD106449,2026-06-13,S05,P05,2,68.00,支付宝
ORD111006,2026-07-14,S01,P19,2,30.00,会员储值
ORD108038,2026-06-24,S03,P03,2,52.00,银行卡
ORD116510,2026-08-21,S02,P03,1,26.00,微信
ORD113631,2026-08-01,S03,P07,2,44.00,银行卡
ORD101732,2026-05-12,S02,P04,1,38.00,会员储值
ORD106770,2026-06-16,S01,P20,1,22.00,银行卡
ORD114573,2026-08-07,S05,P14,2,20.00,支付宝
ORD106085,2026-06-11,S04,P18,3,54.00,银行卡
ORD104532,2026-05-31,S02,P11,3,78.00,支付宝
ORD111482,2026-07-17,S05,P12,1,8.00,银行卡
ORD113265,2026-07-29,S05,P06,1,45.00,银行卡
ORD109858,2026-07-06,S02,P05,3,102.00,会员储值
ORD109851,2026-07-06,S02,P02,1,30.00,支付宝
ORD103819,2026-05-26,S03,P07,1,22.00,会员储值
ORD110980,2026-07-13,S05,P08,1,25.00,会员储值
ORD114206,2026-08-04,S05,P05,3,102.00,银行卡
ORD117462,2026-08-27,S03,P10,1,24.00,银行卡
ORD112065,2026-07-21,S02,P10,1,24.00,微信
ORD108752,2026-06-28,S05,P02,1,30.00,银行卡
ORD100750,2026-05-05,S04,P11,1,26.00,会员储值
ORD115495,2026-08-13,S05,P03,1,26.00,银行卡
ORD116804,2026-08-23,S01,P03,2,52.00,支付宝
ORD107265,2026-06-19,S03,P08,2,50.00,微信
ORD116317,2026-08-19,S04,P08,1,25.00,银行卡
ORD107449,2026-06-20,S04,P02,1,30.00,现金
ORD108582,2026-06-28,S01,P17,1,12.00,银行卡
ORD114825,2026-08-09,S01,P03,1,26.00,银行卡
ORD106878,2026/6/16,S05,P10,2,48.00,微信
ORD116593,2026-08-21,S05,P20,1,22.00,微信
ORD101344,2026-05-09,S05,P09,2,36.00,现金
ORD115877,2026-08-16,S02,P12,1,8.00,微信
ORD110926,2026-07-13,S04,P16,2,10.00,微信
ORD104094,2026-05-28,S04,P10,3,72.00,银行卡
ORD102093,2026-05-15,S01,P01,2,64.00,银行卡
ORD100690,2026-05-05,S02,P05,2,68.00,银行卡
ORD104528,2026-05-31,S02,P12,1,8.00,微信
ORD117028,2026-08-24,S02 ,P06,3,135.00,微信
ORD111061,2026-07-14,S04,P10,2,48.00,会员储值
ORD102624,2026-05-18,S01,P09,1,18.00,微信
ORD114215,2026-08-05,S01,P02,1,30.00,支付宝
ORD117281,2026-08-26,S02,P03,2,52.00,微信
ORD108007,2026-06-24,S02,P03,1,26.00,银行卡
ORD113624,2026-08-01,S03,P07,1,22.00,微信
ORD116113,2026-08-17,S04,P01,2,64.00,现金
ORD109717,2026-07-05,S03,P09,1,18.00,现金
ORD117180,2026-08-25,S03,P21,1,16.00,银行卡
ORD105119,2026-06-04,S03,P20,1,22.00,现金
ORD111415,2026-07-17,S02,P05,2,68.00,银行卡
ORD110549,2026-07-11,S03,P05,2,68.00,支付宝
ORD107911,2026/6/23,S03,P04,1,38.00,会员储值
ORD116132,2026-08-17,S05,P19,2,30.00,支付宝
ORD110589,2026-07-11,S04,P16,1,5.00,现金
ORD113885,2026-08-02,S04,P21,3,48.00,会员储值
ORD102870,2026-05-20,S01,P02,1,30.00,银行卡
ORD105502,2026-06-06,S05,P01,1,-32.00,现金
ORD103855,2026-05-26,S05,P03,-2,26.00,会员储值
ORD102864,2026-05-20,S01,P16,1,5.00,银行卡
ORD112807,2026-07-26,S04,P04,2,76.00,微信
ORD103785,2026-05-26,S02,P06,1,42.00,银行卡
ORD116714,2026-08-22,S03,P21,1,16.00,支付宝
ORD104506,2026-05-31,S01,P19,2,30.00,银行卡
ORD115490,2026-08-13,S05,P13,2,40.00,现金
ORD106343,2026-06-13,S03,P08,1,25.00,会员储值
ORD109185,2026-07-02,S02,P01,1,32.00,微信
ORD100440,2026-05-03,S03,P07,2,44.00,现金
ORD114230,2026-08-05,S01,P10,2,48.00,现金
ORD105776,2026-06-08,S04,P15,1,6.00,现金
ORD109915,2026-07-06,S05,P03,2,52.00,微信
ORD116116,2026-08-17,S04,P10,2,48.00,支付宝
ORD115369,2026-08-12,S05,P17,1,12.00,银行卡
ORD111068,2026-07-14,S04,P15,2,12.00,银行卡
ORD117380,2026-08-26,S05,P14,3,30.00,支付宝
ORD111307,2026-07-16,S03,P06,1,45.00,银行卡
ORD103416,2026-05-23,S05,P01,1,32.00,微信
ORD115311,2026-08-12,S03,P09,2,36.00,会员储值
ORD113839,2026-08-02,S03,P14,1,10.00,微信
ORD101949,2026-05-13,S05,P20,1,22.00,会员储值
ORD112549,2026-07-25,S02,P17,1,12.00,银行卡
ORD112253,2026-07-22,S04,P03,2,52.00,现金
ORD101126,2026-05-08,S04,P10,1,24.00,微信
ORD107828,2026-06-22,S05,P07,1,22.00,现金
ORD114237,2026-08-05,S02,P06,1,45.00,支付宝
ORD116822,2026-08-23,S01,P02,1,30.00,微信
ORD114140,2026/8/4,S03,P02,1,30.00,支付宝
ORD113436,2026-07-31,S02,P06,2,90.00,银行卡
ORD109459,2026-07-04,S01,P12,1,8.00,支付宝
ORD103691,2026-05-25,S03,P10,2,48.00,现金
ORD100462,2026-05-03,S04,P13,2,40.00,支付宝
ORD117704,2026-08-29,S02,P06,3,135.00,会员储值
ORD113334,2026-07-30,S03,P01,2,64.00,支付宝
ORD108741,2026-06-28,S05,P04,2,76.00,会员储值
ORD117753,2026-08-29,S03,P16,2,10.00,银行卡
ORD112362,2026-07-23,S03,P07,1,22.00,银行卡
ORD110959,2026-07-13,S05,P13,1,20.00,支付宝
ORD104899,2026-06-02,S05,P13,2,40.00,会员储值
ORD100570,2026-05-04,S02,P03,1,26.00,银行卡
ORD105226,2026-06-05,S02,P19,1,15.00,支付宝
ORD107235,2026-06-19,S02,P02,2,60.00,现金
ORD115577,2026-08-14,S03,P08,1,25.00,微信
ORD113110,2026-07-28,S04,P13,1,20.00,银行卡
ORD105687,2026-06-07,S05,P19,1,15.00,微信
ORD102467,2026-05-17,S02,P17,2,24.00,银行卡
ORD113512,2026-07-31,S05,P07,1,22.00,微信
ORD104001,2026-05-27,S05,P01,1,32.00,银行卡
ORD118013,2026-08-30,S05,P14,2,20.00,银行卡
ORD106406,2026-06-13,S04,P11,1,26.00,现金
ORD113823,2026-08-02,S03,P08,1,25.00,会员储值
ORD117473,2026-08-27,S04,P06,3,135.00,支付宝
ORD109994,2026-07-07,S03,P01,2,64.00,现金
ORD106567,2026-06-14,S04,P10,1,24.00,微信
ORD109873,2026-07-06,S03,P09,3,54.00,银行卡
ORD103619,2026-05-24,S05,P09,1,18.00,会员储值
ORD105928,2026-06-10,S01,P12,1,8.00,微信
ORD109079,2026-07-01,S03,P16,1,5.00,支付宝
ORD112024,2026-07-20,S05,P07,1,22.00,现金
ORD107894,2026-06-23,S02,P04,2,76.00,现金
ORD108019,2026-06-24,S02,P05,2,68.00,支付宝
ORD114438,2026-08-06,S05,P01,1,32.00,微信
ORD112789,2026-07-26,S03,P11,2,52.00,支付宝
ORD103533,2026-05-24,S03,P07,1,22.00,支付宝
ORD116480,2026-08-20,S05,P21,1,16.00,微信
ORD107969,2026-06-23,S05,P20,3,66.00,银行卡
ORD101476,2026-05-10,S04,P11,2,52.00,支付宝
ORD104020,2026-05-28,S01,P11,1,26.00,银行卡
ORD116175,2026-08-18,S03,P21,2,32.00,微信
ORD108081,2026-06-24,S04,P18,1,18.00,会员储值
ORD106213,2026-06-12,S04,P10,1,24.00,支付宝
ORD101336,2026-05-10,S05,P20,3,-66.00,银行卡
ORD104809,2026-06-02,S01,P16,1,5.00,现金
ORD116654,2026-08-22,S02,P06,1,45.00,微信
ORD106942,2026-06-17,S03,P02,2,60.00,支付宝
ORD111820,2026-07-19,S04,P17,1,12.00,会员储值
ORD100020,2026-05-01,S01,P05,1,34.00,会员储值
ORD116112,2026-08-17,S04,P18,3,54.00,现金
ORD105716,2026-06-08,S01,P14,1,10.00,会员储值
ORD117033,2026-08-24,S02,P06,1,45.00,现金
ORD103990,2026-05-27,S05,P20,1,22.00,微信
ORD116976,2026-08-23,S05,P19,1,15.00,支付宝
ORD101925,2026-05-13,S05,P20,1,22.00,银行卡
ORD114210,2026-08-05,S01,P15,1,6.00,支付宝
ORD108481,2026-06-27,S03,P06,2,84.00,会员储值
ORD115314,2026-08-12,S03,P01,1,32.00,银行卡
ORD114029,2026-08-03,S04,P14,2,20.00,银行卡
ORD103407,2026-05-23,S05,P17,1,12.00,支付宝
ORD103252,2026-05-23,S01,P19,1,15.00,微信
ORD105592,2026-06-07,S02,P04,1,38.00,会员储值
ORD117879,2026/8/30,S02,P16,1,5.00,银行卡
ORD109835,2026-07-06,S01,P20,1,¥22.00,会员储值
ORD117221,2026-08-25,S04,P21,1,16.00,支付宝
ORD117973,2026-08-30,S04,P05,2,68.00,支付宝
ORD101932,2026-05-13,S05,P12,1,8.00,现金
ORD114316,2026-08-05,S05,P21,1,16.00,微信
ORD106961,2026-06-17,S03,P19,1,15.00,银行卡
ORD105004,2026-06-03,S04,P03,2,52.00,现金
ORD110504,2026-07-11,S02,P05,1,34.00,现金
ORD108044,2026-06-24,S03,P14,1,10.00,会员储值
ORD111900,2026-07-20,S01,P03,1,26.00,微信
ORD114344,2026-08-06,S01,P20,1,22.00,银行卡
ORD116151,2026-08-18,S01,P02,2,60.00,支付宝
ORD103467,2026-05-24,S02,P05,1,34.00,微信
ORD116639,2026-08-22,S01,P18,1,18.00,支付宝
ORD117045,2026-08-24,S02,P21,1,16.00,会员储值
ORD111990,2026-07-20,S04,P10,1,24.00,会员储值
ORD108269,2026-06-26,S02,P04,1,38.00,支付宝
ORD115904,2026-08-16,S02,P02,1,30.00,微信
ORD105737,2026-06-08,S01,P12,1,8.00,会员储值
ORD112699,2026-07-26,S01,P02,1,30.00,会员储值
ORD100168,2026-05-02,S02,P06,2,84.00,支付宝
ORD107691,2026-06-21,S05,P11,1,26.00,现金
ORD110860,2026-07-13,S01,P20,2,44.00,现金
ORD105825,2026-06-09,S01,P12,1,8.00,银行卡
ORD113137,2026-07-28,S05,P19,1,15.00,微信
ORD108891,2026-06-29,S05,P03,1,26.00,现金
ORD114406,2026-08-06,S03,P14,1,10.00,微信
ORD116369,2026-08-20,S01,P14,1,10.00,现金
ORD102215,2026-05-16,S01,P13,2,40.00,支付宝
ORD109170,2026-07-02,S01,P03,1,26.00,支付宝
ORD115356,2026-08-12,S04,P20,2,44.00,支付宝
ORD103913,2026-05-27,S02,P20,2,44.00,微信
ORD116600,2026-08-21,S05,P20,3,66.00,现金
ORD117993,2026-08-30,S05,P08,1,25.00,现金
ORD112949,2026-07-27,S03,P20,2,44.00,银行卡
ORD110759,2026-07-12,S03,P08,1,25.00,支付宝
ORD103490,24-05-2026,S02,P06,1,42.00,微信
ORD100178,2026-05-02,S02,P12,1,8.00,支付宝
ORD112574,2026-07-25,S03,P07,2,44.00,现金
ORD115763,2026-08-15,S03,P08,3,75.00,微信
ORD102433,2026-05-17,S01,P12,2,16.00,支付宝
ORD100706,2026-05-05,S03,P13,1,20.00,支付宝
ORD102088,2026-05-15,S01,P14,1,10.00,银行卡
ORD112522,2026-07-25,S02,P04,1,38.00,现金
ORD101108,2026-05-08,S03,P09,1,18.00,会员储值
ORD114339,2026-08-06,S01,P18,2,36.00,支付宝
ORD115385,2026-08-12,S05,P04,1,38.00,现金
ORD116762,2026-08-22,S05,P14,2,20.00,会员储值
ORD101047,2026-05-08,S01,P02,1,30.00,微信
ORD105397,2026-06-06,S03,P07,1,22.00,银行卡
ORD107936,2026-06-23,S04,P03,1,26.00,微信
ORD102389,2026-05-16,S05,P04,3,114.00,银行卡
ORD106542,2026-06-14,S03,P14,1,10.00,微信
ORD103338,2026-05-23,S03,P09,3,54.00,银行卡
ORD113402,2026/7/30,S05,P10,3,72.00,支付宝
ORD108556,2026-06-27,S05,P11,2,52.00,现金
ORD102070,2026-05-14,S05,P15,1,6.00,现金
ORD105963,2026-06-10,S02,P10,2,48.00,支付宝
ORD102690,2026-05-18,S04,P10,1,24.00,支付宝
ORD110296,2026-07-09,S04,P15,1,6.00,现金
ORD101259,2026-05-09,S03,P06,2,84.00,会员储值
ORD113568,2026-08-01,S01,P13,1,20.00,微信
ORD114845,2026-08-09,S02,P19,1,15.00,微信
ORD101854,2026-05-13,S02,P04,1,38.00,现金
ORD108020,2026-06-24,S02,P05,1,34.00,现金
ORD113114,2026-07-28,S05,P16,1,5.00,现金
ORD116282,2026-08-19,S03,P09,1,18.00,微信
ORD100776,2026-05-05,S05,P08,2,50.00,现金
ORD118072,2026-08-31,S02,P04,2,76.00,会员储值
ORD117427,2026-08-27,S02,P04,1,38.00,支付宝
ORD101314,2026-05-09,S04,P10,1,24.00,银行卡
ORD109061,2026-07-01,S02,P07,1,22.00,会员储值
ORD103709,2026-05-25,S04,P05,1,34.00,微信
ORD102373,2026-05-16,S04,P10,2,48.00,支付宝
ORD112224,2026-07-22,S03,P07,1,22.00,现金
ORD106143,2026-06-12,S01,P11,1,26.00,现金
ORD111202,2026-07-15,S04,P10,1,24.00,支付宝
ORD113751,2026-08-02,S01,P21,1,16.00,会员储值
ORD102349,2026-05-16,S04,P10,3,72.00,现金
ORD102464,2026-05-17,S02,P19,1,15.00,银行卡
ORD118022,2026-08-30,S05,P19,1,15.00,支付宝
ORD102471,2026-05-17,S02,P14,2,20.00,银行卡
ORD112033,2026-07-21,S01,P12,1,8.00,银行卡
ORD104439,2026-05-30,S05,P06,1,42.00,微信
ORD106410,2026-06-13,S04,P17,2,24.00,支付宝
ORD103449,2026-05-24,S01,P03,1,26.00,微信
ORD114862,2026-08-09,S02,P16,1,5.00,微信
ORD104213,2026-05-29,S03,P01,2,64.00,会员储值
ORD101519,2026-05-10,S05,P19,3,45.00,现金
ORD108348,2026-06-26,S05,P19,1,15.00,会员储值
ORD110383,2026-07-10,S02,P19,1,15.00,支付宝
ORD115117,2026-08-10,S05,P16,2,10.00,微信
ORD103621,2026-05-24,S05,P14,2,20.00,会员储值
ORD109632,2026-07-05,S01,P20,1,22.00,微信
ORD117673,2026-08-29,S01,P02,1,30.00,银行卡
ORD110441,2026-07-10,S05,P03,1,26.00,银行卡
ORD113830,2026-08-02,S03,P21,3,48.00,支付宝
ORD117307,2026-08-26,S02,P19,1,15.00,银行卡
ORD117650,2026-08-29,S01,P16,1,5.00,会员储值
ORD112804,2026-07-26,S04,P06,1,45.00,现金
ORD100952,2026-05-07,S02,P05,1,34.00,银行卡
ORD102522,2026-05-17,S03,P02,2,60.00,会员储值
ORD101134,2026-05-08,S04,P01,2,64.00,微信
ORD109944,2026-07-07,S01,P01,1,32.00,会员储值
ORD115169,2026-08-11,S02,P21,1,16.00,银行卡
ORD113956,2026-08-03,S01,P08,1,25.00,现金
ORD100860,2026-05-06,S04,P13,1,20.00,会员储值
ORD100933,2026-05-07,S01,P01,1,32.00,现金
ORD114712,2026-08-08,S04,P02,1,30.00,微信
ORD100919,2026-05-07,S01,P14,1,10.00,支付宝
ORD112117,2026-07-21,S04,P05,3,102.00,会员储值
ORD106847,2026-06-16,S04,P10,3,72.00,会员储值
ORD108267,2026-06-26,S02,P20,1,22.00,会员储值
ORD109789,2026-07-05,S05,P10,2,48.00,银行卡
ORD109224,2026-07-02,S03,P11,2,52.00,微信
ORD104443,2026-05-30,S05,P18,1,18.00,会员储值
ORD104937,2026-06-03,S02,P06,1,42.00,支付宝
ORD117780,2026-08-29,S04,P10,3,72.00,支付宝
ORD100422,2026-05-03,S03,P07,2,44.00,微信
ORD110243,2026-07-09,S02,P11,2,52.00,现金
ORD114198,2026-08-04,S05,P14,2,20.00,会员储值
ORD100451,2026-05-03,S04,P10,3,72.00,银行卡
ORD108918,2026-06-30,S01,P03,1,26.00,银行卡
ORD107613,2026-06-21,S03,P02,1,30.00,银行卡
ORD102308,2026-05-16,S03,P03,1,26.00,支付宝
ORD107469,2026-06-20,S04,P11,2,52.00,现金
ORD101944,2026-05-13,S05,P14,1,10.00,会员储值
ORD100931,2026-05-07,S01,P01,2,64.00,会员储值
ORD109284,2026-07-02,S05,P01,1,32.00,微信
ORD114612,2026-08-08,S01,P11,1,26.00,银行卡
ORD112252,2026-07-22,S04,P07,1,22.00,现金
ORD100393,2026-05-03,S02,P05,2,68.00,会员储值
ORD110349,2026-07-10,S01,P10,1,24.00,银行卡
ORD117006,2026-08-24,S01,P08,1,25.00,会员储值
ORD111478,2026-07-17,S04,P11,1,26.00,现金
ORD110973,2026-07-13,S05,P20,3,66.00,银行卡
ORD116570,2026-08-21,S04,P19,3,45.00,银行卡
ORD109369,2026-07-03,S04,P12,1,8.00,现金
ORD108618,2026-06-28,S02,P06,1,42.00,现金
ORD116915,2026-08-23,S03,P11,1,,现金
ORD103736,2026-05-25,S05,P06,1,42.00,现金
ORD113494,2026-07-31,S04,P10,2,48.00,会员储值
ORD104892,2026-06-02,S05,P08,1,25.00,现金
ORD102948,2026-05-20,S04,P10,1,24.00,现金
ORD114711,2026-08-08,S04,P10,1,24.00,微信
ORD116700,2026-08-22,S03,P07,1,22.00,微信
ORD111468,2026-07-17,S04,P11,1,26.00,支付宝
ORD104863,2026-06-02,S04,P11,1,26.00,支付宝
ORD105966,2026-06-10,S02,P12,1,8.00,微信
ORD100009,2026-05-01,S01,P02,1,30.00,支付宝
ORD111778,2026-07-19,S02,P14,1,10.00,银行卡
ORD111460,2026-07-17,S04,P10,1,24.00,现金
ORD115224,2026-08-11,S04,P21,1,16.00,现金
ORD116405,2026-08-20,S03,P17,1,12.00,银行卡
ORD104374,2026-05-30,S03,P09,1,18.00,会员储值
ORD104141,2026-05-28,S05,P03,2,52.00,支付宝
ORD100337,2026-05-03,S01,P07,2,44.00,银行卡
ORD103586,2026-05-24,S05,P03,2,52.00,支付宝
ORD107465,2026-06-20,S04,P13,1,20.00,微信
ORD117610,2026-08-28,S04,P10,3,72.00,支付宝
ORD102715,2026-05-18,S05,P08,2,50.00,会员储值
ORD107404,2026-06-20,S02,P05,1,34.00,现金
ORD102376,2026-05-16,S04,P10,1,24.00,银行卡
ORD110878,2026-07-13,S02,P05,2,68.00,支付宝
ORD106187,2026-06-12,S99,P12,2,16.00,会员储值
ORD101102,2026-05-08,S03,P08,1,25.00,现金
ORD103202,2026-05-22,S04,P11,1,26.00,会员储值
ORD104785,2026-06-01,S05,P19,1,15.00,支付宝
ORD113786,2026-08-02,S02,P06,1,45.00,银行卡
ORD110481,2026-07-11,S01,P02,2,60.00,会员储值
ORD115355,2026-08-12,S04,P08,1,25.00,现金
ORD115776,2026-08-15,S04,P18,1,18.00,微信
ORD111730,2026-07-19,S01,P01,1,32.00,现金
ORD112526,2026-07-25,S02,P05,2,68.00,微信
ORD116566,2026-08-21,S04,P05,1,34.00,微信
ORD107697,2026-06-21,S05,P09,1,18.00,现金
ORD112652,2026-07-25,S05,P11,2,52.00,支付宝
ORD114359,2026-08-06,S01,P03,1,26.00,会员储值
ORD114572,2026-08-07,S05,P19,2,30.00,现金
ORD111561,2026-07-18,S02,P06,1,45.00,微信
ORD109930,2026-07-06,S05,P17,1,12.00,现金
ORD117444,2026-08-27,S03,P15,1,6.00,现金
ORD115901,2026-08-16,S02,P04,1,38.00,微信
ORD105297,2026-06-05,S05,P09,1,18.00,微信
ORD110432,2026-07-10,S05,P06,1,,现金
ORD117308,2026-08-26,S03,P01,1,32.00,支付宝
ORD101838,2026-05-13,S01,P20,3,66.00,微信
ORD115812,2026-08-15,S05,P19,2,30.00,现金
ORD102631,2026-05-18,S01,P01,1,32.00,银行卡
ORD114687,2026-08-08,S03,P08,1,25.00,支付宝
ORD117454,2026-08-27,S03,P19,2,30.00,微信
ORD115401,2026-08-13,S01,P08,1,25.00,微信
ORD110604,2026-07-11,S04,P11,1,26.00,会员储值
ORD110625,2026-07-11,S05,P19,1,15.00,银行卡
ORD111330,2026-07-16,S04,P11,2,52.00,支付宝
ORD104926,2026-06-03,S01,P15,1,6.00,现金
ORD115023,2026-08-10,S02,P05,1,34.00,微信
ORD107903,2026-06-23,S02,P04,3,114.00,支付宝
ORD110793,2026-07-12,S04,P10,1,24.00,银行卡
ORD110445,2026-07-10,S05,P06,1,45.00,会员储值
ORD105721,2026-06-08,S01,P12,1,8.00,微信
ORD109665,2026-07-05,S02,P16,3,15.00,微信
ORD116787,2026-08-22,S05,P11,1,26.00,微信
ORD115596,2026-08-14,S04,P20,1,22.00,现金
ORD109966,2026-07-07,S02,P12,2,16.00,现金
ORD118031,2026-08-30,S05,P21,2,32.00,现金
ORD106097,2026-06-11,S04,P10,1,24.00,现金
ORD108033,2026-06-24,S03,P01,1,32.00,会员储值
ORD117647,2026-08-29,S01,P18,2,36.00,微信
ORD116205,2026-08-18,S04,P19,1,15.00,银行卡
ORD115309,2026-08-12,S03,P20,1,22.00,现金
ORD109922,2026-07-06,S05,P13,1,20.00,会员储值
ORD104617,2026-05-31,S04,P13,1,20.00,支付宝
ORD110466,2026-07-11,S01,P01,1,32.00,会员储值
ORD103509,2026-05-24,S03,P13,2,40.00,现金
ORD101628,2026-05-11,S03,P11,1,26.00,会员储值
ORD111190,2026-07-15,S04,P13,3,60.00,现金
ORD107955,2026-06-23,S05,P03,3,78.00,现金
ORD101735,2026-05-12,S03,P09,1,18.00,微信
ORD105321,2026-06-06,S01,P11,1,26.00,银行卡
ORD100923,2026-05-07,S01,P05,2,68.00,支付宝
ORD105083,2026-06-04,S02,P04,1,38.00,银行卡
ORD111420,2026-07-17,S02,P16,1,5.00,支付宝
ORD104465,2026-05-30,S05,P02,1,30.00,微信
ORD101993,2026-05-14,S02,P06,1,42.00,会员储值
ORD103561,2026-05-24,S04,P08,1,25.00,银行卡
ORD109992,2026-07-07,S03,P13,2,40.00,银行卡
ORD109579,2026-07-04,S05,P05,1,34.00,支付宝
ORD116920,2026-08-23,S03,P21,1,16.00,银行卡
ORD100766,2026-05-05,S05,P02,1,30.00,支付宝
ORD113669,2026-08-01,S04,P11,1,26.00,微信
ORD107397,2026-06-20,S02,P16,2,10.00,银行卡
ORD106431,2026-06-13,S05,P01,1,32.00,现金
ORD104272,2026-05-29,S05,P19,1,15.00,现金
ORD113978,2026-08-03,S02,P06,2,90.00,会员储值
ORD104727,2026-06-01,S03,P07,1,22.00,现金
ORD113586,2026-08-01,S02,P11,1,26.00,现金
ORD111294,2026-07-16,S03,P07,2,44.00,会员储值
ORD114245,05-08-2026,S02,P11,1,26.00,会员储值
ORD108850,2026-06-29,S04,P03,2,52.00,微信
ORD100765,2026-05-05,S05,P02,3,90.00,现金
ORD111485,2026-07-17,S05,P08,1,25.00,会员储值
ORD101013,2026-05-07,S05,P10,0,24.00,微信
ORD101890,2026-05-13,S03,P08,1,25.00,支付宝
ORD115336,2026-08-12,S04,P10,2,48.00,现金
ORD107488,2026-06-20,S05,P01,2,64.00,现金
ORD113377,2026-07-30,S04,P20,2,44.00,支付宝
ORD112915,2026-07-27,S02,P04,1,38.00,支付宝
ORD103846,2026-05-26,S04,P03,2,52.00,微信
ORD106611,2026-06-14,S05,P08,2,50.00,现金
ORD117638,2026-08-28,S05,P04,1,38.00,微信
ORD100221,2026-05-03,S03,P09,1,-18.00,支付宝
ORD110758,2026-07-12,S03,P08,1,25.00,支付宝
ORD113858,2026-08-02,S03,P20,2,44.00,支付宝
ORD103540,2026-05-24,S03,P19,1,15.00,银行卡
ORD100169,2026-05-02,S02,P04,1,38.00,支付宝
ORD116665,2026-08-22,S02,P05,2,68.00,现金
ORD102318,2026-05-16,S03,P09,1,18.00,现金
ORD106336,2026-06-13,S02,P11,2,52.00,支付宝
ORD117394,2026-08-27,S01,P21,3,48.00,银行卡
ORD114689,2026-08-08,S03,P11,3,78.00,支付宝
ORD106256,2026-06-12,S05,P08,2,50.00,支付宝
ORD114855,2026-08-09,S02,P06,2,90.00,银行卡
ORD101448,2026-05-10,S03,P09,2,36.00,支付宝
ORD103910,2026-05-27,S02,P12,1,8.00,会员储值
ORD100536,2026-05-04,S01,P01,1,32.00,微信
ORD106001,2026-06-10,S05,P10,1,24.00,支付宝
ORD108940,2026-06-30,S02,P06,2,84.00,银行卡
ORD111931,2026-07-20,S02,P05,3,102.00,微信
ORD113054,2026-07-28,S02,P04,3,114.00,银行卡
ORD113582,2026-08-01,S02,P15,2,12.00,支付宝
ORD115452,2026-08-13,S03,P09,2,36.00,会员储值
ORD100048,2026-05-01,S02,P01,1,32.00,支付宝
ORD106297,2026-06-13,S01,P03,2,52.00,支付宝
ORD100033,2026-05-01,S02,P05,2,68.00,会员储值
ORD110803,2026-07-12,S04,P06,1,45.00,现金
ORD118122,2026-08-31,S04,P21,2,32.00,现金
ORD100198,2026-05-02,S02,P02,1,30.00,支付宝
ORD118145,2026-08-31,S05,P19,1,15.00,会员储值
ORD101214,2026-05-09,S02,P05,2,68.00,微信
ORD111733,2026-07-19,S01,P11,2,52.00,微信
ORD109285,2026-07-02,S05,P06,2,90.00,现金
ORD103304,2026-05-23,S02,P18,2,36.00,支付宝
ORD112366,2026-07-23,S03,P08,1,25.00,银行卡
ORD116979,2026-08-23,S05,P02,1,30.00,现金
ORD110303,2026-07-09,S05,P06,1,45.00,银行卡
ORD101049,2026-05-08,S01,P16,1,5.00,会员储值
ORD101399,2026-05-10,S02,P06,1,42.00,会员储值
ORD103089,2026-05-21,S05,P20,1,22.00,微信
ORD116033,2026-08-16,S05,P03,1,26.00,支付宝
ORD112019,2026-07-20,S05,P20,2,44.00,支付宝
ORD101396,2026-05-10,S01,P05,1,34.00,银行卡
ORD103277,2026-05-23,S02,P15,1,6.00,银行卡
ORD102935,2026-05-20,S04,P06,3,126.00,支付宝
ORD107866,2026-06-23,S01,P01,1,32.00,支付宝
ORD100518,2026-05-03,S05,P14,1,10.00,微信
ORD109946,2026-07-07,S01,P02,3,90.00,现金
ORD116374,2026-08-20,S01,P14,2,20.00,会员储值
ORD103148,2026-05-22,S02,P06,1,42.00,现金
ORD107506,2026-06-20,S05,P09,1,18.00,现金
ORD101505,2026-05-10,S04,P05,1,34.00,支付宝
ORD108169,2026-06-25,S03,P07,1,22.00,微信
ORD100361,2026-05-03,S01,P02,1,30.00,现金
ORD107831,2026-06-22,S05,P10,1,24.00,银行卡
ORD113318,2026-07-30,S02,P06,2,90.00,银行卡
ORD102078,2026-05-14,S05,P20,1,22.00,银行卡
ORD111789,2026-07-19,S03,P04,1,38.00,银行卡
ORD115992,2026-08-16,S04,P10,1,24.00,支付宝
ORD106673,2026-06-15,S02,P08,1,25.00,微信
ORD101172,2026-05-09,S01,P17,1,12.00,现金
ORD103934,2026-05-27,S03,P09,1,18.00,现金
ORD102895,2026-05-20,S02,P02,3,90.00,支付宝
ORD107975,2026-06-23,S05,P15,1,6.00,现金
ORD117440,2026-08-27,S03,P12,2,16.00,微信
ORD117194,2026-08-25,S03,P17,2,24.00,银行卡
ORD101710,2026-05-12,S02,P04,1,38.00,现金
ORD105609,2026-06-07,S03,P05,1,34.00,会员储值
ORD102951,2026-05-20,S04,P10,2,¥48.00,会员储值
ORD115406,2026-08-13,S01,P02,1,30.00,现金
ORD110787,2026-07-12,S04,P11,1,26.00,现金
ORD103325,2026-05-23,S03,P06,1,42.00,现金
ORD108343,2026-06-26,S05,P20,2,44.00,支付宝
ORD106171,2026-06-12,S02,P01,1,32.00,微信
ORD115374,2026-08-12,S05,P09,1,18.00,微信
ORD101168,2026-05-09,S01,P13,2,40.00,银行卡
ORD102482,2026-05-17,S02,P06,2,84.00,现金
ORD109782,2026-07-05,S05,P17,1,12.00,支付宝
ORD116448,2026-08-20,S04,P02,2,60.00,现金
ORD110144,2026-07-08,S03,P09,1,18.00,银行卡
ORD116383,2026-08-20,S02,P03,1,26.00,会员储值
ORD100517,2026-05-03,S05,P10,1,24.00,微信
ORD113881,2026-08-02,S04,P06,1,45.00,会员储值
ORD110874,2026-07-13,S02,P05,1,34.00,会员储值
ORD108799,2026-06-29,S02,P01,1,32.00,会员储值
ORD110076,2026-07-08,S01,P01,1,32.00,会员储值
ORD113043,2026-07-28,S02,P05,1,34.00,银行卡
ORD109211,2026-07-02,S03,P09,1,18.00,支付宝
ORD108017,2026-06-24,S02,P20,1,22.00,现金
ORD102353,2026-05-16,S04,P10,1,24.00,支付宝
ORD101185,2026-05-09,S01,P02,2,60.00,支付宝
ORD104911,2026-06-03,S01,P01,1,32.00,微信
ORD114300,2026-08-05,S04,P03,1,26.00,微信
ORD107793,2026-06-22,S03,P01,2,64.00,会员储值
ORD100901,2026-05-06,S05,P14,1,10.00,支付宝
ORD109765,2026-07-05,S04,P03,1,26.00,支付宝
ORD113077,2026-07-28,S03,P08,1,25.00,支付宝
ORD110114,2026-07-08,S02,P05,1,34.00,支付宝
ORD100500,2026-05-03,S05,P04,2,76.00,会员储值
ORD100900,2026-05-06,S05,P17,2,24.00,现金
ORD105574,2026-06-07,S02,P06,1,42.00,支付宝
ORD109291,2026-07-03,S01,P15,2,12.00,会员储值
ORD103760,2026-05-26,S01,P01,1,32.00,支付宝
ORD108259,2026-06-26,S02,P06,3,126.00,会员储值
ORD100136,2026-05-02,S01,P20,1,22.00,银行卡
ORD105210,2026-06-05,S02,P05,3,102.00,会员储值
ORD111594,2026-07-18,S03,P03,1,26.00,支付宝
ORD109340,2026-07-03,S03,P20,2,44.00,会员储值
ORD101081,2026-05-08,S02,P17,3,36.00,银行卡
ORD117197,2026-08-25,S03,P07,2,44.00,银行卡
ORD115552,2026-08-14,S02,P12,2,16.00,支付宝
ORD103297,2026-05-23,S02,P06,1,42.00,微信
ORD109793,2026-07-05,S05,P04,1,38.00,支付宝
ORD110562,2026-07-11,S03,P08,1,25.00,支付宝
ORD111535,2026-07-18,S01,P01,1,32.00,支付宝
ORD118114,2026-08-31,S04,P16,1,5.00,微信
ORD102229,2026-05-16,S01,P02,1,30.00,支付宝
ORD114540,2026-08-07,S03,P08,1,25.00,现金
ORD104693,2026-06-01,S02,P06,2,84.00,支付宝
ORD102374,2026-05-16,S04,P02,3,90.00,支付宝
ORD108995,2026-06-30,S04,P16,1,5.00,现金
ORD100789,2026-05-06,S01,P02,3,90.00,银行卡
ORD103881,2026-05-27,S01,P07,1,22.00,会员储值
ORD105875,2026-06-09,S04,P04,1,38.00,会员储值
ORD105643,2026-06-07,S04,P10,1,24.00,银行卡
ORD115994,2026-08-16,S04,P10,1,24.00,会员储值
ORD111115,2026-07-15,S01,P15,1,6.00,银行卡
ORD106354,2026-06-13,S03,P09,1,18.00,银行卡
ORD108179,2026-06-25,S03,P09,1,,会员储值
ORD100222,2026-05-02,S03,P09,2,36.00,支付宝
ORD108836,2026-06-29,S03,P11,2,52.00,银行卡
ORD112174,2026-07-22,S01,P17,1,12.00,支付宝
ORD114671,2026-08-08,S02,P04,3,114.00,微信
ORD110869,2026-07-13,S01,P08,1,25.00,会员储值
ORD115591,2026-08-14,S04,P21,2,32.00,现金
ORD112697,2026-07-26,S01,P15,1,6.00,银行卡
ORD115272,2026-08-12,S01,P10,1,24.00,银行卡
ORD105561,2026-06-07,S02,P14,1,10.00,微信
ORD113897,2026-08-02,S05,P02,3,90.00,微信
ORD117849,2026-08-30,S01,P08,2,50.00,银行卡
ORD103667,2026-05-25,S02,P06,2,84.00,微信
ORD113799,2026-08-02,S02,P11,1,26.00,现金
ORD108206,2026-06-25,S04,P10,1,24.00,现金
ORD112446,2026-07-24,S02,P05,2,68.00,微信
ORD104638,2026-05-31,S05,P06,2,84.00,支付宝
ORD111983,2026-07-20,S04,P11,2,52.00,银行卡
ORD113539,2026-08-01,S01,P10,1,24.00,现金
ORD107787,2026-06-22,S03,P07,2,44.00,现金
ORD116713,2026-08-22,S03,P02,1,30.00,现金
ORD103599,2026-05-24,S05,P09,1,18.00,银行卡
ORD106232,2026-06-12,S04,P10,2,48.00,银行卡
ORD101579,2026-05-11,S01,P01,1,32.00,现金
ORD110882,2026-07-13,S02,P06,1,45.00,支付宝
ORD107710,2026-06-21,S05,P07,1,22.00,银行卡
ORD117200,2026-08-25,S03,P09,2,36.00,支付宝
ORD114071,2026-08-03,S05,P16,2,10.00,现金
ORD101959,2026-05-14,S01,P03,1,26.00,支付宝
ORD102658,2026-05-18,S02,P04,1,38.00,会员储值
ORD109375,2026-07-03,S04,P18,1,18.00,会员储值
ORD104442,2026-05-30,S05,P15,1,6.00,现金
ORD114830,2026-08-09,S02,P06,1,45.00,银行卡
ORD117597,2026-08-28,S04,P01,2,64.00,微信
ORD109059,2026-07-01,S02,P04,2,76.00,银行卡
ORD104494,2026-05-31,S01,P05,1,34.00,会员储值
ORD114652,2026-08-08,S02,P21,1,16.00,会员储值
ORD107371,2026-06-20,S02,P07,2,44.00,支付宝
ORD107086,2026-06-18,S02,P06,3,87.00,微信
ORD102997,2026-05-21,S01,P17,3,36.00,会员储值
ORD101035,2026-05-08,S01,P16,1,5.00,银行卡
ORD100311,2026-05-02,S05,P06,2,84.00,会员储值
ORD105205,2026-06-05,S01,P02,2,60.00,支付宝
ORD100732,2026-05-05,S04,P07,1,22.00,会员储值
ORD116324,2026-08-19,S04,P09,1,18.00,现金
ORD105689,2026-06-07,S05,P04,2,76.00,银行卡
ORD116824,2026-08-23,S01,P12,1,8.00,微信
ORD103681,2026-05-25,S03,P19,1,15.00,银行卡
ORD110095,2026-07-08,S01,P06,2,,微信
ORD102213,2026-05-15,S05,P20,1,22.00,银行卡
ORD112380,2026-07-23,S04,P15,1,6.00,会员储值
ORD116456,2026-08-20,S05,P20,1,22.00,现金
ORD108083,2026-06-24,S04,P06,2,84.00,现金
ORD109441,2026-07-04,S01,P11,1,26.00,支付宝
ORD103234,2026-05-23,S01,P16,2,10.00,会员储值
ORD108589,2026-06-28,S01,P13,3,60.00,银行卡
ORD108112,2026-06-25,S01,P04,2,76.00,微信
ORD112037,2026-07-21,S01,P02,2,60.00,支付宝
ORD115432,2026-08-13,S02,P05,1,34.00,银行卡
ORD102986,2026-05-21,S01,P02,2,60.00,现金
ORD109193,2026-07-02,S02,P05,3,102.00,银行卡
ORD111982,2026-07-20,S04,P13,1,20.00,现金
ORD108656,2026-06-28,S03,P15,1,6.00,会员储值
ORD102781,2026-05-19,S02,P04,1,38.00,会员储值
ORD114822,2026-08-09,S01,P03,1,26.00,现金
ORD116436,2026-08-20,S04,P10,2,48.00,现金
ORD102806,2026-05-19,S03,P07,1,22.00,会员储值
ORD114906,2026-08-09,S03,P08,1,25.00,银行卡
ORD114780,2026-08-08,S05,P03,1,26.00,现金
ORD109071,2026-07-01,S02,P04,1,38.00,微信
ORD101602,2026-05-11,S02,P05,2,68.00,银行卡
ORD110394,2026-07-10,S03,P07,1,22.00,会员储值
ORD110572,2026-07-11,S04,P10,1,24.00,银行卡
ORD105627,2026-06-07,S03,P07,1,22.00,银行卡
ORD118078,2026-08-31,S02,P09,2,36.00,支付宝
ORD104326,2026-05-30,S02,P04,1,38.00,支付宝
ORD112933,2026-07-27,S03,P07,2,44.00,微信
ORD102434,2026-05-17,S01,P03,1,26.00,支付宝
ORD112780,2026-07-26,S03,P16,1,5.00,微信
ORD114993,2026-08-09,S05,P01,1,32.00,微信
ORD107677,2026-06-21,S04,P11,2,52.00,会员储值
ORD118139,2026-08-31,S05,P07,1,22.00,会员储值
ORD114240,2026-08-05,S02,P17,1,12.00,支付宝
ORD107632,2026-06-21,S03,P08,1,25.00,银行卡
ORD117457,2026-08-27,S03,P02,1,30.00,微信
ORD106655,2026-06-15,S01,P01,2,64.00,微信
ORD107312,2026-06-19,S05,P02,1,30.00,现金
ORD109283,2026-07-02,S05,P18,1,18.00,现金
ORD108185,2026-06-25,S04,P11,2,52.00,会员储值
ORD105029,2026-06-03,S05,P04,1,38.00,支付宝
ORD109742,2026-07-05,S04,P02,1,30.00,支付宝
ORD109167,2026-07-02,S01,P02,2,60.00,微信
ORD112157,2026-07-21,S05,P17,1,12.00,现金
ORD103787,2026-05-26,S02,P04,1,38.00,支付宝
ORD103792,2026-05-26,S02,P04,3,114.00,银行卡
ORD100153,2026-05-02,S01,P01,2,64.00,微信
ORD102721,2026-05-18,S05,P03,1,26.00,微信
ORD110119,2026-07-08,S02,P06,1,45.00,银行卡
ORD107642,2026-06-21,S03,P08,1,25.00,现金
ORD113735,2026-08-01,S05,P06,1,45.00,银行卡
ORD105959,2026-06-10,S02,P05,1,34.00,微信
ORD101270,2026-05-09,S03,P09,2,36.00,支付宝
ORD104535,2026-05-31,S02,P04,1,38.00,现金
ORD102891,2026-05-20,S02,P03,3,78.00,现金
ORD110652,2026-07-12,S01,P09,1,18.00,微信
ORD102330,2026-05-16,S03,P07,2,44.00,银行卡
ORD115912,2026-08-16,S02,P06,1,45.00,现金
ORD113517,2026-07-31,S05,P19,1,15.00,会员储值
ORD113362,2026-07-30,S04,P09,1,,会员储值
ORD105461,2026-06-06,S04,P01,1,32.00,银行卡
ORD114338,2026-08-06,S01,P21,1,16.00,会员储值
ORD114815,2026-08-09,S01,P02,1,30.00,银行卡
ORD103643,2026-05-25,S01,P02,1,30.00,现金
ORD112354,2026-07-23,S03,P07,3,66.00,会员储值
ORD107352,2026-06-20,S01,P01,3,96.00,银行卡
ORD112368,2026-07-23,S03,P07,2,44.00,现金
ORD107315,2026-06-19,S05,P12,3,24.00,微信
ORD102792,2026-05-19,S03,P10,1,24.00,支付宝
ORD111454,2026-07-17,S04,P15,1,6.00,微信
ORD102281,2026-05-16,S02,P06,3,126.00,银行卡
ORD113792,2026-08-02,S02,P03,1,26.00,微信
ORD100891,2026-05-06,S05,P03,1,26.00,现金
ORD100858,2026-05-06,S04,P04,1,38.00,支付宝
ORD101086,2026-05-08,S03,P11,3,78.00,会员储值
ORD116315,2026-08-19,S04,P18,3,54.00,现金
ORD117465,2026-08-27,S04,P03,3,78.00,微信
ORD114190,2026-08-04,S05,P17,1,12.00,会员储值
ORD112476,2026-07-24,S05,P03,1,26.00,银行卡
ORD114800,2026-08-09,S01,P01,3,96.00,会员储值
ORD112854,2026-07-26,S05,P02,2,60.00,微信
ORD100449,2026-05-03,S03,P03,3,78.00,支付宝
ORD118056,2026-08-31,S01,P01,2,64.00,支付宝
ORD104678,2026-06-01,S01,P18,1,18.00,微信
ORD108452,2026-06-27,S03,P08,1,25.00,微信
ORD112510,2026-07-25,S01,P02,1,30.00,微信
ORD110678,2026-07-12,S01,P03,3,78.00,银行卡
ORD107548,2026-06-21,S01,P18,1,18.00,现金
ORD109905,2026-07-06,S04,P06,1,45.00,银行卡
ORD111565,2026-07-18,S02,P04,1,38.00,银行卡
ORD116228,2026-08-18,S05,P01,2,64.00,会员储值
ORD108358,2026-06-26,S05,P05,2,68.00,银行卡
ORD103750,2026-05-25,S05,P19,2,30.00,银行卡
ORD105222,2026/6/5,S02,P09,1,18.00,微信
ORD107558,2026-06-21,S01,P09,1,18.00,银行卡
ORD107314,2026-06-19,S05,P02,1,30.00,微信
ORD110859,2026-07-13,S01,P19,1,15.00,微信
ORD106539,2026-06-14,S03,P07,2,44.00,会员储值
ORD117205,2026-08-25,S04,P21,1,16.00,会员储值
ORD112609,2026-07-25,S04,P11,1,26.00,微信
ORD115821,2026-08-15,S05,P20,1,22.00,支付宝
ORD106427,2026-06-13,S05,P15,3,18.00,微信
ORD101901,2026-05-13,S04,P14,2,20.00,现金
ORD102892,2026-05-20,S02,P06,2,84.00,会员储值
ORD106554,2026-06-14,S03,P18,1,18.00,银行卡
ORD108184,2026-06-25,S04,P10,1,24.00,银行卡
ORD112387,2026-07-23,S04,P10,2,48.00,现金
ORD102911,2026-05-20,S03,P07,2,44.00,支付宝
ORD105803,2026/6/8,S05,P05,1,34.00,微信
ORD107706,2026-06-21,S05,P01,1,32.00,会员储值
ORD113719,2026-08-01,S05,P20,2,44.00,支付宝
ORD114069,2026-08-03,S05,P08,1,25.00,现金
ORD104184,2026-05-29,S02,P03,2,52.00,现金
ORD108484,2026-06-27,S04,P10,1,24.00,现金
ORD109548,2026-07-04,S04,P11,2,52.00,银行卡
ORD113232,2026-07-29,S04,P11,2,52.00,银行卡
ORD100476,2026-05-03,S04,P18,1,18.00,微信
ORD110031,2026-07-07,S04,P11,1,26.00,支付宝
ORD104088,2026-05-28,S03,P03,2,52.00,支付宝
ORD115465,2026-08-13,S04,P03,1,26.00,会员储值
ORD115051,2026-08-10,S03,P14,1,10.00,支付宝
ORD110249,2026-07-09,S03,P09,3,54.00,支付宝
ORD110223,2026-07-09,S01,P17,1,12.00,会员储值
ORD104534,2026-05-31,S02,P14,1,10.00,微信
ORD115639,2026-08-14,S05,P18,1,18.00,会员储值
ORD103701,2026-05-25,S04,P08,2,50.00,现金
ORD102131,2026-05-15,S02,P15,2,12.00,支付宝
ORD116730,2026-08-22,S04,P16,1,5.00,会员储值
ORD109160,2026-07-02,S01,P08,2,50.00,现金
ORD109457,2026-07-04,S01,P01,1,32.00,现金
ORD108418,2026-06-27,S02,P10,1,24.00,支付宝
ORD117460,2026-08-27,S03,P16,1,5.00,会员储值
ORD115589,2026-08-14,S03,P21,3,48.00,会员储值
ORD110737,2026-07-12,S03,P10,1,24.00,银行卡
ORD111725,2026-07-19,S01,P01,3,96.00,现金
ORD116036,2026-08-16,S05,P20,1,22.00,会员储值
ORD116677,2026-08-22,S02,P06,2,90.00,微信
ORD112442,2026-07-24,s01,P06,2,90.00,微信
ORD108565,2026-06-28,S01,P16,2,10.00,会员储值
ORD105086,2026-06-04,S02,P16,2,10.00,会员储值
ORD107458,2026-06-20,S04,P10,1,24.00,现金
ORD108109,2026-06-25,S01,P02,3,90.00,会员储值
ORD113000,2026-07-27,S05,P18,2,36.00,支付宝
ORD107370,2026-06-20,S02,P06,1,42.00,银行卡
ORD104181,2026-05-29,S02,P04,3,114.00,会员储值
ORD100371,2026-05-03,S02,P06,1,42.00,微信
ORD101092,2026-05-08,S03,P20,1,22.00,微信
ORD102729,2026-05-18,S05,P03,1,26.00,支付宝
ORD106395,2026-06-13,S04,P19,3,45.00,现金
ORD108920,2026-06-30,S01,P03,1,26.00,银行卡
ORD113012,2026-07-28,S01,P12,1,8.00,微信
ORD112867,2026-07-26,S05,P01,1,32.00,微信
ORD117759,2026-08-29,S03,P21,2,32.00,会员储值
ORD109122,2026-07-01,S04,P06,2,90.00,银行卡
ORD104764,2026-06-01,S05,P12,3,24.00,银行卡
ORD106099,2026-06-11,S04,P03,1,26.00,现金
ORD106047,2026-06-11,S02,P04,1,38.00,支付宝
ORD100325,2026-05-02,S05,P19,1,15.00,现金
ORD117431,2026-08-27,S02,P04,1,38.00,现金
ORD109725,2026-07-05,S03,P09,2,36.00,微信
ORD109310,2026-07-03,S01,P03,1,26.00,现金
ORD109537,2026-07-04,S03,P09,3,54.00,会员储值
ORD110840,2026-07-12,S05,P03,1,26.00,会员储值
ORD105483,2026-06-06,S05,P12,3,24.00,现金
ORD102092,2026-05-15,S01,P01,1,32.00,会员储值
ORD104222,2026-05-29,S04,P18,2,36.00,微信
ORD113610,2026-08-01,S02,P03,2,52.00,银行卡
ORD114258,2026-08-05,S02,P21,1,16.00,会员储值
ORD105919,2026-06-09,S05,P03,1,26.00,银行卡
ORD101943,2026-05-13,S05,P14,1,10.00,支付宝
ORD100381,2026-05-03,S02,P07,2,44.00,现金
ORD106669,2026-06-15,S02,P19,1,15.00,支付宝
ORD115786,2026-08-15,S04,P10,1,24.00,微信
ORD108666,2026-06-28,S03,P08,1,25.00,银行卡
ORD105380,2026-06-06,S02,P06,1,42.00,现金
ORD116577,2026-08-21,S04,P16,1,5.00,现金
ORD110630,2026-07-11,S05,P12,2,,支付宝
ORD106445,2026-06-13,S05,P02,1,30.00,银行卡
ORD101438,2026-05-10,S02,P06,1,42.00,会员储值
ORD101551,2026-05-10,S05,P14,1,10.00,微信
ORD110806,2026-07-12,S05,P20,1,22.00,支付宝
ORD103434,2026-05-24,S01,P08,3,75.00,微信
ORD109658,2026-07-05,S01,P15,1,6.00,会员储值
ORD100904,2026-05-06,S05,P19,3,45.00,银行卡
ORD102961,2026-05-20,S05,P19,1,15.00,银行卡
ORD106531,2026-06-14,S03,P07,3,66.00,银行卡
ORD111814,2026-07-19,S03,P15,1,6.00,现金
ORD113619,2026-08-01,S03,P09,1,18.00,会员储值
ORD100135,2026-05-02,S01,P15,1,6.00,会员储值
ORD105883,2026-06-09,S04,P11,2,52.00,支付宝
ORD104994,2026-06-03,S04,P17,1,12.00,会员储值
ORD113688,2026-08-01,S04,P15,2,12.00,现金
ORD108319,2026-06-26,S04,P07,1,22.00,会员储值
ORD104248,2026-05-29,S05,P19,1,15.00,会员储值
ORD105338,2026-06-06,S01,P02,1,30.00,微信
ORD103301,2026-05-23,S02,P04,1,38.00,银行卡
ORD106690,2026-06-15,S02,P06,1,42.00,支付宝
ORD115961,2026-08-16,S04,P21,2,32.00,微信
ORD102943,2026-05-20,S04,P15,1,6.00,微信
ORD108032,2026-06-24,S03,P07,2,44.00,会员储值
ORD106977,2026-06-17,S04,P02,2,60.00,现金
ORD110749,2026-07-12,S03,P12,1,8.00,支付宝
ORD112694,2026-07-26,S01, p17,1,12.00,银行卡
ORD101167,2026-05-09,S01,P01,1,32.00,支付宝
ORD105464,2026-06-06,S04,P19,2,30.00,银行卡
ORD110615,2026-07-11,S05,P19,2,30.00,银行卡
ORD109868,2026-07-06,S03,P08,1,25.00,银行卡
ORD110969,2026-07-13,S05,P19,1,15.00,支付宝
ORD116266,2026-08-19,S01,P09,2,36.00,现金
ORD112963,2026-07-27,S04,P10,1,-24.00,支付宝
ORD104577,2026-05-31,S03,P03,2,52.00,银行卡
ORD101842,2026-05-13,S01,P12,2,16.00,现金
ORD105079,2026-06-04,S02,P06,2,84.00,银行卡
ORD113828,2026-08-02,S03,P08,1,25.00,会员储值
ORD105253,2026-06-05,S03,P08,1,25.00,银行卡
ORD106342,2026-06-13,S03,P17,2,24.00,会员储值
ORD101837,2026-05-13,S01,P02,1,30.00,会员储值
ORD108041,2026-06-24,S03,P08,1,25.00,银行卡
ORD102703,2026-05-18,S04,P20,1,22.00,现金
ORD108768,2026-06-29,S01,P02,2,60.00,会员储值
ORD116511,2026-08-21,S02,P05,2,68.00,支付宝
ORD109494,2026-07-04,S02,P05,2,68.00,会员储值
ORD110277,2026-07-09,S04,P05,2,68.00,支付宝
ORD112663,2026-07-25,S05,P19,2,30.00,银行卡
ORD100045,2026-05-01,S02,P14,2,20.00,微信
ORD100713,2026-05-05,S03,P01,1,32.00,银行卡
ORD106356,2026-06-13,S03,P06,1,42.00,银行卡
ORD114429,2026-08-06,S04,P04,1,38.00,现金
ORD106407,2026-06-13,S04,P03,3,78.00,支付宝
ORD109678,2026-07-05,S02,P06,1,45.00,支付宝
ORD114736,2026-08-08,S04,P10,1,24.00,微信
ORD115040,2026-08-10,S02,P06,3,135.00,支付宝
ORD109978,2026-07-07,S02,P03,1,26.00,支付宝
ORD105888,2026-06-09,S04,P10,1,24.00,现金
ORD102908,2026-05-20,S03,P07,1,22.00,会员储值
ORD110393,2026-07-10,S03,P06,1,45.00,银行卡
ORD100774,2026-05-05,S05,P02,1,30.00,支付宝
ORD100980,2026-05-07,S03,P05,1,34.00,银行卡
ORD108805,2026-06-29,S02,P04,1,38.00,会员储值
ORD106710,2026-06-15,S03,P07,1,22.00,支付宝
ORD107880,2026-06-23,S02,P06,1,42.00,微信
ORD107795,2026-06-22,S03,P07,1,22.00,会员储值
ORD112441,2026-07-24,S01,P02,2,60.00,现金
ORD108132,2026-06-25,S01,P19,2,30.00,银行卡
ORD117851,2026-08-30,S01,P18,2,36.00,现金
ORD106625,2026-06-14,S05,P03,1,26.00,银行卡
ORD110048,2026-07-07,S05,P19,1,15.00,银行卡
ORD111321,2026-07-16,S04,P18,2,36.00,现金
ORD102755,2026-05-19,S01,P08,1,25.00,现金
ORD112910,2026-07-27,S02,P04,1,38.00,支付宝
ORD115657,2026-08-15,S01,P05,1,34.00,现金
ORD106089,2026-06-11,S04,P15,2,12.00,微信
ORD115308,2026-08-12,S03,P15,1,6.00,银行卡
ORD114216,2026-08-05,S01,P12,3,24.00,现金
ORD116537,2026-08-21,S03,P13,1,20.00,微信
ORD107068,2026-06-18,S02,P06,2,58.00,现金
ORD104775,2026-06-01,S05,P04,1,38.00,支付宝
ORD104666,2026-06-01,S01,P04,2,76.00,银行卡
ORD114340,2026-08-06,S01,P11,1,26.00,微信
ORD104750,2026-06-01,S04,P15,1,6.00,微信
ORD104321,2026-05-30,S02,P04,2,76.00,微信
ORD113001,2026-07-27,S05,P07,2,44.00,支付宝
ORD102223,2026-05-16,S01,P01,1,32.00,银行卡
ORD104469,2026-05-31,S01,P06,1,42.00,银行卡
ORD102702,2026-05-18,S04,P08,2,50.00,支付宝
ORD105857,2026-06-09,S02,P04,1,38.00,微信
ORD109637,2026-07-05,S01,P01,2,64.00,会员储值
ORD111810,2026-07-19,S03,P08,1,25.00,微信
ORD101988,2026-05-14,S02,P06,2,84.00,现金
ORD113139,2026-07-29,S01,P01,1,32.00,微信
ORD116333,2026-08-19,S05,P07,3,66.00,会员储值
ORD114187,2026-08-04,S05,P03,1,26.00,微信
ORD113475,2026-07-31,S03,P08,1,25.00,微信
ORD100649,2026-05-04,S05,P04,3,114.00,支付宝
ORD110552,2026-07-11,S03,P08,1,25.00,会员储值
ORD114243,2026-08-05,S02,P04,1,38.00,会员储值
ORD112425,2026-07-23,S05,P17,1,12.00,银行卡
ORD104069,2026-05-28,S03,P12,1,8.00,会员储值
ORD101685,2026-05-11,S05,P17,1,12.00,微信
ORD113562,2026-08-01,S01,P17,2,24.00,现金
ORD113633,2026-08-01,S03,P07,2,44.00,微信
ORD116251,2026-08-18,S05,P19,3,45.00,银行卡
ORD117289,2026-08-26,S02,P21,1,16.00,会员储值
ORD102615,2026-05-18,S01,P01,1,32.00,银行卡
ORD100332,2026-05-03,S01,P01,1,32.00,支付宝
ORD109382,2026-07-03,S04,P08,1,25.00,支付宝
ORD109608,2026-07-04,S05,P04,2,76.00,现金
ORD117269,2026-08-26,S01,P02,1,30.00,支付宝
ORD113434,2026-07-31,S02,P05,2,68.00,会员储值
ORD116142,2026-08-17,S05,P20,2,44.00,银行卡
ORD117137,2026-08-25,S01,P07,1,22.00,支付宝
ORD104247,2026-05-29,S05,P04,1,38.00,银行卡
ORD113129,2026-07-28,S05,P08,2,50.00,会员储值
ORD100887,2026-05-06,S05,P10,2,48.00,银行卡
ORD111611,2026-07-18,S03,P07,3,66.00,会员储值
ORD112604,2026-07-25,S04,P03,3,78.00,会员储值
ORD113605,2026-08-01,S02,P03,1,26.00,银行卡
ORD116899,2026-08-23,S03,P08,1,25.00,银行卡
ORD111062,2026-07-14,S04,P03,2,52.00,会员储值
ORD106875,2026-06-16,S05,P19,2,30.00,会员储值
ORD112876,2026-07-27,S01,P13,3,60.00,微信
ORD105964,2026-06-10,S02,P12,1,8.00,会员储值
ORD107784,2026-06-22,S03,P13,1,20.00,现金
ORD104731,2026-06-01,S03,P13,1,20.00,支付宝
ORD106684,2026-06-15,S02,P04,2,76.00,会员储值
ORD111964,2026-07-20,S03,P15,2,12.00,银行卡
ORD105447,2026-06-06,S04,P10,2,48.00,微信
ORD100298,2026-05-02,S05,P05,1,34.00,支付宝
ORD101412,2026-05-10,S02,P12,1,8.00,银行卡
ORD112212,2026-07-22,S02,P13,1,20.00,现金
ORD109306,2026-07-03,S01,P15,1,6.00,会员储值
ORD116966,2026-08-23,S05,P17,1,12.00,支付宝
ORD112316,2026-07-23,S01,P18,1,18.00,微信
ORD109007,2026-06-30,S05,P04,1,38.00,银行卡
ORD115971,2026-08-16,S04,P16,2,10.00,微信
ORD100199,2026-05-02,S02,P06,1,42.00,微信
ORD110915,2026-07-13,S03,P14,1,10.00,支付宝
ORD103573,2026-05-24,S04,P11,1,26.00,银行卡
ORD106029,2026-06-11,S01,P01,1,32.00,支付宝
ORD110440,2026-07-10,S05,P19,1,15.00,微信
ORD101566,2026-05-11,S01,P02,2,60.00,微信
ORD104658,2026-05-31,S05,P03,1,26.00,支付宝
ORD114236,2026-08-05,S02,P06,1,45.00,会员储值
ORD117158,2026-08-25,S02,P12,1,8.00,支付宝
ORD107388,2026-06-20,S02,P19,1,15.00,银行卡
ORD108944,2026-06-30,S02,P06,1,42.00,会员储值
ORD117471,2026-08-27,S04,P10,3,72.00,会员储值
ORD105693,2026-06-07,S05,P02,2,60.00,现金
ORD111234,2026-07-15,S05,P19,2,30.00,现金
ORD106879,2026-06-16,S05,P13,2,40.00,银行卡
ORD114152,2026-08-04,S03,P15,1,6.00,微信
ORD101437,2026-05-10,S02,P04,1,38.00,现金
ORD114696,2026-08-08,S03,P07,1,22.00,会员储值
ORD111629,2026-07-18,S04,P11,1,26.00,会员储值
ORD114331,2026-08-05,S05,P03,1,26.00,会员储值
ORD106183,2026-06-12,S03,P11,3,78.00,微信
ORD104630,2026-05-31,S05,P04,1,38.00,支付宝
ORD105440,2026-06-06,S04,P02,2,60.00,现金
ORD110814,2026-07-12,S05,P05,2,68.00,微信
ORD101758,2026-05-12,S03,P04,1,38.00,现金
ORD114769,2026-08-08,S05,P03,1,26.00,支付宝
ORD100109,2026-05-01,S05,P15,2,12.00,现金
ORD110416,2026-07-10,S04,P10,1,24.00,微信
ORD106034,2026-06-11,S01,P01,1,32.00,现金
ORD106829,2026-06-16,S03,P08,1,25.00,会员储值
ORD105367,2026-06-06,S02,P04,1,38.00,会员储值
ORD100654,2026-05-04,S05,P03,1,26.00,银行卡
ORD117891,2026-08-30,S02,P06,3,135.00,银行卡
ORD101814,2026-05-12,S05,P01,1,32.00,支付宝
ORD108900,2026-06-30,S01,P12,1,8.00,银行卡
ORD104594,2026-05-31,S04,P11,1,26.00,现金
ORD117521,2026-08-28,S01,P01,1,32.00,银行卡
ORD114779,2026-08-08,S05,P01,2,64.00,微信
ORD117162,2026-08-25,S02,P04,3,114.00,微信
ORD102032,2026-05-14,S04,P10,1,24.00,现金
ORD105662,2026-06-07,S04,P02,2,60.00,会员储值
ORD117144,2026-08-25,S01,P03,1,26.00,支付宝
ORD112637,2026-07-25,S04,P16,2,10.00,银行卡
ORD108149,2026-06-25,S02,P16,2,10.00,银行卡
ORD104294,2026-05-30,S01,P08,2,50.00,银行卡
ORD116422,2026-08-20,S03,P07,1,22.00,会员储值
ORD102679,2026-05-18,S03,P07,1,22.00,微信
ORD104448,2026-05-30,S05,P18,1,18.00,会员储值
ORD115185,2026-08-11,S03,P05,1,34.00,银行卡
ORD110026,2026/7/7,S04,P11,2,52.00,会员储值
ORD109129,2026-07-01,S04,P10,1,24.00,银行卡
ORD104470,2026-05-31,S01,P03,1,26.00,会员储值
ORD107302,2026-06-19,S05,P02,1,30.00,会员储值
ORD116697,2026-08-22,S03,P08,1,25.00,支付宝
ORD109703,2026-07-05,S03,P01,1,32.00,银行卡
ORD106913,2026-06-17,S01,P10,1,24.00,微信
ORD107331,2026-06-20,S01,P02,2,60.00,会员储值
ORD114443,2026-08-06,S05,P16,2,10.00,微信
ORD102017,2026-05-14,S03,P09,2,36.00,会员储值
ORD103155,2026-05-22,S03,P02,2,60.00,银行卡
ORD106285,2026-06-13,S01,P01,3,96.00,会员储值
ORD100695,2026-05-05,S02,P04,1,38.00,银行卡
ORD102970,2026-05-20,S05,P07,1,22.00,会员储值
ORD111619,2026-07-18,S03,P15,1,6.00,支付宝
ORD112420,2026-07-23,S05,P11,3,78.00,支付宝
ORD100963,2026-05-07,S03,P08,1,25.00,会员储值
ORD103724,2026-05-25,S04,P16,2,10.00,会员储值
ORD101024,2026-05-07,S05,P03,1,26.00,银行卡
ORD116068,2026-08-17,S03,P21,2,32.00,会员储值
ORD104427,2026-05-30,S04,P05,1,34.00,支付宝
ORD112874,2026-07-26,S05,P09,1,18.00,现金
ORD110505,2026-07-11,S02,P05,2,68.00,支付宝
ORD112946,2026-07-27,S03,P08,1,25.00,银行卡
ORD114162,2026-08-04,S04,P16,1,5.00,现金
ORD105560,2026-06-07,S02,P05,1,34.00,现金
ORD110578,2026-07-11,S04,P11,3,78.00,银行卡
ORD114719,2026-08-08,S04,P15,2,12.00,会员储值
ORD110141,2026-07-09,S03,P18,1,-18.00,支付宝
ORD111292,2026-07-16,S02,P05,1,34.00,会员储值
ORD100473,2026-05-03,S04,P10,1,24.00,微信
ORD114154,2026-08-04,S03,P14,2,20.00,现金
ORD105115,2026-06-04,S03,P07,1,22.00,微信
ORD115315,2026-08-12,S03,P07,1,22.00,银行卡
ORD113793,2026-08-02,S02,P06,2,90.00,现金
ORD106533,2026-06-14,S03,P20,3,66.00,银行卡
ORD100490,2026-05-03,S05,P13,1,20.00,会员储值
ORD112427,2026-07-23,S05,P19,1,15.00,会员储值
ORD111306,2026-07-16,S03,P02,2,60.00,银行卡
ORD115760,2026-08-15,S03,P21,1,16.00,会员储值
ORD109590,2026-07-04,S05,P11,2,52.00,微信
ORD112687,2026-07-26,S01,P01,2,64.00,现金
ORD113306,2026-07-30,S02,P06,1,45.00,银行卡
ORD102197,2026-05-15,S05,P19,1,15.00,支付宝
ORD110172,2026-07-08,S05,P17,2,24.00,现金
ORD109202,2026-07-02,S02,P04,3,114.00,现金
ORD114568,2026-08-07,S05,P09,1,18.00,银行卡
ORD111788,2026-07-19,S03,P18,2,36.00,银行卡
ORD107561,2026-06-21,S01,P06,2,84.00,会员储值
ORD111120,2026-07-15,S01,P13,2,40.00,现金
ORD109281,2026-07-02,S05,P06,2,90.00,会员储值
ORD100892,2026-05-06,S05,P11,1,26.00,微信
ORD109558,2026-07-04,S04,P03,2,52.00,现金
ORD105168,2026-06-04,S05,P20,1,22.00,支付宝
ORD112085,2026-07-21,S03,P09,1,18.00,现金
ORD100207,2026-05-02,S03,P13,1,20.00,微信
ORD111947,2026-07-20,S02,P18,2,36.00,银行卡
ORD102396,2026-05-16,S05,P03,2,52.00,微信
ORD117862,2026-08-30,S01,P05,1,34.00,支付宝
ORD117385,2026-08-26,S05,P05,1,34.00,会员储值
ORD104019,2026-05-28,S01,P02,2,60.00,银行卡
ORD110029,2026-07-07,S04,P02,1,30.00,支付宝
ORD111977,2026-07-20,S03,P16,1,5.00,会员储值
ORD101487,2026-05-10,S04,P10,2,48.00,支付宝
ORD102344,2026-05-16,S04,P05,1,34.00,微信
ORD112219,2026-07-22,S03,P15,1,6.00,支付宝
ORD111857,2026-07-19,S04,P17,1,12.00,银行卡
ORD108476,2026-06-27,S03,P03,1,26.00,支付宝
ORD117960,2026-08-30,S04,P10,2,48.00,银行卡
ORD105143,2026-06-04,S04,P11,1,26.00,支付宝
ORD116991,2026-08-23,S05,P05,3,102.00,会员储值
ORD110550,2026-07-11,S03,P09,1,18.00,微信
ORD109021,2026-06-30,S05,P10,1,24.00,支付宝
ORD102450,2026-05-17,S01,P07,1,22.00,银行卡
ORD106150,2026-06-12,S01,P02,3,90.00,微信
ORD115232,2026-08-11,S05,P04,3,114.00,会员储值
ORD114651,2026-08-08,S02,P21,1,16.00,支付宝
ORD103422,2026-05-23,S05,P03,1,26.00,会员储值
ORD108643,2026-06-28,S02,P03,2,52.00,现金
ORD107442,2026-06-20,S03,P18,1,18.00,会员储值
ORD100625,2026-05-04,S04,P01,3,96.00,现金
ORD116922,2026-08-23,S03,P08,1,25.00,会员储值
ORD111709,2026-07-19,S01,P16,1,5.00,银行卡
ORD100917,2026-05-07,S01,P03,1,26.00,银行卡
ORD105951,2026-06-10,S02,P09,1,18.00,支付宝
ORD102504,2026-05-17,S03,P07,2,44.00,支付宝
ORD107097,2026-06-18,S02,P06,3,87.00,现金
ORD114127,2026-08-04,S02,P05,1,34.00,银行卡
ORD105379,2026-06-06,S02,P19,1,15.00,微信
ORD104015,2026-05-28,S01,P14,1,10.00,银行卡
ORD107266,2026-06-19,S03,P08,2,50.00,微信
ORD107088,2026-06-18,S02,P06,2,58.00,银行卡
ORD108802,2026-06-29,S02,P05,1,34.00,银行卡
ORD112434,2026-07-24,S01,P04,1,38.00,银行卡
ORD114221,2026-08-05,S01,P12,1,8.00,会员储值
ORD106066,2026-06-11,S02,P06,1,42.00,会员储值
ORD110375,2026-07-10,S02,P14,2,20.00,支付宝
ORD116261,2026-08-19,S01,P18,1,18.00,银行卡
ORD112361,2026-07-23,S03,P10,1,24.00,现金
ORD104377,2026-05-30,S03,P09,3,54.00,支付宝
ORD118105,2026-08-31,S03,P07,1,22.00,支付宝
ORD114526,2026-08-07,S03,P02,2,60.00,微信
ORD104983,2026-06-03,S04,P10,2,48.00,支付宝
ORD115222,2026-08-11,S04,P10,3,72.00,会员储值
ORD113606,2026-08-01,S02,P06,2,90.00,支付宝
ORD114357,2026-08-06,S01,P12,2,16.00,会员储值
ORD110330,2026-07-10,S01,P02,3,90.00,会员储值
ORD105366,2026-06-06,S02,P04,3,114.00,会员储值
ORD105287,2026-06-05,S05,P01,2,64.00,支付宝
ORD108997,2026-06-30,S04,P02,1,30.00,银行卡
ORD101679,2026-05-11,S05,P20,1,22.00,银行卡
ORD102673,2026-05-18,S03,P08,1,25.00,支付宝
ORD113544,2026-08-01,S01,P14,2,20.00,会员储值
ORD117670,2026-08-29,S01,P11,1,26.00,微信
ORD105349,2026-06-06,S01,P03,2,52.00,现金
ORD108988,2026-06-30,S04,P16,1,5.00,微信
ORD106682,2026-06-15,S02,P04,1,38.00,微信
ORD107446,2026-06-20,S03,P06,1,42.00,银行卡
ORD100365,2026-05-03,S01,P02,2,60.00,会员储值
ORD117258,2026/8/26,S01,P13,1,20.00,银行卡
ORD112292,2026-07-22,S05,P17,1,12.00,微信
ORD105992,2026-06-10,S04,P16,1,5.00,会员储值
ORD110975,2026-07-13,S05,P14,1,10.00,会员储值
ORD104818,2026-06-02,S02,P04,1,38.00,会员储值
ORD113898,2026-08-02,S05,P03,3,78.00,会员储值
ORD105872,2026-06-09,S02,P06,1,42.00,银行卡
ORD104461,2026-05-30,S05,P03,3,78.00,微信
ORD117806,2026-08-29,S05,P21,1,16.00,微信
ORD111075,2026-07-14,S04,P11,3,78.00,现金
ORD104344,2026-05-30,S02,P04,1,38.00,银行卡
ORD101188,2026-05-09,S01,P02,1,30.00,会员储值
ORD116057,2026-08-17,S01,P21,1,16.00,微信
ORD109533,2026-07-04,S03,P07,2,44.00,微信
ORD104861,2026-06-02,S04,P16,2,10.00,支付宝
ORD111027,2026-07-14,S02,P06,2,90.00,支付宝
ORD111542,2026-07-18,S01,P16,1,5.00,微信
ORD103108,2026-05-22,S01,P12,2,16.00,会员储值
ORD108315,2026-06-26,S04,P02,2,60.00,微信
ORD105144,2026-06-04,S04,P12,1,8.00,微信
ORD102928,2026-05-20,S03,P17,1,12.00,支付宝
ORD106863,2026-06-16,S04,P05,2,68.00,微信
ORD114647,2026-08-08,S02,P01,1,32.00,现金
ORD105317,2026-06-06,S01,P11,2,52.00,支付宝
ORD109274,2026-07-02,S05,P20,1,22.00,现金
ORD104315,2026-05-30,S02,P05,2,68.00,会员储值
ORD106665,2026-06-15,S01,P01,1,32.00,支付宝
ORD107482,2026-06-20,S04,P16,1,5.00,银行卡
ORD113923,2026-08-02,S05,P04,1,38.00,现金
ORD110524,2026-07-11,S02,P06,1,45.00,微信
ORD109681,2026-07-05,S02,P13,1,20.00,支付宝
ORD103584,2026-05-24,S04,P18,1,18.00,现金
ORD107448,2026-06-20,S04,P14,1,10.00,银行卡
ORD118115,2026-08-31,S04,P10,2,-48.00,微信
ORD117260,2026-08-26,S01,P02,2,60.00,微信
ORD102811,2026-05-19,S04,P10,2,48.00,会员储值
ORD102744,2026-05-19,S01,P12,2,16.00,现金
ORD109607,2026-07-04,S05,P06,3,135.00,银行卡
ORD109132,2026-07-01,S05,P10,1,24.00,现金
ORD112838,2026-07-26,S05,P10,1,24.00,现金
ORD101518,2026-05-10,S05,P16,1,5.00,支付宝
ORD109221,2026-07-02,S03,P01,2,64.00,银行卡
ORD106911,2026-06-17,S01,P03,2,52.00,微信
ORD117569,2026-08-28,S03,P20,1,22.00,银行卡
ORD102338,2026-05-16,S03,P19,1,15.00,银行卡
ORD101161,2026-05-08,S05,P15,1,6.00,现金
ORD110477,2026-07-11,S01,P02,1,30.00,现金
ORD117447,2026-08-27,S03,P20,2,44.00,会员储值
ORD115628,2026-08-14,S05,P18,3,54.00,支付宝
ORD115737,2026-08-15,S03,P08,1,25.00,微信
ORD109715,2026-07-05,S03,P07,2,44.00,银行卡
ORD117774,2026-08-29,S04,P13,1,20.00,现金
ORD113304,2026-07-30,S02,P03,1,26.00,现金
ORD117409,2026-08-27,S01,P03,1,26.00,会员储值
ORD106614,2026-06-14,S05,P20,1,22.00,现金
ORD114915,2026-08-09,S04,P11,2,52.00,会员储值
ORD112108,2026-07-21,S03,P09,1,18.00,微信
ORD111763,2026-07-19,S02,P06,1,45.00,微信
ORD108422,2026-06-27,S02,P15,1,6.00,现金
ORD114606,2026-08-08,S01,P02,2,60.00,会员储值
ORD113017,2026-07-28,S01,P20,3,66.00,会员储值
ORD102426,2026-05-17,S01,P02,1,30.00,现金
ORD109048,2026-07-01,S01,P13,1,20.00,微信
ORD115068,2026-08-10,S03,P21,1,16.00,会员储值
ORD108828,2026-06-29,S03,P15,2,12.00,支付宝
ORD108661,2026-06-28,S03,P03,2,52.00,支付宝
ORD103925,2026-05-27,S02,P14,1,10.00,微信
ORD102201,2026-05-15,S05,P20,1,22.00,银行卡
ORD117472,2026-08-27,S04,P10,1,24.00,现金
ORD104285,2026-05-30,S01,P14,1,10.00,会员储值
ORD105538,2026-06-07,S01,P07,1,22.00,银行卡
ORD107338,2026-06-20,S01,P12,2,16.00,会员储值
ORD115685,2026-08-15,S02,P06,1,45.00,现金
ORD117420,2026-08-27,S02,P02,2,60.00,微信
ORD116883,2026-08-23,S03,P09,1,18.00,支付宝
ORD111015,2026-07-14,S02,P02,2,60.00,会员储值
ORD112020,2026-07-20,S05,P08,1,25.00,银行卡
ORD100950,2026-05-07,S02,P06,1,42.00,会员储值
ORD112655,2026-07-25,S05,P03,3,78.00,银行卡
ORD101926,2026-05-13,S05,P20,1,22.00,会员储值
ORD117364,2026-08-26,S05,P15,3,18.00,微信
ORD112204,2026-07-22,S02,P05,2,68.00,现金
ORD116084,2026-08-17,S03,P07,3,66.00,微信
ORD101497,2026-05-10,S04,P10,1,24.00,银行卡
ORD105199,2026-06-05,S01,P02,1,30.00,现金
ORD102939,2026-05-20,s04,P11,1,26.00,现金
ORD100621,2026-05-04,S04,P18,1,18.00,现金
ORD100897,2026-05-06,S05,P12,1,8.00,支付宝
ORD117412,2026-08-27,S01,P19,1,15.00,会员储值
ORD103814,2026-05-26,S03,P18,1,18.00,现金
ORD100362,2026-05-03,S01,P01,1,32.00,会员储值
ORD113086,2026-07-28,S04,P10,1,24.00,现金
ORD108241,2026-06-26,S01,P16,2,10.00,现金
ORD102501,2026-05-17,S03,P17,1,12.00,会员储值
ORD114842,2026-08-09,S02,P02,1,30.00,银行卡
ORD109883,2026-07-06,S03,P12,1,8.00,现金
ORD117429,2026-08-27,S02,P21,3,48.00,会员储值
ORD117198,2026-08-25,S03,P02,1,30.00,会员储值
ORD113479,2026-07-31,S03,P08,1,25.00,银行卡
ORD103288,2026-05-23,S02,P04,1,38.00,现金
ORD106476,2026-06-14,S01,P15,1,6.00,微信
ORD103939,2026-05-27,S03,P09,3,54.00,银行卡
ORD100417,2026-05-03,S03,P09,2,36.00,现金
ORD106313,2026-06-13,S02,P04,1,38.00,现金
ORD104029,2026-05-28,S01,P01,1,32.00,会员储值
ORD106742,2026-06-15,S05,P17,1,12.00,微信
ORD110126,2026-07-08,S03,P03,1,26.00,支付宝
ORD117099,2026-08-24,S05,P10,1,24.00,银行卡
ORD114118,2026-08-04,S02,P05,3,102.00,现金
ORD112878,2026-07-27,S01,P15,1,6.00,支付宝
ORD107676,2026-06-21,S04,P10,1,24.00,微信
ORD109207,2026-07-02,S02,P20,1,22.00,银行卡
ORD112244,2026-07-22,S03,P17,1,12.00,微信
ORD118142,2026-08-31,S05,P17,2,24.00,银行卡
ORD101594,2026-05-11,S02,P03,2,52.00,微信
ORD111928,2026-07-20,S02,P13,1,20.00,现金
ORD106518,2026-06-14,S02,P05,1,34.00,微信
ORD117298,2026-08-26,S02,P21,1,16.00,现金
ORD112977,2026-07-27,S04,P12,2,16.00,银行卡
ORD113281,2026-07-30,S01,P14,1,10.00,支付宝
ORD113293,2026-07-30,S01,P15,1,6.00,银行卡
ORD111869,2026-07-19,S05,P13,2,40.00,会员储值
ORD113239,2026-07-29,S04,P10,3,72.00,银行卡
ORD100382,2026-05-03,S02,P05,2,68.00,银行卡
ORD111043,2026-07-14,S03,P11,2,52.00,会员储值
ORD109137,2026-07-01,S05,P04,1,38.00,会员储值
ORD104844,2026-06-02,S03,P09,1,18.00,银行卡
ORD116813,2026-08-23,S01,P12,3,24.00,微信
ORD117914,2026-08-30,S02,P06,1,45.00,微信
ORD117966,2026-08-30,S04,P13,3,60.00,微信
ORD114566,07-08-2026,S05,P03,2,¥52.00,银行卡
ORD111040,2026-07-14,S03,P07,2,44.00,支付宝
ORD104729,2026-06-01,S03,P20,1,22.00,微信
ORD107221,2026-06-19,S01,P18,1,18.00,会员储值
ORD101319,2026-05-09,S04,P10,1,24.00,会员储值
ORD117268,2026-08-26,S01,P00,1,30.00,支付宝
ORD116337,2026-08-19,S05,P20,2,44.00,银行卡
ORD115055,2026-08-10,S03,P09,1,18.00,现金
ORD115518,2026-08-14,S01,P02,2,60.00,银行卡
ORD117564,2026-08-28,S03,P09,1,18.00,微信
ORD105081,2026-06-04,S02,P05,1,34.00,银行卡
ORD115464,2026-08-13,S04,P12,1,8.00,支付宝
ORD109898,2026-07-06,S04,P11,1,26.00,会员储值
ORD106836,2026-06-16,S03,P17,1,12.00,会员储值
ORD117854,2026-08-30,S01,P16,1,5.00,微信
ORD111167,2026-07-15,S03,P07,1,22.00,支付宝
ORD111968,2026-07-20,S03,P11,3,78.00,现金
ORD115935,2026-08-16,S03,P09,1,18.00,支付宝
ORD102283,2026-05-16,S02,P03,3,78.00,会员储值
ORD101204,2026-05-09,S02,P17,1,12.00,银行卡
ORD115344,2026-08-12,S04,P10,3,72.00,微信
ORD114055,2026-08-03,S05,P21,1,16.00,现金
ORD107689,2026-06-21,S05,P02,1,30.00,支付宝
ORD113069,2026-07-28,S03,P03,1,26.00,会员储值
ORD102810,2026-05-19,S04,P13,2,40.00,会员储值
ORD103091,2026-05-21,S05,P20,2,44.00,微信
ORD109256,2026-07-02,S04,P11,3,78.00,支付宝
ORD111797,2026-07-19,S03,P15,2,12.00,支付宝
ORD104207,2026-05-29,S03,P16,1,5.00,微信
ORD111834,2026-07-19,S04,P10,1,24.00,微信
ORD110317,2026-07-09,S05,P19,1,15.00,现金
ORD115847,2026-08-16,S01,P08,2,50.00,微信
ORD111349,2026-07-16,S05,P16,2,10.00,现金
ORD107375,2026-06-20,S02,P11,1,26.00,会员储值
ORD114378,2026-08-06,S02,P01,2,64.00,微信
ORD111894,2026-07-19,S05,P05,3,102.00,现金
ORD111375,2026-07-17,S01,P01,1,32.00,支付宝
ORD116061,2026-08-17,S01,P01,2,64.00,现金
ORD110596,2026-07-11,S04,P15,1,6.00,支付宝
ORD107247,2026-06-19,S02,P01,1,32.00,现金
ORD107592,2026-06-21,S02,P07,1,22.00,银行卡
ORD113058,2026-07-28,S02,P05,1,34.00,会员储值
ORD114147,2026-08-04,S03,P06,1,45.00,银行卡
ORD107293,2026-06-19,S04,P10,2,48.00,微信
ORD109479,2026-07-04,S02,P11,2,52.00,支付宝
ORD101912,2026-05-13,S04,P13,1,20.00,现金
ORD113552,2026-08-01,S01,P13,1,20.00,会员储值
ORD101496,2026-05-10,S04,P12,1,8.00,现金
ORD111316,2026-07-16,S03,P09,1,18.00,现金
ORD116871,2026-08-23,S02,P04,2,76.00,支付宝
ORD116969,2026-08-23,S05,P20,3,66.00,银行卡
ORD116180,2026-08-18,S03,P03,1,26.00,现金
ORD101171,2026-05-09,S01,P02,1,30.00,微信
ORD112580,2026-07-25,S03,P08,1,25.00,银行卡
ORD110035,2026-07-07,S04,P11,1,26.00,现金
ORD112140,2026-07-21,S05,P18,1,18.00,会员储值
ORD107163,2026-06-18,S04,P11,1,26.00,现金
ORD102250,2026-05-16,S01,P15,1,6.00,银行卡
ORD117011,2026-08-24,S01,P10,1,24.00,现金
ORD116065,2026-08-17,S01,P09,1,18.00,银行卡
ORD113234,2026-07-29,S04,P06,2,90.00,会员储值
ORD110576,2026-07-11,S04,P11,1,26.00,银行卡
ORD103889,2026-05-27,S01,P19,1,15.00,银行卡
ORD110719,2026-07-12,S02,P06,1,45.00,支付宝
ORD103468,2026-05-24,S02,P17,1,12.00,微信
ORD100297,2026-05-02,S05,P20,1,22.00,支付宝
ORD102896,2026-05-20,S02,P06,1,42.00,会员储值
ORD106591,2026-06-14,S04,P10,1,24.00,微信
ORD100845,2026-05-06,S03,P12,1,8.00,银行卡
ORD111736,2026-07-19,S01,P02,1,30.00,银行卡
ORD109821,2026-07-06,S01,P18,2,36.00,现金
ORD108806,2026-06-29,S02,P04,2,76.00,支付宝
ORD113632,2026-08-01,S03,P08,2,50.00,微信
ORD117187,2026-08-25,S03,P09,3,54.00,微信
ORD106092,2026-06-11,S04,P14,2,20.00,支付宝
ORD115011,2026-08-10,S01,P06,1,45.00,现金
ORD110611,2026-07-11,S05,P14,1,10.00,现金
ORD113397,2026-07-30,S05,P04,2,76.00,会员储值
ORD114447,2026-08-06,S05,P10,1,24.00,银行卡
ORD108580,2026-06-28,S01,P16,2,10.00,支付宝
ORD113413,2026-07-31,S01,P13,1,20.00,支付宝
ORD110743,2026-07-12,S03,P08,1,25.00,现金
ORD104009,2026-05-27,S05,P11,1,26.00,微信
ORD106939,2026-06-17,S03,P15,2,12.00,支付宝
ORD108284,2026-06-26,S03,P07,1,22.00,支付宝
ORD117757,2026-08-29,S03,P04,2,76.00,微信
ORD106612,2026-06-14,S05,P03,1,26.00,银行卡
ORD114858,2026-08-09,S02,P16,2,10.00,银行卡
ORD109902,2026-07-06,S04,P12,2,16.00,支付宝
ORD108866,2026-06-29,S04,P10,3,72.00,现金
ORD106857,2026-06-16,S04,P09,1,18.00,现金
ORD107134,2026-06-18,S03,P07,2,44.00,现金
ORD107055,2026-06-18,S02,P05,1,34.00,银行卡
ORD111411,2026-07-17,S02,P05,2,68.00,微信
ORD113653,2026-08-01,S03,P02,1,30.00,银行卡
ORD113305,2026-07-30,S02,P03,2,52.00,支付宝
ORD110225,2026-07-09,S02,P05,1,34.00,现金
ORD115613,2026-08-14,S04,P10,3,72.00,银行卡
ORD104725,2026-06-01,S03,P03,1,26.00,支付宝
ORD106595,2026-06-14,S04,P10,2,48.00,会员储值
ORD117503,2026-08-27,S05,P20,1,22.00,会员储值
ORD113754,2026-08-02,S01,P16,1,5.00,银行卡
ORD117903,2026-08-30,S02,P21,1,16.00,微信
ORD108744,2026-06-28,S05,P04,3,114.00,会员储值
ORD100017,2026-05-01,S01,P12,1,8.00,会员储值
ORD111000,2026-07-14,S01,P16,2,10.00,会员储值
ORD107275,2026-06-19,S03,P16,1,5.00,会员储值
ORD101751,2026-05-12,S03,P02,1,30.00,微信
ORD111835,2026-07-19,S04,P10,1,24.00,银行卡
ORD109017,2026-06-30,S05,P01,1,32.00,银行卡
ORD106524,2026-06-14,S02,P04,1,38.00,支付宝
ORD110192,2026-07-08,S05,P20,1,22.00,现金
ORD109316,2026-07-03,S02,P11,1,26.00,微信
ORD107236,2026-06-19,S02,P05,1,34.00,银行卡
ORD112945,2026-07-27,S03,P20,1,22.00,银行卡
ORD106577,2026-06-14,S04,P12,1,8.00,微信
ORD114045,2026-08-03,S04,P10,3,72.00,支付宝
ORD114122,2026-08-04,S02,P15,1,6.00,会员储值
ORD108056,2026-06-24,S03,P03,1,26.00,银行卡
ORD112036,2026-07-21,S01,P12,2,16.00,现金
ORD109487,2026-07-04,S02,P06,1,45.00,现金
ORD100691,2026-05-05,S02,P04,1,38.00,微信
ORD102145,2026-05-15,S03,P08,2,50.00,支付宝
ORD110384,2026-07-10,S03,P11,2,52.00,银行卡
ORD117699,2026-08-29,S02,P06,1,45.00,银行卡
ORD110229,2026-07-09,S02,P18,2,36.00,微信
ORD113594,2026-08-01,S02,P05,2,68.00,银行卡
ORD114348,2026-08-06,S01,P04,1,38.00,支付宝
ORD108933,2026-06-30,S02,P14,1,10.00,微信
ORD107003,2026-06-17,S05,P09,3,54.00,支付宝
ORD110209,2026-07-09,S01,P06,3,135.00,支付宝
ORD103355,2026-05-23,S04,P15,2,12.00,现金
ORD102988,2026-05-21,S01,P02,3,90.00,支付宝
ORD115248,2026-08-11,S05,P05,3,102.00,银行卡
ORD108504,2026-06-27,S04,P10,2,48.00,银行卡
ORD105281,2026-06-05,S04,P10,1,24.00,现金
ORD102713,2026-05-18,S05,P19,1,15.00,现金
ORD115522,2026-08-14,S01,P02,1,30.00,支付宝
ORD103859,2026-05-26,S05,P07,2,44.00,微信
ORD108680,2026-06-28,S03,P14,1,10.00,支付宝
ORD113469,2026-07-31,S03,P13,1,20.00,现金
ORD100586,2026-05-04,S03,P15,2,12.00,支付宝
ORD106315,2026-06-13,S02,P14,1,10.00,现金
ORD108072,2026-06-24,S04,P11,2,52.00,现金
ORD117402,2026-08-27,S01,P01,3,96.00,会员储值
ORD110138,2026-07-08,S03,P09,2,36.00,现金
ORD104181,2026-05-29,S02,P06,2,84.00,会员储值
ORD102879,2026-05-20,S01,P13,1,20.00,会员储值
ORD115312,2026-08-12,S03,P09,1,18.00,微信
ORD102507,2026-05-17,S03,P07,2,44.00,会员储值
ORD117222,2026-08-25,S04,P15,2,12.00,银行卡
ORD111263,2026-07-16,S01,P12,1,8.00,银行卡
ORD101808,2026-05-12,S05,P03,2,52.00,微信
ORD101558,2026-05-11,S01,P02,2,60.00,微信
ORD113192,2026-07-29,S02,P16,2,10.00,现金
ORD103671,2026-05-25,S02,P06,1,42.00,支付宝
ORD100245,2026-05-02,S03,P07,2,44.00,银行卡
ORD114134,2026-08-04,S03,P09,2,36.00,会员储值
ORD101146,2026-05-08,S05,P08,2,50.00,现金
ORD105298,2026-06-05,S05,P02,2,60.00,会员储值
ORD102354,2026-05-16,S04,P18,1,18.00,银行卡
ORD104329,2026-05-30,S02,P04,2,76.00,银行卡
ORD105252,2026-06-05,S03,P06,2,84.00,支付宝
ORD107493,2026-06-20,S05,P03,1,26.00,现金
ORD117625,2026-08-28,S05,P04,1,38.00,银行卡
ORD104663,2026-06-01,S01,P02,1,30.00,支付宝
ORD114138,2026-08-04,S03,P09,1,18.00,银行卡
ORD114737,2026-08-08,S04,P10,2,48.00,银行卡
ORD107537,2026-06-21,S01,P02,1,30.00,银行卡
ORD107728,2026-06-22,S01,P01,1,32.00,支付宝
ORD103868,2026-05-26,S05,P14,2,20.00,微信
ORD105903,2026-06-09,S05,P05,3,102.00,微信
ORD116170,2026-08-18,S03,P09,3,54.00,银行卡
ORD102941,2026-05-20,S04,P08,3,75.00,现金
ORD116323,2026-08-19,S04,P10,1,24.00,微信
ORD102763,2026-05-19,S02,P04,2,76.00,微信
ORD104510,2026-05-31,S02,P04,1,38.00,现金
ORD113658,2026-08-01,S04,P14,2,20.00,银行卡
ORD115370,2026-08-12,S05,P01,1,32.00,现金
ORD108989,2026-06-30,S04,P13,1,20.00,现金
ORD100040,2026-05-01,S02,P04,1,38.00,现金
ORD105169,2026-06-04,S05,P09,3,54.00,银行卡
ORD110388,2026-07-10,S03,P09,3,54.00,现金
ORD116637,2026-08-22,S01,P05,1,34.00,会员储值
ORD116737,2026-08-22,S04,P07,2,44.00,银行卡
ORD117112,2026-08-24,S05,P04,2,76.00,银行卡
ORD101705,2026-05-12,S01,P15,2,12.00,会员储值
ORD117557,2026-08-28,S02,P04,1,38.00,会员储值
ORD103687,2026-05-25,S03,P13,1,20.00,银行卡
ORD109664,2026-07-05,S02,P10,1,24.00,支付宝
ORD111866,2026-07-19,S05,P19,2,30.00,会员储值
ORD113068,2026-07-28,S03,P13,1,20.00,现金
ORD114537,2026-08-07,S03,P08,2,50.00,支付宝
ORD117479,2026-08-27,S04,P12,2,16.00,会员储值
ORD105162,2026-06-04,S05,P19,2,30.00,现金
ORD103613,2026-05-24,S05,P20,1,22.00,现金
ORD113242,2026-07-29,S04,P13,2,40.00,会员储值
ORD108266,2026-06-29,S02,P04,1,-38.00,会员储值
ORD113875,2026-08-02,S04,P21,1,16.00,支付宝
ORD101578,2026-05-11,S01,P12,1,8.00,现金
ORD108742,2026-06-28,S05,P16,1,5.00,银行卡
ORD112471,2026-07-24,S04,P13,1,20.00,会员储值
ORD108864,2026-06-29,S04,P10,1,24.00,支付宝
ORD102449,2026-05-17,S01,P18,1,18.00,银行卡
ORD101384,2026-05-10,S01,P02,2,60.00,现金
ORD108278,2026-06-26,S02,P03,1,26.00,银行卡
ORD107246,2026-06-19,S02,P05,2,68.00,会员储值
ORD113547,2026-08-01,S01,P19,1,15.00,会员储值
ORD110018,2026-07-07,S04,P10,1,24.00,现金
ORD106706,2026-06-15,S03,P07,1,22.00,现金
ORD116793,2026-08-22,S05,P02,1,30.00,银行卡
ORD103085,2026-05-21,S05,P15,1,6.00,支付宝
ORD107570,2026-06-21,S02,P01,3,96.00,支付宝
ORD103852,2026-05-26,S04,P11,1,26.00,银行卡
ORD113711,2026-08-01,S05,P12,2,16.00,微信
ORD109514,2026-07-04,S03,P12,2,16.00,支付宝
ORD115094,2026-08-10,S04,P21,3,48.00,微信
ORD103788,2026-05-26,S02,P11,1,26.00,现金
ORD110823,2026-07-12,S05,P20,2,44.00,会员储值
ORD106301,2026-06-13,S02,P04,1,38.00,会员储值
ORD111573,2026-07-18,S02,P06,2,90.00,银行卡
ORD100949,2026-05-07,S02,P04,2,76.00,会员储值
ORD110358,2026-07-10,S02,P05,1,34.00,支付宝
ORD115229,2026-08-11,S05,P06,1,45.00,银行卡
ORD101440,2026-05-10,S03,P15,1,6.00,银行卡
ORD100421,2026-05-03,S03,P07,2,44.00,银行卡
ORD111590,2026-07-18,S03,P19,1,15.00,会员储值
ORD111666,2026-07-18,S05,P09,1,18.00,微信
ORD103565,2026-05-24,S04,P03,1,26.00,微信
ORD112276,2026-07-22,S05,P13,1,20.00,会员储值
ORD114440,2026-08-06,S05,P07,3,66.00,支付宝
ORD104523,2026-05-31,S02,P06,1,42.00,支付宝
ORD104307,2026-05-30,S01,P10,1,24.00,微信
ORD100041,2026-05-01,S02,P05,1,34.00,会员储值
ORD113713,2026-08-01,S05,P01,1,32.00,会员储值
ORD111930,2026-07-20,S02,P16,2,10.00,微信
ORD115236,2026-08-11,S05,P07,1,22.00,会员储值
ORD118080,2026-08-31,S03,P18,1,18.00,会员储值
ORD103291,2026-05-23,S02,P20,2,44.00,会员储值
ORD113822,2026-08-02,S03,P03,3,78.00,银行卡
ORD110411,2026-07-10,S04,P07,2,44.00,会员储值
ORD104363,2026-05-30,S03,P01,3,96.00,微信
ORD117379,2026-08-26,S05,P03,2,,现金
ORD115325,2026-08-12,S03,P07,1,22.00,微信
ORD104394,2026-05-30,S04,P15,3,18.00,微信
ORD106944,2026-06-17,S03,P19,2,30.00,支付宝
ORD105291,2026-06-05,S05,P10,1,24.00,银行卡
ORD115379,2026-08-12,S05,P11,1,26.00,银行卡
ORD112389,2026-07-23,S04,P11,1,26.00,微信
ORD102859,2026-05-20,S01,P15,2,12.00,微信
ORD102306,2026-05-16,S03,P02,3,90.00,会员储值
ORD110676,2026-07-12,S01,P13,1,20.00,现金
ORD112268,2026-07-22,S04,P16,1,5.00,会员储值
ORD108605,2026-06-28,S02,P05,2,68.00,会员储值
ORD111091,2026-07-14,S05,P16,1,5.00,微信
ORD116077,2026-08-17,S03,P05,2,68.00,支付宝
ORD106960,2026-06-17,S03,P07,1,22.00,现金
ORD108559,2026-06-27,S05,P17,1,12.00,现金
ORD102582,2026-05-17,S05,P09,1,18.00,支付宝
ORD104817,2026-06-02,S02,P06,1,42.00,现金
ORD111007,2026-07-14,S02,P06,3,135.00,微信
ORD104624,2026-05-31,S04,P10,1,24.00,微信
ORD115756,2026-08-15,S03,P17,2,24.00,银行卡
ORD116550,2026-08-21,S03,P09,2,36.00,会员储值
ORD110336,2026-07-10,S01,P15,2,12.00,银行卡
ORD100645,2026-05-04,S05,P17,2,24.00,微信
ORD102436,2026-05-17,S01,P10,1,24.00,会员储值
ORD117834,2026-08-29,S05,P13,1,20.00,现金
ORD104017,2026-05-28,S01,P15,1,6.00,现金
ORD114228,2026-08-05,S01,P01,1,32.00,会员储值
ORD107551,2026-06-21,S01,P01,2,64.00,支付宝
ORD113135,2026-07-28,S05,P04,1,38.00,银行卡
ORD110653,2026-07-12,S01,P01,1,32.00,微信
ORD107976,2026-06-23,S05,P01,1,32.00,支付宝
ORD108879,2026-06-29,S05,P06,1,42.00,现金
ORD110295,2026-07-09,S04,P10,1,24.00,会员储值
ORD104508,2026-05-31,S02,P04,3,114.00,会员储值
ORD111131,2026-07-15,S01,P14,1,10.00,会员储值
ORD106768,2026-06-16,S01,P12,1,8.00,会员储值
ORD105273,2026-06-05,S04,P17,2,24.00,银行卡
ORD100011,2026-05-01,S01,P01,2,64.00,银行卡
ORD108432,2026-06-27,S02,P16,1,5.00,支付宝
ORD106914,2026-06-17,S02,P05,1,34.00,微信
ORD101128,2026-05-08,S04,P11,1,26.00,微信
ORD114767,2026-08-08,S05,P02,2,60.00,会员储值
ORD117155,2026-08-25,S02,P05,2,68.00,微信
ORD104295,2026-05-30,S01,P01,2,64.00,会员储值
ORD102982,2026-05-21,S01,P01,1,32.00,现金
ORD109420,2026-07-03,S05,P06,1,45.00,支付宝
ORD114847,2026-08-09,S02,P04,2,76.00,会员储值
ORD106928,2026-06-17,S02,P05,1,34.00,会员储值
ORD113967,2026-08-03,S02,P13,3,60.00,银行卡
ORD114039,2026-08-03,S04,P10,1,24.00,银行卡
ORD110648,2026-07-12,S01,P12,1,,支付宝
ORD110155,2026-07-08,S04,P01,2,64.00,现金
ORD107143,2026-06-18,S03,P13,2,40.00,银行卡
ORD112378,2026-07-23,S04,P20,2,44.00,支付宝
ORD103197,2026-05-22,S04,P10,2,48.00,现金
ORD110565,2026-07-11,S03,P08,2,50.00,银行卡
ORD102352,2026-05-16,S04,P04,1,38.00,银行卡
ORD102851,2026-05-19,S05,P20,1,22.00,现金
ORD101393,2026-05-10,S01,P09,1,18.00,现金
ORD103837,2026-05-26,S04,P18,1,18.00,会员储值
ORD116221,2026-08-18,S04,P18,2,36.00,支付宝
ORD112028,2026-07-20,S05,P19,1,15.00,支付宝
ORD101481,2026-05-10,S04,P10,1,24.00,会员储值
ORD100042,2026-05-01,S02,P05,3,102.00,现金
ORD100648,2026-05-04,S05,P20,1,22.00,银行卡
ORD114416,2026-08-06,S04,P16,2,10.00,现金
ORD108434,2026-06-27,S02,P18,1,18.00,现金
ORD114450,2026-08-06,S05,P08,1,25.00,微信
ORD101769,2026-05-12,S04,P18 ,2,36.00,现金
ORD101253,2026-05-09,S03,P08,1,25.00,微信
ORD103313,2026-05-23,S03,P13,2,40.00,支付宝
ORD111416,2026-07-17,S02,P15,3,18.00,支付宝
ORD114718,2026-08-08,S04,P21,1,16.00,会员储值
ORD108073,2026-06-24,S04,P11,1,26.00,现金
ORD111941,2026-07-20,S02,P04,2,76.00,银行卡
ORD107178,2026-06-18,S05,P13,1,20.00,银行卡
ORD106538,2026-06-14,S03,P07,1,22.00,微信
ORD117556,2026-08-28,S02,P03,1,26.00,微信
ORD104147,2026-05-29,S01,P02,3,90.00,微信
ORD103980,2026-05-27,S04,P03,1,26.00,支付宝
ORD114144,2026-08-04,S03,P07,1,22.00,支付宝
ORD108943,2026-06-30,S02,P03,1,26.00,银行卡
ORD106692,2026-06-15,S03,P08,1,25.00,支付宝
ORD111949,2026-07-20,S02,P04,1,38.00,微信
ORD106370,2026-06-13,S03,P01,3,96.00,会员储值
ORD114629,2026-08-08,S01,P11,2,52.00,支付宝
ORD107251,2026-06-19,S03,P07,1,22.00,支付宝
ORD107039,2026-06-18,S01,P05,1,34.00,支付宝
ORD100714,2026-05-05,S03,P02,2,60.00,微信
ORD112936,2026-07-27,S03,P09,2,36.00,会员储值
ORD109263,2026-07-02,S04,P13,1,20.00,现金
ORD110108,2026-07-08,S02,P05,1,34.00,现金
ORD100154,2026-05-02,S01,P10,2,48.00,银行卡
ORD101484,2026-05-10,S04,P13,1,20.00,支付宝
ORD108909,2026-06-30,S01,P02,2,60.00,会员储值
ORD114116,2026-08-04,S02,P06,2,90.00,银行卡
ORD114562,2026-08-07,S04,P03,1,26.00,现金
ORD107804,2026-06-22,S04,P17,3,36.00,会员储值
ORD104328,2026-05-30,S02,P15,1,6.00,支付宝
ORD108182,2026-06-25,S04,P14,1,10.00,现金
ORD110238,2026-07-09,S02,P06,1,45.00,银行卡
ORD108231,2026-06-26,S01,P09,2,36.00,微信
ORD115572,2026-08-14,S03,P03,2,52.00,微信
ORD101535,2026-05-10,S05,P19,2,30.00,支付宝
ORD117131,2026-08-25,S01,P07,2,44.00,银行卡
ORD111511,2026-07-18,S01,P02,1,30.00,银行卡
ORD106350,2026-06-13,S03,P18,2,36.00,支付宝
ORD118130,2026-08-31,S04,P15,2,12.00,会员储值
ORD108489,2026-06-27,S04,P11,1,26.00,支付宝
ORD105703,2026-06-07,S05,P19,1,15.00,现金
ORD115996,16-08-2026,S04,P21,2,32.00,支付宝
ORD118143,2026-08-31,S05,P20,1,22.00,现金
ORD101433,2026-05-10,S02,P11,1,26.00,银行卡
ORD117798,2026-08-29,S04,P21,1,16.00,现金
ORD114009,2026-08-03,S03,P03,1,26.00,银行卡
ORD108463,2026-06-27,S03,P10,1,24.00,银行卡
ORD107729,2026-06-22,S01,P11,1,26.00,银行卡
ORD113344,2026-07-30,S03,P09,3,54.00,支付宝
ORD100843,2026-05-06,S03,P08,1,25.00,会员储值
ORD116924,2026-08-23,S04,P21,1,16.00,现金
ORD113256,2026-07-29,S05,P16,2,10.00,银行卡
ORD105750,2026-06-08,S02,P11,2,52.00,微信
ORD104583,2026-05-31,S03,P07,1,22.00,现金
ORD102049,2026-05-14,S04,P11,2,52.00,银行卡
ORD106858,2026-06-16,S04,P07,1,22.00,银行卡
ORD108586,2026-06-28,S01,P03,3,78.00,支付宝
ORD102722,2026-05-18,S05,P19,2,30.00,现金
ORD101415,2026-05-10,S02,P10,1,24.00,微信
ORD113127,2026-07-28,S05,P05,2,68.00,会员储值
ORD104265,2026-05-29,S05,P19,1,15.00,会员储值
ORD108768,2026-06-29,S01,P02,2,60.00,会员储值
ORD117482,2026-08-27,S04,P03,1,26.00,微信
ORD116642,2026-08-22,S01,P17,1,12.00,微信
ORD100253,2026-05-02,S04,P10,1,24.00,现金
ORD111317,2026-07-16,S03,P05,2,68.00,银行卡
ORD110049,2026-07-07,S05,P12,1,8.00,银行卡
ORD101715,2026-05-12,S02,P15,2,12.00,会员储值
ORD112813,2026-07-26,S04,P10,1,24.00,微信
ORD105002,2026-06-03,S04,P03,1,26.00,微信
ORD115326,2026-08-12,S03,P21,1,16.00,微信
ORD115593,2026-08-14,S04,P15,1,6.00,现金
ORD115195,2026-08-11,S03,P21,1,16.00,支付宝
ORD113642,2026-08-01,S03,P03,1,26.00,会员储值
ORD108123,2026-06-25,S01,P01,1,32.00,微信
ORD111882,2026-07-19,S05,P03,1,26.00,支付宝
ORD101994,2026-05-14,S02,P03,1,26.00,现金
ORD114332,2026-08-05,S05,P01,3,96.00,微信
ORD117240,2026-08-25,S05,P21,2,32.00,银行卡
ORD114425,2026-08-06,S04,P19,1,15.00,现金
ORD102132,2026-05-15,S02,P06,2,84.00,现金
ORD114035,2026-08-03,S04,P10,1,24.00,微信
ORD109435,2026-07-04,S01,P02,1,30.00,银行卡
ORD100409,2026-05-03,S03,P04,1,38.00,微信
ORD109720,2026-07-05,S03,P06,1,45.00,银行卡
ORD111250,2026-07-16,S01,P01,1,32.00,现金
ORD111905,2026-07-20,S01,P08,1,25.00,微信
ORD115391,2026-08-13,S01,P09,3,54.00,微信
ORD106130,2026-06-12,S01,P15,1,6.00,微信
ORD113777,2026-08-02,S02,P06,2,90.00,支付宝
ORD104493,2026-05-31,S01,P15,1,6.00,微信
ORD110614,2026-07-11,S05,P09,2,36.00,银行卡
ORD111844,2026-07-19,S04,P16,2,10.00,银行卡
ORD109616,2026-07-04,S05,P19,1,15.00,银行卡
ORD117855,2026-08-30,S01,P03,1,26.00,支付宝
ORD112942,2026-07-27,S03,P07,1,22.00,微信
ORD111386,2026-07-17,S01,P01,2,64.00,现金
ORD113879,2026-08-02,S04,P10,3,72.00,微信
ORD109229,2026-07-02,S03,P07,2,44.00,支付宝
ORD113989,2026-08-03,S02,P04,2,76.00,会员储值
ORD109177,2026-07-02,S01,P01,1,32.00,微信
ORD103817,2026-05-26,S03,P07,2,44.00,会员储值
ORD106691,2026-06-15,S02,P05,1,34.00,微信
ORD111258,2026-07-16,S01,P07,2,44.00,会员储值
ORD104411,2026-05-30,S04,P07,2,44.00,现金
ORD110682,2026-07-12,S01,P19,2,30.00,支付宝
ORD117384,2026-08-26,S05,P03,1,26.00,会员储值
ORD101904,2026-05-13,S04,P05,2,68.00,银行卡
ORD117381,2026/8/26,S05,P03,2,52.00,支付宝
ORD106996,2026-06-17,S05,P19,3,45.00,现金
ORD111918,2026-07-20,S01,P13,1,20.00,现金
ORD111777,2026-07-19,S02,P05,2,68.00,现金
ORD100021,2026-05-01,S01,P15,1,6.00,现金
ORD103232,2026-05-23,S01,P02,2,60.00,微信
ORD112045,2026-07-21,S01,P02,1,30.00,会员储值
ORD107515,2026-06-20,S05,P08,2,50.00,会员储值
ORD100757,2026-05-05,S05,P17,1,12.00,微信
ORD101539,2026-05-10,S05,P05,1,34.00,会员储值
ORD101913,2026-05-13,S04,P05,2,68.00,现金
ORD112805,2026-07-26,S04,P09,1,18.00,支付宝
ORD110101,2026-07-08,S02,P16,2,10.00,会员储值
ORD111446,2026-07-17,S03,P09,1,18.00,银行卡
ORD115740,2026-08-15,S03,P13,1,20.00,支付宝
ORD117346,2026-08-26,S04,P10,2,48.00,银行卡
ORD103204,2026-05-22,S04,P12,1,8.00,银行卡
ORD103733,2026-05-25,S05,P20,2,44.00,现金
ORD108652,2026-06-28,S03,P07,2,44.00,支付宝
ORD111205,2026-07-15,S04,P18,1,18.00,现金
ORD112419,2026-07-23,S05,P09,2,36.00,会员储值
ORD107873,2026-06-23,S01,P18,1,18.00,现金
ORD103574,2026-05-24,S04,P05,1,34.00,支付宝
ORD107815,2026-06-22,S04,P10,1,24.00,会员储值
ORD107118,2026-06-18,S02,P06,2,58.00,银行卡
ORD104719,2026-06-01,S03,P08,1,25.00,会员储值
ORD102822,2026-05-19,S04,P03,1,26.00,支付宝
ORD110198,2026-07-09,S01,P13,1,20.00,支付宝
ORD113987,2026-08-03,S02,P05,2,68.00,现金
ORD107491,2026-06-20,S05,P11,2,52.00,支付宝
ORD117248,2026-08-25,S05,P13,1,20.00,现金
ORD116279,2026-08-19,S03,P07,2,44.00,现金
ORD116509,2026-08-21,S02,P05,1,34.00,微信
ORD101502,2026-05-10,S04,P17,2,24.00,会员储值
ORD103387,2026-05-23,S04,P12,3,24.00,现金
ORD113378,2026-07-30,S04,P02,1,30.00,现金
ORD115705,2026-08-15,S02,P02,2,60.00,支付宝
ORD104242,2026-05-29,S04,P11,1,26.00,会员储值
ORD117237,2026-08-25,S05,P04,2,76.00,微信
ORD109338,2026-07-03,S02,P04,1,38.00,支付宝
ORD105032,2026-06-03,S05,P03,1,26.00,银行卡
ORD115919,2026-08-16,S03,P11,2,,支付宝
ORD102796,2026-05-19,S03,P01,1,32.00,银行卡
ORD115044,2026-08-10,S02,P04,2,76.00,微信
ORD105724,2026-06-08,S01,P01,2,64.00,银行卡
ORD109647,2026-07-05,S01,P01,2,64.00,现金
ORD100628,2026-05-04,S04,P11,3,78.00,支付宝
ORD100515,2026-05-03,S05,P08,2,50.00,现金
ORD107788,2026-06-22,S03,P05,1,34.00,现金
ORD110396,2026-07-10,S03,P08,1,25.00,现金
ORD113532,2026-07-31,S05,P02,1,30.00,会员储值
ORD103839,2026-05-26,S04,P15,1,6.00,微信
ORD104253,2026-05-29,S05,P06,2,84.00,银行卡
ORD110025,2026-07-07,S04,P03,1,26.00,支付宝
ORD117918,2026-08-30,S03,P06,2,90.00,会员储值
ORD101210,2026-05-09,S02,P11,3,78.00,微信
ORD107970,2026-06-23,S05,P05,1,34.00,微信
ORD103096,2026/5/21,S05,P03,1,26.00,会员储值
ORD100230,2026-05-02,S03,P08,1,25.00,会员储值
ORD108868,2026-06-29,S04,P10,1,24.00,微信
ORD112098,2026-07-21,S03,P01,1,32.00,会员储值
ORD108100,2026-06-24,S05,P13,2,40.00,银行卡
ORD101375,2026-05-10,S01,P02,2,60.00,支付宝
ORD116127,2026-08-17,S05,P13,3,60.00,银行卡
ORD115738,2026-08-15,S03,P07,2,44.00,银行卡
ORD117850,2026-08-31,S01,P19,1,-15.00,银行卡
ORD114700,2026-08-08,S03,P21,2,32.00,微信
ORD116948,2026-08-23,S04,P10,1,24.00,现金
ORD103547,2026-05-24,S04,P11,2,52.00,会员储值
ORD112306,2026-07-23,S01,P13,-1,40.00,会员储值
ORD116858,2026-08-23,S02,P15,1,6.00,会员储值
ORD110960,2026-07-13,S05,P04,2,76.00,支付宝
ORD112400,2026-07-23,S04,P10,2,48.00,银行卡
ORD114298,2026-08-05,S04,P11,1,26.00,银行卡
ORD100419,2026-05-03,S03,P02,1,30.00,现金
ORD115807,2026-08-15,S05,P21,1,16.00,会员储值
ORD103576,2026-05-24,S04,P11,1,26.00,银行卡
ORD109875,2026-07-06,S03,P19,3,45.00,现金
ORD102095,2026-05-15,S01,P05,1,34.00,会员储值
ORD113801,2026-08-02,S02,P06,2,90.00,支付宝
ORD101503,2026-05-10,S04,P10,1,24.00,现金
ORD113035,2026-07-28,S02,P06,2,90.00,微信
ORD116216,2026-08-18,S04,P10,1,24.00,现金
ORD100070,2026-05-01,S03,P08,1,25.00,银行卡
ORD117915,2026-08-30,S03,P20,1,22.00,会员储值
ORD101305,2026-05-09,S04,P02,1,30.00,会员储值
ORD103548,2026-05-24,S04,P06,2,84.00,支付宝
ORD114697,2026-08-08,S03,P15,1,6.00,微信
ORD106520,2026-06-14,S02,P04,1,38.00,微信
ORD109086,2026-07-01,S03,P17,2,24.00,支付宝
ORD112101,2026-07-21,S03,P04,1,38.00,银行卡
ORD112667,2026-07-25,S05,P06,2,90.00,支付宝
ORD101731,2026-05-12,S02,P06,2,84.00,会员储值
ORD116896,2026-08-23,S03,P06,2,90.00,会员储值
ORD112332,2026-07-23,S02,P17,2,24.00,现金
ORD110789,2026-07-12,S04,P10,2,,会员储值
ORD105973,2026-06-10,S02,P04,1,38.00,支付宝
ORD106053,2026-06-11,S02,P06,3,126.00,会员储值
ORD101405,2026-05-10,S02,P06,1,42.00,现金
ORD116335,2026-08-19,S05,P18,2,36.00,现金
ORD106791,2026-06-16,S02,P04,2,76.00,现金
ORD116766,2026-08-22,S05,P20,1,22.00,支付宝
ORD100578,2026-05-04,S03,P19,1,15.00,微信
ORD112260,2026-07-22,S04,P03,1,26.00,银行卡
ORD102333,2026-05-16,S03,P08,1,25.00,现金
ORD108062,2026-06-24,S04,P05,1,34.00,支付宝
ORD111803,2026-07-19,S03,P03,1,26.00,现金
ORD117602,2026-08-28,S04,P12,1,8.00,银行卡
ORD118115,2026-08-31,S04,P10,2,48.00,微信
ORD103945,2026-05-27,S03,P09,2,36.00,会员储值
ORD112285,2026-07-22,S05,P19,1,15.00,微信
ORD111242,2026-07-16,S01,P06,1,45.00,支付宝
ORD100817,2026-05-06,S02,P01,1,32.00,现金
ORD111913,2026-07-20,S01,P03,1,26.00,银行卡
ORD113791,2026-08-02,S02,P04,1,38.00,银行卡
ORD102680,2026-05-18,S03,P09,2,36.00,微信
ORD109511,2026-07-04,S03,P06,1,45.00,会员储值
ORD108180,2026-06-25,S03,P09,1,18.00,微信
ORD104650,2026-05-31,S05,P09,1,18.00,支付宝
ORD101252,2026-05-09,S03,P11,3,78.00,会员储值
ORD116536,2026-08-21,S03,P07,1,22.00,银行卡
ORD106193,2026-06-12,S03,P07,2,44.00,会员储值
ORD111217,2026-07-15,S05,P14,1,10.00,会员储值
ORD116720,2026-08-22,S03,P03,1,26.00,会员储值
ORD110459,2026-07-11,S01,P01,2,64.00,会员储值
ORD116178,2026-08-18,S03,P07,1,22.00,现金
ORD107005,2026-06-17,S05,P19,1,15.00,银行卡
ORD108353,2026-06-26,S05,P13,1,20.00,微信
ORD104652,2026-05-31,S05,P20,1,22.00,银行卡
ORD109020,2026-06-30,S05,P20,1,22.00,现金
ORD117792,2026-08-29,S04,P16,2,10.00,会员储值
ORD103807,2026-05-26,S02,P18,3,54.00,支付宝
ORD103020,2026-05-21,S02,P18,1,18.00,微信
ORD113912,2026-08-02,S05,P16,2,10.00,银行卡
ORD102652,2026-05-18,S02,P15,2,12.00,微信
ORD113151,2026-07-29,S01,P10,1,24.00,会员储值
ORD112972,2026-07-27,S04,P16,3,15.00,会员储值
ORD108440,2026-06-27,S03,P09,1,18.00,现金
ORD114531,2026-08-07,S03,P16,1,5.00,现金
ORD100860,2026-05-06,S04,P13,1,-20.00,会员储值
ORD103971,2026-05-27,S04,P09,1,18.00,微信
ORD115258,2026-08-12,S01,P21,2,32.00,银行卡
ORD114581,2026-08-07,S05,P19,1,15.00,会员储值
ORD113292,2026/7/30,S01,P12,1,8.00,支付宝
ORD105066,2026-06-04,S01,P02,1,30.00,会员储值
ORD116452,2026-08-20,S05,P21,2,32.00,现金
ORD107486,2026-06-20,S05,P07,1,22.00,微信
ORD109633,2026-07-05,S01 ,P02,2,60.00,会员储值
ORD104389,2026-05-30,S03,P04,3,114.00,现金
ORD107630,2026-06-21,S03,P13,1,20.00,支付宝
ORD111021,2026-07-14,S02,P04,1,38.00,会员储值
ORD108439,2026-06-27,S02,P06,1,42.00,微信
ORD106779,2026-06-16,S01,P06,1,42.00,现金
ORD115895,2026-08-16,S02,P01,1,32.00,支付宝
ORD110920,2026-07-13,S03,P02,3,90.00,现金
ORD107317,2026-06-19,S05,P03,2,52.00,现金
ORD107629,2026-06-21,S03,P03,3,78.00,现金
ORD109424,2026-07-04,S01,P12,1,8.00,银行卡
ORD111864,2026-07-19,S05,P02,1,30.00,微信
ORD109201,2026-07-02,S02,P06,1,45.00,银行卡
ORD106138,2026-06-12,S01,P06,1,42.00,会员储值
ORD109103,2026-07-01,S03,P09,2,36.00,会员储值
ORD115906,2026-08-16,S02,P08,1,25.00,支付宝
ORD105522,2026-06-07,S01,P01,2,64.00,银行卡
ORD106405,2026-06-13,S04,P11,1,26.00,现金
ORD115959,2026-08-16,S04,P10,2,48.00,微信
ORD115411,2026-08-13,S02,P05,1,34.00,支付宝
ORD116897,2026-08-23,S03,P03,2,52.00,微信
ORD109136,2026-07-01,S05,P07,1,22.00,支付宝
ORD104357,2026-05-30,S03,P07,1,22.00,现金
ORD117571,2026-08-28,S03,P08,3,75.00,支付宝
ORD112909,2026-07-27,S02,P15,2,12.00,微信
ORD104292,2026-05-30,S01,P14,1,10.00,支付宝
ORD101091,2026-05-08,S03,P09,3,54.00,支付宝
ORD103623,2026-05-24,S05,P03,1,26.00,微信
ORD116319,2026-08-19,S04,P02,1,30.00,现金
ORD113358,2026-07-30,S04,P15,2,12.00,微信
ORD110753,2026-07-12,S03,P09,2,36.00,银行卡
ORD115141,2026-08-11,S01,P21,1,16.00,会员储值
ORD115528,2026-08-14,S01,P06,2,90.00,银行卡
ORD103860,2026-05-26,S05,P08,3,75.00,银行卡
ORD108462,2026-06-27,S03,P01,2,64.00,银行卡
ORD111127,2026-07-15,S01,P08,1,25.00,微信
ORD104540,2026-05-31,S02,P14,3,30.00,会员储值
ORD101358,2026-05-09,S05,P20,3,66.00,会员储值
ORD115233,2026-08-11,S05,P05,2,68.00,银行卡
ORD105808,2026-06-08,S05,P10,1,24.00,会员储值
ORD101662,2026-05-11,S05,P06,1,42.00,现金
ORD115968,2026-08-16,S04,P12,1,8.00,支付宝
ORD100793,2026-05-06,S01,P15,1,6.00,银行卡
ORD108917,2026-06-30,S01,P02,1,30.00,银行卡
ORD108252,2026-06-26,S01,P14,1,10.00,会员储值
ORD115012,2026-08-10,S01,P09,2,36.00,会员储值
ORD115500,2026-08-13,S05,P07,2,44.00,现金
ORD108429,2026-06-27,S02,P04,3,114.00,银行卡
ORD108026,2026-06-24,S02,P06,2,84.00,微信
ORD112012,2026-07-20,S05,P08,1,25.00,会员储值
ORD114052,2026-08-03,S05,P06,2,90.00,现金
ORD116835,2026-08-23,S01,P07,1,22.00,微信
ORD112588,2026-07-25,S03,P15,2,12.00,现金
ORD116560,2026-08-21,S04,P13,2,40.00,现金
ORD117885,2026-08-30,S02,P15,2,12.00,微信
ORD110650,2026-07-12,S01,P01,3,96.00,微信
ORD105345,2026-06-06,S01,P01,1,32.00,支付宝
ORD104656,2026-05-31,S05,P13,1,20.00,会员储值
ORD104981,2026-06-03,S03,P06,1,42.00,会员储值
ORD107983,2026-06-24,S01,P01,1,32.00,微信
ORD101378,2026-05-10,S01,P01,3,96.00,会员储值
ORD102700,2026-05-18,S04,P14,1,10.00,支付宝
ORD105091,2026-06-04,S02,P13,1,20.00,微信
ORD114108,2026-08-04,S02,P06,1,45.00,微信
ORD105746,2026-06-08,S02,P04,3,114.00,现金
ORD107373,2026-06-20,S02,P06,2,84.00,现金
ORD101655,2026-05-11,S04,P10,1,24.00,会员储值
ORD111672,2026-07-18,S05,P19,2,30.00,会员储值
ORD112166,2026-07-22,S01,P08,1,25.00,银行卡
ORD105694,2026-06-07,S05,P19,1,15.00,现金
ORD111359,2026-07-16,S05,P10,1,24.00,微信
ORD102176,2026-05-15,S04,P13,1,20.00,现金
ORD108905,2026-06-30,S01,P13,1,20.00,银行卡
ORD109831,2026-07-06,S01,P02,1,30.00,现金
ORD111076,2026/7/14,S04,P11,1,26.00,会员储值
ORD105597,2026-06-07,S02,P05,1,34.00,会员储值
ORD103820,2026/5/26,S03,P18,1,18.00,会员储值
ORD110128,2026-07-08,S03,P09,3,54.00,微信
ORD104027,2026-05-28,S01,P01,1,32.00,会员储值
ORD110408,2026-07-10,S03,P18,2,36.00,微信
ORD106683,2026-06-15,S02,P04,2,76.00,微信
ORD101643,2026-05-11,S04,P10,1,24.00,微信
ORD113743,2026-08-02,S01,P02,2,60.00,银行卡
ORD102748,2026-05-19,S01,P15,3,18.00,现金
ORD103032,2026-05-21,S03,P09,1,18.00,支付宝
ORD115295,2026-08-12,S02,P20,1,22.00,微信
ORD105624,2026-06-07,S03,P07,3,66.00,支付宝
ORD105436,2026-06-06,S03,P07,2,44.00,支付宝
ORD104787,2026-06-02,S01,P20,2,44.00,会员储值
ORD104211,2026-05-29,S03,P02,2,60.00,会员储值
ORD116199,2026-08-18,S04,P17,1,12.00,支付宝
ORD113056,2026-07-28,S02,P03,3,78.00,现金
ORD113772,2026-08-02,S01,P02,1,30.00,支付宝
ORD113147,2026-07-29,S01,P03,1,26.00,现金
ORD116864,2026-08-23,S02,P04,2,76.00,现金
ORD102021,2026-05-14,S03,P07,1,22.00,支付宝
ORD111765,2026-07-19,S02,P05,3,102.00,微信
ORD117219,2026-08-25,S04,P10,2,48.00,会员储值
ORD106624,2026-06-14,S05,P16,2,10.00,会员储值
ORD107576,2026-06-21,S02,P04,1,38.00,会员储值
ORD104468,2026-05-31,S01,P11,2,52.00,银行卡
ORD110362,2026-07-10,S02,P20,1,22.00,银行卡
ORD106631,2026-06-14,S05,P18,1,18.00,支付宝
ORD102295,2026-05-16,S02,P01,2,64.00,微信
ORD104589,2026-05-31,S04,P15,2,12.00,会员储值
ORD102768,2026-05-19,S02,P11,2,52.00,微信
ORD112241,2026-07-22,S03,P09,3,54.00,银行卡
ORD108224,2026-06-25,S05,P03,1,26.00,银行卡
ORD108767,2026-06-29,S01,P03,2,52.00,支付宝
ORD100740,2026-05-05,S04,P05,1,34.00,支付宝
ORD108376,2026-06-27,S01,P07,2,44.00,会员储值
ORD109054,2026-07-01,S02,P13,2,40.00,支付宝
ORD106270,2026-06-13,S01,P02,1,30.00,微信
ORD100474,2026-05-03,S04,P10,1,24.00,微信
ORD110512,2026-07-11,S02,P06,1,45.00,银行卡
ORD112816,2026-07-26,S04,P10,1,24.00,现金
ORD105230,2026-06-05,S02,P05,2,68.00,现金
ORD103706,2026-05-25,S04,P11,1,26.00,银行卡
ORD108588,2026-06-28,S01,P19,1,15.00,银行卡
ORD105548,2026-06-07,S01,P01,2,64.00,微信
ORD110476,2026-07-11,S01,P01,1,32.00,支付宝
ORD115783,2026-08-15,S04,P10,2,48.00,会员储值
ORD112090,2026-07-21,S03,P07,2,44.00,会员储值
ORD114561,2026-08-07,S04,P11,1,26.00,银行卡
ORD111239,2026-07-16,S01,P01,1,32.00,现金
ORD108255,2026-06-26,S01,P04,3,114.00,微信
ORD106570,2026-06-14,S04,P11,1,¥ 26.00,支付宝
ORD106122,2026-06-11,S05,P19,1,15.00,会员储值
ORD103329,2026-05-23,S03,P13,1,20.00,支付宝
ORD112104,2026-07-21,S03,P08,1,25.00,银行卡
ORD111243,2026-07-16,S01,P12,1,8.00,银行卡
ORD100579,2026-05-04,S03,P13,1,20.00,会员储值
ORD101436,2026-05-10,s02,P05,1,34.00,微信
ORD104569,2026-05-31,S03,P13,1,20.00,支付宝
ORD114208,2026-08-05,S01,P01,1,32.00,现金
ORD103094,2026-05-21,S05,P13,1,20.00,现金
ORD118000,2026-08-30,S05,P17,2,24.00,支付宝
ORD103403,2026-05-23,S05,P20,1,22.00,支付宝
ORD109817,2026-07-06,S01,P16,2,10.00,现金
ORD114751,2026-08-08,S05,P13,2,40.00,会员储值
ORD111422,2026-07-17,S02,P05,1,34.00,银行卡
ORD105612,2026-06-07,S03,P13,1,20.00,微信
ORD107631,2026-06-21,S03,P18,1,18.00,支付宝
ORD115253,2026-08-11,S05,P07,2,44.00,银行卡
ORD117645,2026-08-29,S01,P02,1,30.00,银行卡
ORD112788,2026-07-26,S03,P14,2,20.00,支付宝
ORD111404,2026-07-17,S02,P09,1,18.00,微信
ORD116236,2026-08-18,S05,P12,1,8.00,现金
ORD102707,2026-05-18,S05,P19,1,15.00,会员储值
ORD101571,2026-05-11,S01,P02,2,60.00,会员储值
ORD111919,2026-07-20,S01,P01,2,64.00,现金
ORD109406,2026-07-03,S05,P06,2,90.00,微信
ORD114381,2026-08-06,S02,P14,2,20.00,支付宝
ORD105736,2026-06-08,S01,P13,3,60.00,微信
ORD105870,2026-06-09,S02,P04,2,76.00,现金
ORD115348,2026-08-12,S04,P13,2,40.00,银行卡
ORD107084,2026-06-18,S02,P06,3,87.00,微信
ORD107287,2026-06-19,S04,P10,1,24.00,现金
ORD112782,2026-07-26,S03,P09,1,18.00,微信
ORD117451,2026-08-27,S03,P13,1,20.00,微信
ORD100943,2026-05-07,S02,P06,1,42.00,现金
ORD109748,2026-07-05,S04,P10,1,24.00,会员储值
ORD116387,2026-08-20,S02,P12,1,8.00,会员储值
ORD110448,2026-07-10,S05,P18,2,36.00,支付宝
ORD110013,2026-07-07,S03,P20,1,22.00,现金
ORD102910,2026-05-20,S03,P08,1,25.00,微信
ORD112952,2026-07-27,S03,P08,1,25.00,现金
ORD106650,2026-06-15,S01,P16,1,5.00,支付宝
ORD107212,2026-06-19,S01,P19,1,15.00,现金
ORD102830,2026-05-19,S04,P15,2,12.00,微信
ORD110825,2026-07-12,S05,P10,1,24.00,现金
ORD109896,2026-07-06,S04,P06,2,90.00,支付宝
ORD100056,2026-05-01,S03,P11,2,52.00,会员储值
ORD115925,2026-08-16,S03,P06,1,45.00,现金
ORD103577,2026-05-24,S04,P19,1,15.00,微信
ORD118009,2026-08-30,S05,P21,2,32.00,会员储值
ORD103800,2026-05-26,S02,P06,1,42.00,银行卡
ORD113082,2026-07-28,S03,P08,2,50.00,会员储值
ORD103966,2026-05-27,S04,P16,1,5.00,会员储值
ORD107952,2026-06-23,S05,P10,1,24.00,微信
ORD104976,2026-06-03,S03,P09,1,18.00,会员储值
ORD103967,2026-05-27,S04,P07,1,22.00,现金
ORD113883,2026-08-02,S04,P11,1,26.00,支付宝
ORD117007,2026-08-24,S01,P12,1,8.00,微信
ORD116097,2026-08-17,S04,P03,1,26.00,支付宝
ORD115350,2026-08-12,S04,P01,1,32.00,会员储值
ORD108311,2026-06-26,S04,P18,1,18.00,银行卡
ORD111490,2026-07-17,S05,P03,2,52.00,现金
ORD112853,2026-07-26,S05,P03,1,26.00,微信
ORD116001,2026-08-16,S05,P01,2,64.00,银行卡
ORD110491,2026-07-11,S01,P14,1,10.00,会员储值
ORD113117,2026-07-28,S05,P15,1,6.00,支付宝
ORD105220,2026-06-05,S02,P17,1,12.00,会员储值
ORD113111,2026-07-28,S04,P10,-1,48.00,银行卡
ORD113177,2026-07-29,S02,P04,1,38.00,现金
ORD112583,2026-07-25,S03,P16,1,5.00,现金
ORD106462,2026-06-14,S01,P01,2,64.00,现金
ORD117254,2026-08-25,S05,P21,1,16.00,微信
ORD113260,2026-07-29,S05,P03,1,26.00,支付宝
ORD110631,2026-07-11,S05,P08,2,50.00,支付宝
ORD109456,2026-07-04,S01,P12,1,8.00,银行卡
ORD115758,2026-08-15,S03,P19,1,15.00,微信
ORD116446,2026-08-20,S04,P10,1,24.00,会员储值
ORD117252,2026-08-25,S05,P12,1,8.00,银行卡
ORD111652,2026-07-18,S04,P16,1,5.00,微信
ORD105692,2026-06-07,S05,P01,1,32.00,会员储值
ORD114457,2026-08-06,S05,P19,1,15.00,银行卡
ORD100483,2026-05-03,S04,P17,2,24.00,支付宝
ORD106441,2026-06-13,S05,P01,1,32.00,支付宝
ORD101256,2026-05-09,S03,P09,1,18.00,微信
ORD102233,2026-05-16,S01,P11,1,-26.00,支付宝
ORD105944,2026/6/10,S01,P03,1,26.00,会员储值
ORD114499,2026-08-07,S02,P06,1,45.00,支付宝
ORD117982,2026-08-30,S04,P21,2,32.00,现金
ORD107133,2026-06-18,S03,P07,2,44.00,银行卡
ORD105649,2026-06-07,S04,P18,1,18.00,支付宝
ORD102094,2026-05-15,S01,P01,2,64.00,支付宝
ORD115728,2026-08-15,S03,P13,1,20.00,现金
ORD112825,2026-07-26,S04,P03,3,78.00,支付宝
ORD103541,2026-05-24,S03,P04,1,38.00,支付宝
ORD116467,2026-08-20,S05,P21,2, ¥32.00 ,现金
ORD109551,2026-07-04,S04,P16,3,15.00,微信
ORD108110,2026-06-25,S01,P05,1,34.00,现金
ORD103337,2026-05-23,S03,P07,1,22.00,银行卡
ORD107417,2026-06-20,S03,P02,1,30.00,现金
ORD104906,2026-06-02,S05,P09,1,18.00,银行卡
ORD112353,2026-07-23,S03,P15,1,6.00,现金
ORD109373,2026-07-03,S04,P13,2,40.00,微信
ORD115010,2026-08-10,S01,P12,1,8.00,微信
ORD103206,2026-05-22,S05,P07,1,22.00,支付宝
ORD113433,2026-07-31,S02,P04,1,38.00,现金
ORD102725,2026-05-18,S05,P20,2,44.00,银行卡
ORD112830,2026-07-26,S04,P01,1,32.00,会员储值
ORD108524,2026-06-27,S05,P12,1,8.00,会员储值
ORD102387,2026-05-16,S05,P03,3,78.00,支付宝
ORD116940,2026-08-23,S04,P10,1,24.00,微信
ORD112578,2026-07-25,S03,P07,2,44.00,现金
ORD108055,2026-06-24,S03,P12,1,8.00,银行卡
ORD113593,2026-08-01,S02,P06,2,90.00,现金
ORD105884,2026-06-09,S04,P10,2,48.00,支付宝
ORD105222,2026-06-05,S02,P09,1,18.00,微信
ORD116143,2026-08-17,S05,P07,1,22.00,银行卡
ORD117581,2026-08-28,S03,P04,2,76.00,银行卡
ORD107674,2026-06-21,S04,P18,1,18.00,微信
ORD115861,2026-08-16,S01,P21,1,16.00,银行卡
ORD107868,2026-06-23,S01,P01,1,32.00,微信
ORD103076,2026-05-21,S04,P06,1,42.00,微信
ORD107337,2026-06-20,S01,P07,1,22.00,现金
ORD106296,2026-06-13,S01,P15,1,6.00,支付宝
ORD109808,2026-07-05,S05,P19,1,15.00,微信
ORD108086,2026-06-24,S05,P10,3,72.00,会员储值
ORD102950,2026-05-20,S04,P18,1,18.00,会员储值
ORD110409,2026-07-10,S04,P10,1,24.00,微信
ORD105094,2026-06-04,S02,P14,1,10.00,银行卡
ORD104107,2026-05-28,S04,P10,1,24.00,支付宝
ORD104174,2026-05-29,S02,P01,3,96.00,微信
ORD116627,2026-08-22,S01,P01,2,64.00,微信
ORD108613,2026-06-28,S02,P12,1,8.00,会员储值
ORD109535,2026-07-04,S03,P08,3,75.00,支付宝
ORD101567,2026-05-11,S01,P01,2,64.00,现金
ORD104549,2026-05-31,S02,P06,2,84.00,会员储值
ORD116166,2026-08-18,S01,P14,1,10.00,银行卡
ORD108405,2026-06-27,S02,P13,3,60.00,现金
ORD113905,2026-08-02,S05,P02,2,60.00,银行卡
ORD106659,2026-06-15,S01,P14,1,10.00,现金
ORD113953,2026-08-03,S01,P21,2,32.00,银行卡
ORD114740,2026-08-08,S04,P13,1,20.00,微信
ORD112426,2026-07-23,S05,P17,1,12.00,银行卡
ORD104156,2026-05-29,S01,P13,1,20.00,银行卡
ORD103405,2026-05-23,S05,P17,2,24.00,会员储值
ORD106886,2026-06-16,S05,P04,2,76.00,微信
ORD103104,2026-05-21,S05,P02,2,60.00,会员储值
ORD106645,2026-06-15,S01,P03,1,26.00,微信
ORD101255,2026-05-09,S03,P09,1,18.00,现金
ORD100675,2026-05-05,S01,P01,2,64.00,现金
ORD113609,2026-08-01,S02,P20,1,22.00,现金
ORD114731,2026-08-08,S04,P10,1,24.00,会员储值
ORD113704,2026-08-01,S05,P19,2,30.00,会员储值
ORD113724,2026-08-01,S05,P05,3,102.00,现金
ORD106475,2026-06-14,S01,P02,3,90.00,银行卡
ORD100308,2026-05-02,S05,P09,1,18.00,微信
ORD114327,2026-08-05,S05,P02,1,30.00,银行卡
ORD104201,2026-05-29,S03,P08,2,50.00,支付宝
ORD115603,2026-08-14,S04,P03,1,26.00,会员储值
ORD105849,2026-06-09,S02,P03,1,26.00,现金
ORD112201,2026-07-22,S02,P05,1,34.00,微信
ORD113321,2026-07-30,S02,P05,3,102.00,银行卡
ORD115032,2026-08-10,S02,P16,1,5.00,现金
ORD107267,2026-06-19,S03,P07,1,22.00,银行卡
ORD117140,2026-08-25,S01,P15,3,18.00,银行卡
ORD114279,2026-08-05,S03,P09,2,36.00,支付宝
ORD114094,2026-08-04,S01,P19,1,15.00,银行卡
ORD114444,2026-08-06,S05,P21,2,32.00,微信
ORD100845,2026-05-06,S03,P07,3,66.00,银行卡
ORD110004,2026-07-07,S03,P01,2,64.00,银行卡
ORD109237,2026-07-02,S03,P07,2,44.00,银行卡
ORD114668,2026-08-08,S02,P11,2,52.00,支付宝
ORD116646,2026-08-22,S02,P19,2,30.00,微信
ORD102288,2026-05-16,S02,P04,1,38.00,现金
ORD115814,2026-08-15,S05,P08,1,25.00,现金
ORD116373,2026-08-20,S01,P01,2,64.00,微信
ORD106916,2026-06-17,S02,P05,2,68.00,会员储值
ORD114867,2026-08-09,S02,P21,1,16.00,现金
ORD106698,2026-06-15,S03,P12,2,16.00,银行卡
ORD111658,2026-07-18,S04,P09,1,18.00,微信
ORD116878,2026-08-23,S02,P06,3,135.00,微信
ORD117778,2026-08-29,S04,P18,1,18.00,支付宝
ORD102260,2026-05-16,S02,P04,1,38.00,现金
ORD110084,2026-07-08,S01,P03,1,26.00,支付宝
ORD109848,2026-07-06,S02,P17,1,12.00,支付宝
ORD108146,2026-06-25,S02,P01,2,64.00,会员储值
ORD116413,2026-08-20,S03,P14,1,10.00,现金
ORD117055,2026-08-24,S03,P07,1,22.00,银行卡
ORD114092,2026-08-04,S01,P01,1,32.00,会员储值
ORD107046,2026-06-18,S02,P05,1,34.00,银行卡
ORD112444,2026-07-24,S02,P11,2,52.00,现金
ORD117493,2026-08-27,S05,P21,2,32.00,银行卡
ORD100024,2026-05-01,S01,P14,1,10.00,银行卡
ORD107524,2026-06-20,S05,P20,1,22.00,支付宝
ORD101632,2026-05-11,S03,P07,2,44.00,会员储值
ORD116836,2026-08-23,S01,P01,1,32.00,支付宝
ORD103828,2026-05-26,S03,P09,1,18.00,现金
ORD117869,2026-08-30,S01,P13,2,40.00,银行卡
ORD103253,2026-05-23,S01,P02,1,30.00,微信
ORD114398,2026-08-06,S03,P09,2,36.00,微信
ORD110487,2026-07-11,S01,P16,1,5.00,微信
ORD107148,2026-06-18,S04,P12,1,8.00,现金
ORD117209,2026-08-25,S04,P10,2,48.00,银行卡
ORD109566,2026-07-04,S04,P16,1,5.00,银行卡
ORD113687,2026-08-01,S04,P12,1,8.00,现金
ORD112751,2026-07-26,S02,P17,2,24.00,会员储值
ORD115046,2026-08-10,S02,P17,1,12.00,银行卡
ORD111140,2026-07-15,S02,P03,1,26.00,支付宝
ORD114086,2026-08-04,S01,P08,1,25.00,微信
ORD111885,2026-07-19,S05,P20,2,44.00,支付宝
ORD107913,2026-06-23,S03,P19,1,15.00,支付宝
ORD113283,2026-07-30,S01,P09,2,36.00,现金
ORD115455,2026-08-13,S03,P01,3,96.00,支付宝
ORD101531,2026-05-10,S05,P20,1,22.00,微信
ORD116832,2026-08-23,S01,P20,2,44.00,会员储值
ORD101937,2026-05-13,S05,P04,1,38.00,微信
ORD103498,2026-05-24,S02,P03,3,78.00,会员储值
ORD115857,2026-08-16,S01,P01,2,64.00,支付宝
ORD115571,2026-08-14,S03,P08,1,25.00,现金
ORD105425,2026-06-06,S03,P13,1,20.00,微信
ORD104733,2026-06-01,S03,P08,2,50.00,支付宝
ORD111691,2026-07-18,S05,P20,1,22.00,会员储值
ORD114220,2026-08-05,S01,P21,1,16.00,会员储值
ORD109917,2026-07-06,S05,P20,3,66.00,会员储值
ORD112133,2026-07-21,S04,P19,3,45.00,会员储值
ORD117577,2026-08-28,S03,P09,2,36.00,支付宝
ORD105719,2026-06-08,S01,P12,1,8.00,银行卡
ORD105148,2026-06-04,S04,P03,1,26.00,微信
ORD117737,2026-08-29,S03,P07,1,22.00,会员储值
ORD103210,2026-05-22,S05,P10,1,24.00,会员储值
ORD115243,2026-08-11,S05,P12,1,8.00,会员储值
ORD114912,2026-08-09,S03,P05,1,34.00,现金
ORD112797,2026-07-26,S04,P09,2,36.00,支付宝
ORD114388,2026-08-06,S03,P18,3,54.00,现金
ORD107164,2026-06-18,S04,P04,1,38.00,现金
ORD107847,2026-06-22,S05,P19,1,15.00,支付宝
ORD107430,2026-06-20,S03,P09,1,18.00,现金
ORD107616,2026-06-21,S03,P13,2,40.00,支付宝
ORD107978,2026-06-23,S05,P08,1,25.00,银行卡
ORD113125,2026-07-28,S05,P08,1,25.00,会员储值
ORD106702,2026-06-15,S03,P18,2,36.00,银行卡
ORD100624,2026-05-04,S04,P03,1,26.00,会员储值
ORD115121,2026-08-10,S05,P12,1,8.00,支付宝
ORD113419,2026-07-31,S01,P01,1,32.00,支付宝
ORD109814,2026-07-06,S01,P16,3,15.00,银行卡
ORD117683,2026-08-29,S02,P05,2,68.00,微信
ORD110255,2026-07-09,S03,P08,2,50.00,会员储值
ORD100212,2026-05-02,S03,P13,1,20.00,会员储值
ORD106927,2026-06-17,S02,P06,3,126.00,银行卡
ORD105095,2026-06-04,S02,P05,1,34.00,支付宝
ORD109027,2026-06-30,S05,P10,1,24.00,支付宝
ORD100632,2026-05-04,S05,P04,2,76.00,现金
ORD100129,2026-05-01,S05,P06,2,84.00,银行卡
ORD111226,2026-07-15,S05,P05,1,34.00,会员储值
ORD114063,2026-08-03,S05,P16,1,5.00,现金
ORD114588,2026-08-07,S05,P06,1,45.00,支付宝
ORD109220,2026-07-02,S03,P08,1,25.00,微信
ORD105152,2026-06-04,S05,P05,1,34.00,支付宝
ORD117530,2026-08-28,S01,P02,3,90.00,会员储值
ORD109636,2026-07-05,S01,P01,1,32.00,微信
ORD102445,2026-05-17,S01,P16,1,5.00,支付宝
ORD117905,2026-08-30,S02,P06,1,45.00,银行卡
ORD102502,2026-05-17,S03,P15,2,12.00,微信
ORD113074,2026-07-28,S03,P06,1,45.00,微信
ORD102636,2026-05-18,S02,P06,2,84.00,支付宝
ORD113094,2026-07-28,S04,P04,3,114.00,会员储值
ORD103556,2026-05-24,S04,P13,2,40.00,银行卡
ORD109442,2026-07-04,S01,P08,2,50.00,支付宝
ORD101876,2026-05-13,S03,P15,1,6.00,会员储值
ORD100193,2026-05-02,S02,P11,2,52.00,支付宝
ORD110425,2026-07-10,S04,P03,2,52.00,会员储值
ORD112122,2026-07-21,S04,P10,2,48.00,现金
ORD106353,2026-06-13,S03,P07,3,66.00,会员储值
ORD112983,2026-07-27,S05,P20,2,44.00,微信
ORD111329,2026-07-16,S04,P11,2,52.00,银行卡
ORD113913,2026-08-02,S05,P04,2,76.00,会员储值
ORD102785,2026-05-19,S03,P08,2,50.00,现金
ORD114290,2026-08-05,S04,P21,1,16.00,银行卡
ORD113587,2026-08-01,S02,P08,1,25.00,支付宝
ORD112416,2026-07-23,S05,P16,3,15.00,银行卡
ORD101352,2026-05-09,S05,P08,2,50.00,银行卡
ORD104798,2026-06-02,S01,P04,2,76.00,支付宝
ORD117652,2026-08-29,S01,P05,1,34.00,现金
ORD103162,2026-05-22,S03,P08,3,75.00,微信
ORD104685,2026-06-01,S02,P06,1,42.00,会员储值
ORD111104,2026-07-14,S05,P08,2,50.00,支付宝
ORD101538,2026-05-10,S05,P03,2,52.00,微信
ORD107217,2026-06-19,S01,P01,1,32.00,银行卡
ORD101082,2026-05-08,S02,P02,2,60.00,现金
ORD109887,2026-07-06,S03,P08,1,25.00,支付宝
ORD104570,2026-05-31,S03,P07,1,22.00,微信
ORD117332,2026-08-26,S03,P07,1,22.00,现金
ORD110905,2026-07-13,S03,P04,2,76.00,银行卡
ORD112761,2026-07-26,S03,P12,2,16.00,会员储值
ORD110898,2026-07-13,S03,P14,1,10.00,现金
ORD101614,2026-05-11,S03,P08,1,25.00,会员储值
ORD102013,2026-05-14,S03,P07,1,22.00,会员储值
ORD100783,2026-05-06,S01,P04,2,76.00,会员储值
ORD115587,2026-08-14,S03,P09,1,18.00,支付宝
ORD116917,2026-08-23,S03,P20,2,44.00,支付宝
ORD108077,2026-06-24,S04,P15,1,6.00,支付宝
ORD117803,2026-08-29,S05,P06,1,45.00,银行卡
ORD102596,2026-05-17,S05,P07,2,44.00,银行卡
ORD110867,2026-07-13,S01,P02,1,30.00,现金
ORD111587,2026-07-18,S03,P07,2,44.00,微信
ORD101962,2026-05-14,S01,P02,1,30.00,会员储值
ORD110399,2026-07-10,S03,P08,2,50.00,微信
ORD104142,2026-05-29,S01,P17,1,12.00,银行卡
ORD108889,2026-06-29,S05,P13,1,20.00,微信
ORD106051,2026-06-11,S02,P10,1,24.00,支付宝
ORD107339,2026-06-20,S01,P19,1,15.00,微信
ORD110346,2026-07-10,S01,P20,3,66.00,支付宝
ORD114414,2026-08-06,S04,P11,2,52.00,现金
ORD100125,2026-05-01,S05,P11,2,52.00,微信
ORD112821,2026-07-26,S04,P10,1,24.00,银行卡
ORD106141,2026-06-12,S01,P01,1,32.00,支付宝
ORD107509,2026-06-20,S05,P06,1,42.00,微信
ORD113641,2026-08-01,S03,P08,1,25.00,会员储值
ORD102391,2026-05-16,S05,P20,1,22.00,会员储值
ORD115561,2026-08-14,S02,P06,2,90.00,会员储值
ORD113476,2026-07-31,S03,P09,2,36.00,微信
ORD110831,2026-07-12,S05,P03,1,26.00,会员储值
ORD102170,2026-05-15,S04,P01,1,32.00,支付宝
ORD110482,2026-07-11,S01,P19,1,15.00,现金
ORD100889,2026-05-06,S05,P01,3,96.00,现金
ORD109503,2026-07-04,S02,P04,2,76.00,微信
ORD103156,2026-05-22,S03,P16,3,15.00,微信
ORD117032,2026-08-24,S02,P06,3,135.00,银行卡
ORD100656,2026/5/4,S05,P05,2,68.00,银行卡
ORD116230,2026-08-18,S05,P03,1,26.00,微信
ORD114638,2026-08-08,S02,P04,1,38.00,支付宝
ORD117105,2026-08-24,S05,P20,2,44.00,现金
ORD104891,2026-06-02,S05,P11,1,26.00,银行卡
ORD113961,2026-08-03,S01,P02,2,60.00,微信
ORD107272,2026-06-19,S03,P07,1,22.00,会员储值
ORD109682,2026-07-05,S02,P03,1,26.00,会员储值
ORD115378,2026-08-12,S05,P20,3,66.00,银行卡
ORD100410,2026-05-03,S03,P09,2,36.00,支付宝
ORD101511,2026-05-10,S04,P10,2,48.00,微信
ORD106956,2026-06-17,S03,P11,1,26.00,会员储值
ORD100171,2026-05-02,S02,P06,1,42.00,微信
ORD106507,2026-06-14,S02,P12,1,8.00,支付宝
ORD102904,2026-05-20,S02,P13,1,20.00,银行卡
ORD112073,2026-07-21,S02,P19,1,15.00,银行卡
ORD114838,2026-08-09,S02,P05,2,68.00,银行卡
ORD114676,2026-08-08,S03,P03,2,52.00,银行卡
ORD113365,2026-07-30,S04,P06,1,45.00,银行卡
ORD109959,2026-07-07,S01,P01,2,64.00,会员储值
ORD115341,2026-08-12,S04,P10,2,48.00,银行卡
ORD102520,2026-05-17,S03,P08,3,75.00,支付宝
ORD107264,2026-06-19,S03,P09,1,18.00,现金
ORD108024,2026-06-24,S02,P14,1,10.00,现金
ORD115626,2026-08-14,S05,P10,1,24.00,微信
ORD102620,2026-05-18,S01,P03,3,78.00,现金
ORD112968,2026-07-27,S04,P11,1,26.00,支付宝
ORD101815,2026-05-12,S05,P04,3,114.00,微信
ORD102300,2026-05-16,S03,P08,2,50.00,支付宝
ORD111460,2026-07-17,S04,P10,1,24.00,现金
ORD101545,2026-05-10,S05,P04,2,76.00,现金
ORD111473,2026-07-17,S04,P14,1,10.00,支付宝
ORD105385,2026-06-06,S02,P19,1,15.00,现金
ORD117152,2026-08-25,S02,P08,1,25.00,微信
ORD105375,2026-06-06,S02,P06,3,126.00,银行卡
ORD109012,2026-06-30,S05,P11,2,52.00,支付宝
ORD113240,2026-07-29,S04,P06,1,45.00,微信
ORD112346,2026-07-23,S02,P10,3,,现金
ORD103093,2026-05-21,S05,P03,1,26.00,支付宝
ORD114104,2026-08-04,S02,P04,1,38.00,银行卡
ORD106579,2026-06-14,S04,P12,1,8.00,现金
ORD116618,2026-08-22,S01,P02,2,60.00,现金
ORD110174,2026-07-08,S05,P13,1,20.00,会员储值
ORD107025,2026-06-18,S01,P01,1,32.00,会员储值
ORD102709,2026-05-18,S05,P19,1,15.00,会员储值
ORD114767,2026-08-10,S05,P02,2,-60.00,会员储值
ORD104635,2026-05-31,S05,P20,2,44.00,支付宝
ORD114146,2026-08-04,S03,P08,1,25.00,会员储值
ORD104990,2026-06-04,S04,P11,2,-52.00,支付宝
ORD101641,2026-05-11,S04,P17,1,12.00,现金
ORD105303,2026-06-05,S05,P20,2,44.00,微信
ORD113706,2026-08-01,S05,P02,1,30.00,现金
ORD101235,2026-05-09,S02,P07,1,22.00,银行卡
ORD108189,2026-06-25,S04,P17,1,12.00,会员储值
ORD115573,2026-08-14,S03,P19,2,30.00,会员储值
ORD113018,2026-07-28,S01,P03,1,26.00,银行卡
ORD109000,2026-06-30,S04,P16,1,5.00,银行卡
ORD116795,2026-08-22,S05,P03,2,52.00,银行卡
ORD109055,2026/7/1,S02,P06,1,45.00,银行卡
ORD100525,2026-05-03,S05,P20,2,44.00,银行卡
ORD103110,2026-05-22,S01,P03,1,26.00,现金
ORD101680,2026-05-11,S05,P17,1,12.00,会员储值
ORD107209,2026-06-19,S01,P02,2,60.00,银行卡
ORD100769,2026-05-05,S05,P07,2,44.00,银行卡
ORD110081,2026-07-08,S01,P01,2,64.00,支付宝
ORD106305,2026-06-13,S02,P06,1,42.00,支付宝
ORD104033,2026-05-28,S01,P06,1,42.00,支付宝
ORD104980,2026-06-03,S03,P18,2,36.00,微信
ORD112439,2026-07-24,S01,P16,1,5.00,支付宝
ORD107906,2026-06-23,S03,P09,1,18.00,支付宝
ORD106813,2026-06-16,S02,P04,1,38.00,银行卡
ORD100637,2026-05-04,S05,P20,1,22.00,支付宝
ORD109415,2026-07-03,S05,P02,2,60.00,现金
ORD108258,2026-06-26,S02,P04,1,38.00,现金
ORD104402,2026-05-30,S04,P01,2,64.00,现金
ORD113566,2026-08-01,S01,P01,1,32.00,现金
ORD115058,2026-08-10,S03,P21,2,32.00,现金
ORD117184,2026-08-25,S03,P21,1,16.00,支付宝
ORD105415,2026-06-06,S03,P16,1,5.00,会员储值
ORD100480,2026-05-03,S04,P11,2,52.00,微信
ORD109971,2026-07-07,S02,P05,1,34.00,会员储值
ORD117950,2026-08-30,S03,P03,1,26.00,现金
ORD116301,2026-08-19,S03,P16,1,5.00,现金
ORD116007,2026-08-16,S05,P12,1,8.00,微信
ORD108459,2026-06-27,S03,P09,2,36.00,微信
ORD112648,2026-07-25,S05,P04,2,76.00,支付宝
ORD102867,2026-05-20,S01,P12,1,8.00,微信
ORD105063,2026-06-04,S01,P02,1,30.00,微信
ORD117084,2026-08-24,S04,P10,1,24.00,银行卡
ORD102044,2026-05-14,S04,P11,1,26.00,会员储值
ORD115984,2026-08-16,S04,P16,1,5.00,微信
ORD100647,2026-05-04,S05,P14,1,10.00,会员储值
ORD110783,2026-07-12,S04,P11,1,26.00,支付宝
ORD104400,2026-05-30,S04,P11,1,26.00,支付宝
ORD102831,2026-05-19,S04,P10,1,24.00,微信
ORD104074,2026-05-28,S03,P20,1,22.00,银行卡
ORD102530,2026-05-17,S03,P12,1,8.00,银行卡
ORD107961,2026-06-23,S05,P09,2,36.00,现金
ORD108008,2026-06-24,S02,P04,1,38.00,微信
ORD113561,2026-08-01,S01,P12,1,8.00,微信
ORD117179,2026-08-25,S03,P09,1,18.00,支付宝
ORD104912,2026-06-03,S01,P03,2,52.00,微信
ORD102292,2026-05-16,S02,P15,1,6.00,会员储值
ORD105241,2026-06-05,S03,P03,1,26.00,支付宝
ORD111710,2026-07-19,S01,P14,2,20.00,支付宝
ORD101938,2026-05-13,S05,P16,1,5.00,会员储值
ORD104067,2026-05-28,S03,P07,2,44.00,现金
ORD100464,2026-05-03,S04,P20,1,22.00,现金
ORD113848,2026-08-02,S03,P08,2,50.00,银行卡
ORD100585,2026-05-04,S03,P17,1,12.00,银行卡
ORD112614,2026-07-25,S04,P17,1,12.00,银行卡
ORD101684,2026-05-11,S05,P20,1,22.00,现金
ORD106038,2026-06-11,S01,P15,3,18.00,现金
ORD112684,2026-07-26,S01,P14,1,10.00,微信
ORD103590,2026-05-24,S05,P03,2,52.00,现金
ORD104392,2026-05-30,S04,P11,1,26.00,会员储值
ORD115265,2026-08-12,S01,P01,1,32.00,会员储值
ORD116050,2026-08-17,S01,P01,1,32.00,现金
ORD116378,2026-08-20,S01,P03,1,26.00,现金
ORD113612,2026-08-01,S02,P04,1,38.00,支付宝
ORD105504,2026-06-06,S05,P20,2,44.00,微信
ORD100289,2026-05-02,S04,P19,1,15.00,微信
ORD115700,2026-08-15,S02,P11,1,26.00,支付宝
ORD110498,2026-07-11,S02,P06,1,45.00,会员储值
ORD110207,2026-07-09,S01,P01,1,32.00,会员储值
ORD113697,2026-08-01,S05,P21,1,16.00,会员储值
ORD117961,2026-08-30,S04,P21,1,16.00,支付宝
ORD106734,2026-06-15,S04,P10,2,48.00,支付宝
ORD111959,2026-07-20,S03,P08,1,25.00,支付宝
ORD105753,2026-06-08,S02,P01,2,64.00,微信
ORD109418,2026-07-03,S05,P20,2,44.00,会员储值
ORD102357,2026-05-16,S04,P13,2,40.00,现金
ORD106515,2026-06-14,S02,P04,2,76.00,会员储值
ORD105934,2026-06-10,S01,P19,2,30.00,支付宝
ORD112792,2026-07-26,S03,P06,1,45.00,会员储值
ORD108170,2026-06-25,S03,P18,2,36.00,银行卡
ORD116014,N/A,S05,P21,3,48.00,微信
ORD100103,2026-05-01,S04,P09,2,36.00,微信
ORD114724,2026-08-08,S04,P10,1,24.00,支付宝
ORD106752,2026-06-15,S05,P01,2,64.00,支付宝
ORD117880,2026-08-30,S02,P04,1,38.00,会员储值
ORD106812,2026-06-16,S02,P13,2,40.00,现金
ORD117321,2026-08-26,S03,P16,1,5.00,会员储值
ORD104308,2026-05-30,S01,P03,3,78.00,现金
ORD113589,2026-08-01,S02,P21,1,16.00,微信
ORD105126,2026-06-04,S04,P03,1,26.00,微信
ORD117005,2026-08-24,S01,P01,3,96.00,银行卡
ORD112160,2026-07-21,S05,P03,2,52.00,支付宝
ORD104239,2026-05-29,S04,P11,2,52.00,现金
ORD110419,2026-07-10,S04,P10,3,72.00,银行卡
ORD101843,2026-05-13,S01,P02,1,30.00,微信
ORD102035,2026-05-14,S04,P10,1,24.00,现金
ORD112597,2026-07-25,S03,P17,1,12.00,银行卡
ORD100184,2026-05-02,S02,P03,1,26.00,现金
ORD103783,2026-05-26,S02,P10,1,24.00,微信
ORD102400,2026-05-16,S05,P08,2,50.00,会员储值
ORD113537,2026-07-31,S05,P14,3,30.00,现金
ORD102603,2026-05-17,S05,P02,1,30.00,会员储值
ORD112642,2026-07-25,S04,P11,1,26.00,现金
ORD112255,2026-07-22,S04,P18,3,54.00,微信
ORD101711,2026-05-12,S02,P06,1,42.00,支付宝
ORD100349,2026-05-03,S01,P12,1,8.00,微信
ORD109060,2026-07-01,S02,P04,1,38.00,现金
ORD114199,2026-08-04,S05,P21,1,16.00,银行卡
ORD101945,2026-05-13,S05,P20,1,22.00,微信
ORD107303,2026-06-19,S05,P04,1,38.00,支付宝
ORD113865,2026-08-02,S04,P10,3,72.00,会员储值
ORD101710,2026-05-12,S02,P05,2,68.00,现金
ORD101435,2026-05-10,S02,P04,1,38.00,会员储值
ORD101054,2026-05-08,S01,P02,1,30.00,现金
ORD110698,2026-07-12,S02,P06,2,90.00,微信
ORD109639,2026-07-05,S01,P05,1,34.00,支付宝
ORD109178,2026-07-02,S01,P15,1,6.00,现金
ORD106594,2026-06-14,S04,P13,1,20.00,支付宝
ORD104196,2026-05-29,S02,P05,1,34.00,银行卡
ORD102947,2026-05-20,S04,P03,1,26.00,银行卡
ORD117786,2026-08-29,S04,P18,1,18.00,银行卡
ORD100260,2026-05-02,S04,P03,2,52.00,微信
ORD117767,2026-08-29,S04,P18,2,36.00,现金
ORD117271,2026-08-26,S01,P02,3,90.00,微信
ORD112662,2026-07-25,S05,P19,2,30.00,会员储值
ORD104356,2026-05-30,S03,P05,1,34.00,微信
ORD105141,2026-06-04,S04,P10,1,24.00,现金
ORD114960,2026-08-09,S05,P03,2,52.00,银行卡
ORD100655,2026-05-04,S05,P19,1,15.00,支付宝
ORD113818,2026-08-02,S03,P05,1,34.00,会员储值
ORD117280,2026-08-26,S02,P04,1,38.00,现金
ORD112184,2026-07-22,S01,P15,2,12.00,支付宝
ORD116504,2026-08-21,S02,P09,2,36.00,会员储值
ORD112051,2026-07-21,S01,P12,2,16.00,银行卡
ORD104140,2026-05-28,S05,P03,2,52.00,银行卡
ORD106052,2026-06-11,S02,P04,3,114.00,会员储值
ORD100058,2026-05-01,S03,P17,3,36.00,现金
ORD108298,2026-06-26,S03,P07,1,22.00,银行卡
ORD115113,2026-08-10,S05,P17,2,24.00,现金
ORD105858,2026-06-09,S02,P05,2,68.00,支付宝
ORD102841,2026-05-19,S05,P18,2,36.00,现金
ORD116742,2026-08-22,S04,P03,1,26.00,银行卡
ORD116863,2026-08-23,S02,P03,1,26.00,支付宝
ORD106417,2026-06-13,S05,P03,1,26.00,支付宝
ORD112940,2026-07-27,S03,P03,1,26.00,银行卡
ORD100546,2026-05-04,S01,P02,1,30.00,微信
ORD112551,2026-07-25,S02,P05,3,102.00,微信
ORD113370,2026-07-30,S04,P03,1,26.00,会员储值
ORD104083,2026-05-28,S03,P02,3,90.00,银行卡
ORD116488,2026-08-21,S01,P04,2,76.00,支付宝
ORD108168,2026-06-25,S03,P07,1,22.00,会员储值
ORD112880,2026-07-27,S01,P02,1,30.00,银行卡
ORD113575,2026-08-01,S01,P17,3,36.00,银行卡
ORD101151,2026-05-08,S05,P06,1,42.00,现金
ORD107075,2026-06-18,S02,P06,3,87.00,现金
ORD117588,2026-08-28,S04,P15,1,6.00,会员储值
ORD117867,2026-08-30,S01,P01,2,64.00,支付宝
ORD112200,2026-07-22,S02,P14,1,10.00,银行卡
ORD115366,2026-08-12,S05,P16,3,15.00,银行卡
ORD111579,2026-07-18,S02,P18,1,18.00,现金
ORD108494,2026-06-27,S04,P03,2,52.00,微信
ORD117952,2026-08-30,S03,P14,1,10.00,微信
ORD104338,2026-05-30,S02,P06,1,42.00,现金
ORD106374,2026-06-13,S03,P09,2,36.00,微信
ORD117448,2026-08-27,S03,P07,2,44.00,会员储值
ORD102382,2026-05-16,S05,P06,3,126.00,微信
ORD109125,2026-07-01,S04,P11,1,26.00,会员储值
ORD106351,2026-06-13,S03,P06,2,84.00,银行卡
ORD109668,2026-07-05,S02,P06,1,,银行卡
ORD111828,2026-07-19,S04,P01,1,32.00,银行卡
ORD113849,2026-08-02,S03,P01,1,32.00,微信
ORD116857,2026-08-23,S02,P05,1,34.00,支付宝
ORD103292,2026-05-23,S02,P15,1,6.00,现金
ORD109852,2026-07-06,S02,P06,1,45.00,银行卡
ORD114615,2026-08-08,S01,P19,1,15.00,支付宝
ORD108390,2026-06-27,S01,P06,3,126.00,会员储值
ORD116450,2026-08-20,S04,P10,2,48.00,会员储值
ORD111471,2026-07-17,S04,P11,1,,现金
ORD104474,2026-05-31,S01,P12,1,8.00,现金
ORD116971,2026-08-23,S05,P03,1,26.00,会员储值
ORD105948,2026-06-10,S01,P15,1,6.00,银行卡
ORD108281,2026-06-26,S02,P05,1,34.00,银行卡
ORD112606,2026-07-25,S04,P18,1,18.00,会员储值
ORD116344,2026-08-19,S05,P18,3,54.00,现金
ORD110259,2026-07-09,S03,P07,1,22.00,现金
ORD103662,2026-05-25,S02,P14,1,10.00,银行卡
ORD100872,2026-05-06,S04,P04,1,38.00,支付宝
ORD100458,2026-05-03,S04,P10,2,48.00,银行卡
ORD115699,2026-08-15,S02,P01,2,64.00,现金
ORD105342,2026-06-06,S01,P02,1,30.00,现金
ORD101355,2026-05-09,S05,P03,1,26.00,微信
ORD116995,2026-08-24,S01,P21,1,16.00,现金
ORD100941,2026-05-07,S02,P02,2,60.00,支付宝
ORD103686,2026-05-25,S03,P07,1,22.00,微信
ORD105042,2026-06-04,S01,P02,2,60.00,微信
ORD106933,2026-06-17,S02,P04,1,38.00,会员储值
ORD101513,2026-05-10,S05,P01,1,32.00,微信
ORD112628,2026-07-25,S04,P11,1,26.00,现金
ORD103079,2026-05-21,S05,P19,1,15.00,会员储值
ORD108863,2026-06-29,S04,P08,1,25.00,会员储值
ORD110601,2026-07-11,S04,P06,1,45.00,会员储值
ORD115201,2026-08-11,S03,P05,1,34.00,微信
ORD105258,2026-06-05,S04,P10,3,72.00,微信
ORD101338,2026-05-09,S05,P05,1,34.00,银行卡
ORD112167,2026-07-22,S01,P02,1,30.00,支付宝
ORD110030,2026-07-07,S04,P08,1,25.00,现金
ORD105420,2026-06-06,S03,P08,1,25.00,银行卡
ORD102664,2026-05-18,S03,P14,2,20.00,支付宝
ORD107634,2026-06-21,S03,P17,2,24.00,现金
ORD117120,2026-08-24,S05,P11,2,52.00,支付宝
ORD109886,2026-07-06,S03,P08,1,25.00,现金
ORD110603,2026-07-11,S04,P07,1,22.00,现金
ORD111365,16-07-2026,S05,P99,1,18.00,支付宝
ORD102001,2026-05-14,S02,P03,1,26.00,现金
ORD114975,2026-08-09,S05,P16,1,5.00,现金
ORD108835,2026-06-29,S03,P04,3,114.00,银行卡
ORD114261,2026-08-05,S03,P08,1,25.00,会员储值
ORD115853,2026-08-16,S01,P15,1,6.00,支付宝
ORD102026,2026-05-14,S04,P03,1,26.00,微信
ORD111084,2026-07-14,S04,P11,3,78.00,支付宝
ORD112245,2026-07-22,S04,P17,2,24.00,微信
ORD116546,2026-08-21,S03,P13,1,20.00,微信
ORD113228,2026-07-29,S04,P09,1,18.00,会员储值
ORD115117,2026-08-10,S05,P02,2,60.00,微信
ORD100089,2026-05-01,S04,P10,1,24.00,微信
ORD105764,2026-06-08,S02,P04,1,38.00,现金
ORD102490,2026-05-17,S02,P02,2,60.00,微信
ORD108894,2026-06-29,S05,P11,1,26.00,银行卡
ORD116381,2026-08-20,S02,P05,1,34.00,银行卡
ORD118112,2026-08-31,S04,P18,1,18.00,支付宝
ORD100281,2026-05-02,S04,P11,1,26.00,现金
ORD100315,2026-05-02,S05,P20,2,44.00,会员储值
ORD105851,2026-06-09,S02,P05,3,102.00,微信
ORD110371,2026-07-10,S02,P20,1,22.00,会员储值
ORD112443,2026-07-24,S02,P06,1,45.00,会员储值
ORD101656,2026-05-11,S04,P03,1,26.00,会员储值
ORD108460,2026-06-27,S03,P07,1,22.00,现金
ORD103572,2026-05-24,S04,P05,1,34.00,现金
ORD115321,2026-08-12,S03,P21,1,16.00,银行卡
ORD102900,2026-05-20,S02,P18,3,54.00,微信
ORD113795,2026-08-02,S02,P06,3,135.00,会员储值
ORD110884,2026-07-13,S02,P10,2,48.00,现金
ORD104261,2026-05-29,S05,P09,1,18.00,银行卡
ORD117241,2026-08-25,S05,P17,1,12.00,会员储值
ORD114075,2026-08-04,S01,P02,1,30.00,现金
ORD100594,2026-05-04,S03,P03,2,52.00,现金
ORD105527,2026-06-07,S01,P02,1,30.00,微信
ORD117663,2026-08-29,S01,P02,1,30.00,会员储值
ORD112546,2026-07-25,S02,P20,2,,会员储值
ORD106439,2026-06-13,S05,P19,1,15.00,支付宝
ORD105730,2026-06-08,S01,P02,1,30.00,银行卡
ORD113363,2026-07-30,S04,P10,1,24.00,支付宝
ORD107599,2026-06-21,S02,P15,2,12.00,支付宝
ORD104148,2026-05-29,S01,P02,2,60.00,银行卡
ORD117676,2026-08-29,S01,P15,1,6.00,微信
ORD115008,2026-08-10,S01,P01,1,32.00,支付宝
ORD116475,2026-08-20,S05,P19,1,15.00,支付宝
ORD106425,2026-06-13,S05,P01,1,32.00,会员储值
ORD111383,2026-07-17,S01,P11,2,52.00,会员储值
ORD115364,2026-08-12,S05,P14,1,10.00,现金
ORD116814,2026-08-23,S01,P13,1,20.00,支付宝
ORD102937,2026-05-20,S04,P10,1,24.00,银行卡
ORD101718,2026-05-12,S02,P05,1,34.00,微信
ORD109441,2026-07-04,S01,P01,1,32.00,支付宝
ORD115709,2026-08-15,S02,P05,1,34.00,微信
ORD110925,2026-07-13,S04,P11,1,26.00,微信
ORD108126,2026-06-25,S01,P01,1,32.00,微信
ORD109830,2026-07-06,S01,P19,2,30.00,银行卡
ORD101410,2026-05-10,S02,P05,1,34.00,会员储值
ORD112061,2026-07-21,S02,P04,3,114.00,银行卡
ORD107917,2026-06-23,S03,P09,2,36.00,现金
ORD113920,2026-08-02,S05,P20,1,22.00,微信
ORD108438,2026-06-27,S02,P04,1,38.00,现金
ORD101132,2026-05-08,S04,P10,1,24.00,会员储值
ORD115537,2026-08-14,S01,P01,2,64.00,微信
ORD116939,2026-08-23,S04,P02,1,30.00,银行卡
ORD112164,2026-07-22,S01,P02,1,30.00,支付宝
ORD101060,2026-05-08,S02,P06,3,126.00,会员储值
ORD112962,2026-07-27,S04,P11,2,52.00,微信
ORD116292,2026-08-19,S03,P09,3,54.00,支付宝
ORD112746,2026-07-26,S02,P14,1,10.00,支付宝
ORD112836,2026-07-26,S05,P04,1,38.00,支付宝
ORD108675,2026-06-28,S03,P08,1,25.00,现金
ORD100484,2026-05-03,S04,P15,2,12.00,会员储值
ORD115443,2026-08-13,S03,P17,2,24.00,会员储值
ORD108220,2026-06-25,S05,P19,1,15.00,银行卡
ORD102127,2026-05-15,S02,P05,1,34.00,现金
ORD113835,2026-08-02,S03,P07,1,22.00,微信
ORD115874,2026-08-16,S01,P05,1,34.00,支付宝
ORD104359,2026-05-30,S03,P12,1,8.00,支付宝
ORD113783,2026-08-02,S02,P04,2,76.00,会员储值
ORD103286,2026-05-23,S02,P04,1,38.00,银行卡
ORD112863,2026-07-26,S05,P02,1,30.00,微信
ORD114251,2026-08-05,S02,P06,1,45.00,银行卡
ORD108857,2026-06-29,S04,P19,2,30.00,现金
ORD114041,2026-08-03,S04,P12,1,8.00,银行卡
ORD103853,2026-05-26,S04,P10,2,48.00,银行卡
ORD113893,2026-08-02,S04,P11,2,52.00,微信
ORD115790,2026-08-15,S04,P10,1,24.00,现金
ORD101148,2026-05-08,S05,P01,2,64.00,支付宝
ORD103725,2026-05-25,S05,P08,2,50.00,现金
ORD104824,2026-06-02,S02,P19,1,15.00,现金
ORD109133,2026-07-01,S05,P03,1,26.00,微信
ORD110640,2026-07-11,S05,P15,3,18.00,现金
ORD102756,2026-05-19,S01,P03,2,52.00,会员储值
ORD115978,2026-08-16,S04,P15,2,12.00,微信
ORD107879,2026-06-23,S02,P04,1,38.00,微信
ORD112769,2026-07-26,S03,P02,1,30.00,支付宝
ORD103056,2026-05-21,S04,P18,1,18.00,会员储值
ORD106155,2026-06-12,S01,P07,3,66.00,微信
ORD110281,2026-07-09,S04,P03,2,52.00,微信
ORD106104,2026-06-11,S05,P15,3,18.00,支付宝
ORD113268,2026-07-29,S05,P20,1,22.00,微信
ORD114720,2026-08-08,S04,P11,2,52.00,支付宝
ORD115142,2026-08-11,S01,P17,1,12.00,微信
ORD100330,2026-05-03,S01,P02,2,60.00,现金
ORD105422,2026-06-06,S03,P10,1,24.00,微信
ORD115106,2026-08-10,S05,P08,1,25.00,银行卡
ORD101229,2026-05-09,S02,P04,1,38.00,微信
ORD118155,2026-08-31,S05,P04,1,38.00,支付宝
ORD103019,2026-05-21,S02,P01,1,32.00,微信
ORD116362,2026-08-20,S01,P21,2,32.00,微信
ORD116982,2026-08-23,S05,P11,2,52.00,现金
ORD100375,2026-05-03,S02,P04,1,38.00,会员储值
ORD114859,2026-08-09,S02,P05,1,34.00,微信
ORD106267,2026-06-13,S01,P01,1,32.00,微信
ORD104527,2026-05-31,S02,P19,1,15.00,支付宝
ORD115410,2026-08-13,S02,P05,1,34.00,微信
ORD104620,2026-05-31,S04,P10,1,24.00,银行卡
ORD115734,2026-08-15,S03,P07,3,66.00,现金
ORD112112,2026-07-21,S04,P10,1,24.00,微信
ORD104353,2026-05-30,S02,P13,-2,20.00,微信
ORD114435,2026-08-06,S04,P12,1,8.00,微信
ORD101003,2026-05-07,S04,P10,1,24.00,微信
ORD115041,2026-08-10,S02,P06,1,45.00,银行卡
ORD118154,2026-08-31,S05,P02,1,30.00,银行卡
ORD111615,2026-07-18,S03,P02,1,30.00,现金
ORD106763,2026-06-15,S05,P03,1,26.00,会员储值
ORD101163,2026-05-08,S05,P09,1,18.00,支付宝
ORD105166,2026-06-04,S05,P03,1,26.00,会员储值
ORD103562,2026-05-24,S04,P10,1,24.00,现金
ORD106470,2026-06-14,S01,P01,2,64.00,现金
ORD108974,2026-06-30,S03,P14,1,10.00,会员储值
ORD116227,2026-08-18,S05,P21,2,32.00,支付宝
ORD111440,2026-07-17,S03,P13,1,20.00,会员储值
ORD117001,2026-08-24,S01,P21,1,16.00,会员储值
ORD103426,2026-05-23,S05,P17,2,24.00,微信
ORD115240,2026-08-11,S05,P04,2,76.00,支付宝
ORD110256,2026-07-09,S03,P08,1,25.00,会员储值
ORD106111,2026-06-11,S05,P06,1,42.00,银行卡
ORD102294,2026/5/16,S02,P05,1,34.00,会员储值
ORD105114,2026-06-04,S03,P08,3,75.00,会员储值
ORD101910,2026-05-13,S04,P08,2,50.00,银行卡
ORD112169,2026-07-22,S01,P07,2,44.00,支付宝
ORD114248,2026-08-05,S02,P05,1,34.00,微信
ORD111915,2026-07-20,S01,P02,1,30.00,会员储值
ORD104587,2026-05-31,S04,P12,1,8.00,微信
ORD103413,2026-05-23,S05,P05,2,68.00,现金
ORD100388,2026-05-03,S02,P03,1,26.00,现金
ORD112739,2026-07-28,S02,P02,2,-60.00,银行卡
ORD113251,2026-07-29,S05,P05,2,68.00,支付宝
ORD108509,2026-06-27,S04,P15,1,6.00,会员储值
ORD104441,2026-05-30,S05,P07,1,22.00,会员储值
ORD112363,2026-07-23,S03,P08,1,25.00,银行卡
ORD100909,2026-05-07,S01,P09,2,36.00,银行卡
ORD110955,2026-07-13,S05,P04,1,38.00,银行卡
ORD103773,2026-05-26,S01,P03,1,26.00,现金
ORD115619,2026-08-14,S05,P04,3,114.00,支付宝
ORD108009,2026-06-24,S02,P05,2,68.00,会员储值
ORD115215,2026-08-11,S04,P13,3,60.00,支付宝
ORD115855,2026-08-16,S01,P01,1,32.00,会员储值
ORD101589,2026-05-11,S02,P03,1,26.00,支付宝
ORD103937,2026-05-27,S03,P09,1,18.00,微信
ORD109772,2026-07-05,S05,P05,2,68.00,支付宝
ORD108454,2026-06-27,S03,P13,1,20.00,会员储值
ORD110413,2026-07-10,S04,P10,1,24.00,现金
ORD100274,2026-05-02,S04,p11,2,52.00,支付宝
ORD112926,2026-07-27,S03,P07,2,44.00,会员储值
ORD117288,2026-08-26,S02,P21,1,16.00,会员储值
ORD109015,2026-06-30,S05,P06,2,84.00,微信
ORD103183,2026-05-22,S04,P03,2,52.00,支付宝
ORD109307,2026-07-03,S01,P12,1,8.00,微信
ORD107308,2026-06-19,S05,P02,1,30.00,会员储值
ORD116968,2026-08-23,S05,P01,1,32.00,现金
ORD113015,2026-07-28,S01,P11,1,26.00,支付宝
ORD108386,2026-06-27,S01,P12,1,8.00,会员储值
ORD109528,2026-07-04,S03,P17,1,12.00,银行卡
ORD109811,2026-07-05,S05,P20,2,44.00,现金
ORD103229,2026/5/22,S05,P03,1,26.00,微信
ORD116304,2026-08-19,S04,P18,1,18.00,银行卡
ORD102163,2026-05-15,S04,P08,1,25.00,支付宝
ORD105827,2026-06-09,S01,P02,1,30.00,现金
ORD115061,2026-08-10,S03,P08,1,25.00,现金
ORD101283,2026-05-09,S04,P13,2,40.00,微信
ORD104037,2026-05-28,S01,P20,2,44.00,微信
ORD100428,2026-05-03,S03,P09,2,36.00,支付宝
ORD108739,2026-06-28,S05,P19,1,,现金
ORD100516,2026-05-03,S05,P02,3,90.00,银行卡
ORD101875,2026-05-13,S03,P19,1,15.00,现金
ORD117808,2026-08-29,S05,P11,1,26.00,现金
ORD103201,2026-05-22,S04,P10,3,72.00,现金
ORD114708,2026-08-08,S03,P20,2,44.00,支付宝
ORD114886,2026-08-09,S03,P01,1,32.00,微信
ORD114603,2026-08-08,S01,P01,1,32.00,支付宝
ORD105932,2026-06-10,S01,P03,2,52.00,微信
ORD110584,2026-07-11,S04,P08,1,25.00,微信
ORD112555,2026-07-25,S02,P20,3,66.00,支付宝
ORD105729,2026-06-08,S01,P02,1,30.00,微信
ORD114852,2026-08-09,S02,P05,1,34.00,微信
ORD102588,2026-05-17,S05,P07,2,44.00,现金
ORD100096,2026-05-01,S04,P11,2,52.00,现金
ORD100511,2026-05-03,S05,P05,1,34.00,现金
ORD101239,2026-05-09,S02,P18,3,54.00,银行卡
ORD103694,2026-05-25,S03,P15,3,18.00,微信
ORD115006,2026-08-10,S01,P14,3,30.00,会员储值
ORD102475,2026-05-17,S02,P04,1,38.00,微信
ORD111141,2026-07-15,S02,P01,1,32.00,银行卡
ORD117779,2026-08-29,S04,P05,2,68.00,银行卡
ORD105283,2026-06-05,S04,P03,2,52.00,支付宝
ORD104404,2026-05-30,S04,P18,1,18.00,微信
ORD102580,2026-05-17,S05,P01,1,32.00,银行卡
ORD109112,2026-07-01,S04,P10,1,24.00,微信
ORD108176,2026-06-25,S03,P08,1,25.00,微信
ORD107632,2026-06-21,S03,P02,1,30.00,银行卡
ORD105288,2026-06-05,S05,P07,1,22.00,银行卡
ORD114902,2026-08-09,S03,P16,1,5.00,现金
ORD114828,2026-08-09,S01,P19,1,15.00,现金
ORD101194,2026-05-09,S01,P18,3,54.00,微信
ORD113662,2026-08-01,S04,P02,2,60.00,支付宝
ORD106062,2026-06-11,S02,P04,1,38.00,支付宝
ORD102688,2026-05-18,S04,P11,2,52.00,现金
ORD113032,2026-07-28,S02,P06,1,45.00,会员储值
ORD114673,2026-08-08,S03,P07,2,44.00,微信
ORD110585,2026-07-11,S04,P03,2,52.00,会员储值
ORD112762,2026-07-26,S03,P09,1,18.00,微信
ORD117029,2026-08-24,S02,P04,2,76.00,现金
ORD112347,2026-07-23,S02,P03,1,26.00,现金
ORD111782,2026-07-19,S02,P05,2,68.00,支付宝
ORD103739,2026-05-25,S05,P03,1,26.00,支付宝
ORD102496,2026-05-17,S02,P06,1,42.00,支付宝
ORD100966,2026-05-07,S03,P08,1,25.00,支付宝
ORD105625,2026-06-07,S03,P08,1,25.00,银行卡
ORD112686,2026-07-26,S01,P01,1,32.00,支付宝
ORD112924,2026-07-27,S03,P09,1,18.00,支付宝
ORD108700,2026-06-28,S04,P11,1,26.00,微信
ORD109630,2026-07-05,S01,P01,1,32.00,微信
ORD115536,2026-08-14,S01,P03,1,26.00,银行卡
ORD106724,2026-06-15,S04,P15,2,12.00,现金
ORD112458,2026-07-24,S03,P01,2,64.00,支付宝
ORD117362,2026-08-26,S04,P10,2,48.00,会员储值
ORD113063,2026-07-28,S03,P08,1,25.00,微信
ORD107844,2026-06-22,S05,P03,1,26.00,微信
ORD116297,2026-08-19,S03,P14,3,,现金
ORD104360,2026-05-30,S03,P08,1,25.00,现金
ORD113964,2026-08-03,S01,P01,3,96.00,微信
ORD108402,2026-06-27,S02,P06,3,126.00,支付宝
ORD111150,2026-07-15,S02,P18,2,36.00,银行卡
ORD105439,2026-06-06,S04,P19,1,15.00,银行卡
ORD113655,2026-08-01,S04,P09,1,18.00,微信
ORD105408,2026-06-06,S03,P08,2,50.00,微信
ORD109976,2026-07-07,S02,P06,1,45.00,会员储值
ORD110297,2026-07-09,S04,P18,1,18.00,微信
ORD101135,2026-05-08,S04,P11,2,52.00,支付宝
ORD111332,2026-07-16,S04,P04,2,76.00,支付宝
ORD110617,2026-07-11,S05,P09,1,18.00,支付宝
ORD105599,2026-06-07,S03,P09,1,18.00,银行卡
ORD105012,2026-06-03,S05,P19,2,30.00,现金
ORD102994,2026-05-21,S01,P19,1,15.00,微信
ORD112135,2026-07-21,S04,P17,3,36.00,银行卡
ORD117374,2026-08-26,S05,P06,2,90.00,现金
ORD101745,2026-05-12,S03,P04,1,,支付宝
ORD104836,2026-06-02,S03,P07,3,66.00,会员储值
ORD102786,2026-05-19,S03,P07,2,44.00,支付宝
ORD106735,2026-06-15,S04,P15,1,6.00,微信
ORD101848,2026-05-13,S02,P04,2,76.00,会员储值
ORD111906,2026-07-20,S01,P18,1,18.00,支付宝
ORD112348,2026-07-23,S02,P06,2,90.00,支付宝
ORD100737,2026-05-05,S04,P02,2,60.00,会员储值
ORD113313,2026-07-30,S02,P04,1,38.00,微信
ORD111260,2026-07-16,S01,P18,1,18.00,微信
ORD109239,2026-07-02,S04,P11,2,52.00,会员储值
ORD109069,2026-07-01,S02,P04,1,38.00,支付宝
ORD113993,2026-08-03,S03,P21,1,16.00,会员储值
ORD104086,2026-05-28,S03,P01,3,96.00,会员储值
ORD106895,2026-06-17,S01,P07,1,22.00,银行卡
ORD112840,2026-07-26,S05,P07,1,22.00,银行卡
ORD109260,2026-07-02,S04,P03,1,26.00,银行卡
ORD113245,2026-07-29,S05,P05,1,34.00,会员储值
ORD113423,2026-07-31,S01,P02,1,30.00,支付宝
ORD109298,2026-07-03,S01,P05,2,68.00,银行卡
ORD106199,2026-06-12,S03,P06,1,42.00,现金
ORD102458,2026-05-17,S01,P14,1,10.00,银行卡
ORD103469,2026-05-24,S02,P01,1,32.00,现金
ORD107653,2026-06-21,S04,P11,2,52.00,支付宝
ORD101073,2026-05-08,S02,P07,2,44.00,支付宝
ORD117189,2026-08-25,S03,P09,3,54.00,微信
ORD116806,2026-08-23,S01,P01,2,,现金
ORD108448,2026-06-27,S03,P08,1,25.00,会员储值
ORD106385,2026-06-13,S04,P10,1,24.00,会员储值
ORD106448,2026-06-13,S05,P08,2,50.00,银行卡
ORD109157,2026-07-01,S05,P20,3,66.00,支付宝
ORD102191,2026-05-15,S05,P13,1,20.00,银行卡
ORD114973,2026-08-09,S05,P02,1,30.00,会员储值
ORD101726,2026-05-12,S02,P05,1,34.00,支付宝
ORD117276,2026-08-26,S01,P14,1,10.00,会员储值
ORD106905,2026-06-17,S01,P02,1,30.00,现金
ORD105922,2026-06-09,S05,P15,1,6.00,微信
ORD112820,2026-07-26,S04,P02,1,30.00,支付宝
ORD102957,2026-05-20,S05,P12,1,8.00,银行卡
ORD105173,2026-06-04,S05,P03,1,26.00,现金
ORD108804,2026-06-29,S02,P16,2,10.00,现金
ORD105419,2026-06-06,S03,P09,1,18.00,现金
ORD100290,2026-05-02,S05,P03,1,26.00,微信
ORD103478,2026-05-24,S02,P14,1,10.00,微信
ORD102083,2026-05-15,S01,P16,1,5.00,微信
ORD106372,2026-06-13,S03,P01,1,32.00,银行卡
ORD104325,2026-05-30,S02,P06,1,42.00,微信
ORD102003,2026-05-14,S03,P09,1,18.00,微信
ORD110574,2026-07-11,S04,P13,1,20.00,支付宝
ORD117195,2026-08-25,S03,P07,2,44.00,微信
ORD114594,2026-08-08,S01,P01,2,64.00,微信
ORD111630,2026-07-18,S04,P13,1,20.00,支付宝
ORD118131,2026-08-31,S04,P10,3,72.00,会员储值
ORD102446,2026-05-17,S01,P12,2,16.00,微信
ORD110594,2026-07-11,S04,P18,1,18.00,现金
ORD117145,2026-08-25,S01,P01,2,64.00,会员储值
ORD117735,2026-08-29,S03,P11,2,52.00,支付宝
ORD111285,2026-07-16,S02,P05,1,34.00,支付宝
ORD111157,2026-07-15,S02,P12,1,8.00,支付宝
ORD106173,2026-06-12,S02,P06,1,,现金
ORD101859,2026-05-13,S02,P06,1,42.00,现金
ORD102161,2026-05-15,S03,P08,1,25.00,银行卡
ORD109932,2026-07-06,S05,P02,2,60.00,现金
ORD102960,2026-05-20,S05,P20,1,22.00,现金
ORD112182,2026-07-22,S01,P03,2,52.00,现金
ORD113029,2026-07-28,S01,P18,1,18.00,会员储值
ORD113059,2026-07-28,S03,P08,3,75.00,支付宝
ORD117125,2026-08-25,S01,P09,1,18.00,现金
ORD117631,2026-08-28,S05,P01,1,32.00,现金
ORD106540,2026-06-14,S03,P04,1,38.00,微信
ORD105157,2026-06-04,S05,P01,2,64.00,现金
ORD107991,2026-06-24,S01,P16,1,5.00,会员储值
ORD107385,2026-06-20,S02,P04,1,38.00,银行卡
ORD111605,2026-07-18,S03,P01,1,32.00,会员储值
ORD117293,2026-08-26,S02,P06,1,45.00,会员储值
ORD100247,2026-05-02,S03,P09,1,18.00,银行卡
ORD109345,2026-07-03,S03,P13,1,20.00,现金
ORD114643,2026-08-08,S02,P04,1,38.00,支付宝
ORD111836,2026-07-19,S04,P10,1,24.00,银行卡
ORD109434,2026-07-04,S01,P10,1,24.00,会员储值
ORD112050,2026-07-21,S01,P03,1,26.00,银行卡
ORD109549,2026-07-04,S04,P11,1,26.00,银行卡
ORD110543,2026-07-11,S03,P07,2,44.00,会员储值
ORD109805,2026-07-05,S05,P18,1,18.00,微信
ORD101526,2026-05-10,S05,P03,2,52.00,支付宝
ORD113102,2026-07-28,S04,P11,1,26.00,会员储值
ORD107126,2026-06-18,S03,P03,3,78.00,支付宝
ORD105847,2026-06-09,S02,P05,2,68.00,现金
ORD104947,2026-06-03,S02,P18,2,36.00,微信
ORD109517,2026-07-04,S03,P07,1,22.00,支付宝
ORD112777,2026-07-26,S03,P09,1,18.00,现金
ORD105686,2026-06-07,S05,P13,1,20.00,会员储值
ORD104858,2026-06-02,S04,P19,2,30.00,支付宝
ORD116087,2026-08-17,S03,P18,1,18.00,微信
ORD107858,2026-06-23,S01,P09,1,18.00,微信
ORD116573,2026-08-21,S04,P21,1,16.00,微信
ORD117827,2026-08-29,S05,P01,2,64.00,支付宝
ORD108356,2026-06-26,S05,P08,1,25.00,银行卡
ORD110808,2026-07-12,S05,P06,1,45.00,现金
ORD100014,2026-05-01,S01,P12,1,8.00,会员储值
ORD103300,2026-05-23,S02,P13,1,20.00,会员储值
ORD117940,2026-08-30,S03,P08,1,25.00,微信
ORD101709,2026-05-12,S01,P18,1,18.00,现金
ORD104203,2026-05-29,S03,P08,1,25.00,会员储值
ORD104034,28-05-2026,S01,P01,1,32.00,微信
ORD108197,2026-06-25,S04,P16,2,10.00,银行卡
ORD103030,2026-05-21,S03,P08,2,50.00,现金
ORD103998,2026-05-27,S05,P17,2,24.00,支付宝
ORD103503,2026-05-24,S03,P07,2,44.00,现金
ORD113185,2026-07-29,S02,P04,1,38.00,现金
ORD115962,2026-08-16,S04,P10,1,24.00,银行卡
ORD112682,2026-07-28,S01,P15,1,-6.00,支付宝
ORD102741,2026-05-19,S01,P01,1,32.00,现金
ORD100279,2026-05-02,S04,P10,3,72.00,微信
ORD106723,2026-06-15,S04,P05,1,34.00,会员储值
ORD115637,2026-08-14,S05,P11,1,26.00,支付宝
ORD115470,2026-08-14,S04,P10,1,-24.00,银行卡
ORD110003,2026-07-07,S03,P09,1,18.00,会员储值
ORD112455,2026-07-24,S03,P07,2,44.00,会员储值
ORD113842,2026-08-02,S03,P21,1,16.00,现金
ORD113286,2026-07-30,S01,P15,1,6.00,微信
ORD102669,2026-05-18,S03,P08,1,25.00,微信
ORD105800,2026-06-08,S05,P12,1,8.00,银行卡
ORD115445,2026-08-13,S03,P08,1,25.00,银行卡
ORD108022,2026-06-24,S02,P06,1,42.00,支付宝
ORD115130,2026-08-11,S01,P03,1,26.00,现金
ORD108574,2026-06-28,S01,P01,1,32.00,会员储值
ORD107661,2026-06-21,S04,P11,1,26.00,银行卡
ORD103906,2026-05-27,S02,P13,1,20.00,支付宝
ORD111434,2026-07-17,S03,P09,3,54.00,微信
ORD110348,2026-07-10,S01,P02,2,60.00,会员储值
ORD117876,2026-08-30,S02,P06,1,45.00,会员储值
ORD106328,2026-06-13,S02,P14,2,20.00,银行卡
ORD112415,2026-07-23,S05,P06,3,135.00,支付宝
ORD111168,2026-07-15,S03,P18,1,18.00,现金
ORD103796,26-05-2026,S02,P20,2,44.00,支付宝
ORD111499,2026-07-17,S05,P19,1,15.00,微信
ORD106041,2026-06-11,S01,P08,1,25.00,银行卡
ORD117768,2026-08-29,S04,P16,1,5.00,微信
ORD113160,2026-07-29,S01,P07,2,44.00,现金
ORD107389,2026-06-20,S02,P03,1,26.00,支付宝
ORD112781,2026-07-26,S03,P09,3,54.00,微信
ORD112626,2026-07-25,S04,P17,1,12.00,会员储值
ORD111026,2026-07-14,S02,P06,1,45.00,支付宝
ORD112264,2026-07-22,S04,P15,1,6.00,现金
ORD101813,2026-05-12,S05,P16,1,5.00,支付宝
ORD114099,2026-08-04,S01,P03,1,26.00,现金
ORD109589,2026-07-04,S05,P20,2,44.00,微信
ORD109183,2026-07-02,S01,P03,2,52.00,会员储值
ORD100384,2026-05-03,S02,P20,1,22.00,会员储值
ORD109240,2026-07-02,S04,P10,1,24.00,会员储值
ORD112973,2026-07-27,S04,P12,2,16.00,支付宝
ORD116243,2026-08-18,S05,P07,1,22.00,银行卡
ORD101477,2026-05-10,S04,P11,2,52.00,微信
ORD113208,2026-07-29,S03,P04,1,38.00,会员储值
ORD116715,2026-08-22,S03,P14,1,10.00,银行卡
ORD106636,2026-06-14,S05,P03,2,52.00,支付宝
ORD115104,2026-08-10,S05,P03,1,26.00,支付宝
ORD115282,2026-08-12,S01,P21,2,32.00,现金
ORD113200,2026-07-29,S03,P09,3,54.00,微信
ORD113950,2026-08-03,S01,P01,1,32.00,银行卡
ORD106961,2026-06-17,S03,P02,1,30.00,银行卡
ORD116094,2026-08-17,S04,P13,3,60.00,微信
ORD102909,2026-05-20,S03,P14,2,20.00,现金
ORD102315,2026-05-16,S03,P12,1,8.00,支付宝
ORD107378,2026-06-20,S02,P05,2,68.00,支付宝
ORD110645,2026-07-12,S01,P19,1,15.00,银行卡
ORD114150,2026-08-04,S03,P07,2,44.00,现金
ORD116117,2026-08-17,S04,P21,2,32.00,银行卡
ORD116969,2026-08-23,S05,P20,3,66.00,银行卡
ORD116538,2026-08-21,S03,P19,1,15.00,支付宝
ORD115313,2026-08-12,S03,P21,1,16.00,现金
ORD100862,2026-05-06,S04,P08,3,75.00,现金
ORD108393,2026-06-27,S01,P14,3,30.00,会员储值
ORD113596,2026-08-01,S02,P05,1,34.00,银行卡
ORD104484,2026-05-31,S01,P10,1,24.00,微信
ORD115707,2026-08-15,S02,P17,1,12.00,现金
ORD112676,2026-07-25,S05,P12,1,8.00,银行卡
ORD105528,2026-06-07,S01,P12,1,8.00,现金
ORD102800,2026-05-19,S03,P08,3,75.00,现金
ORD110790,2026-07-12,S04,P19,1,15.00,银行卡
ORD100340,2026-05-04,S01,P02,1,-30.00,银行卡
ORD109849,2026-07-06,S02,P11,2,52.00,银行卡
ORD105658,2026-06-07,S04,P10,1,24.00,现金
ORD104696,2026-06-01,S02,P01,3,96.00,银行卡
ORD109956,2026-07-07,S01,P17,1,12.00,会员储值
ORD106117,2026-06-11,S05,P02,1,30.00,现金
ORD111195,2026-07-15,S04,P04,1,38.00,银行卡
ORD108939,2026-06-30,S02,P06,1,42.00,银行卡
ORD105000,2026-06-03,S04,P07,1,22.00,微信
ORD110000,2026-07-07,S03,P14,1,10.00,银行卡
ORD100142,2026-05-02,S01,P01,2,64.00,银行卡
ORD114038,2026-08-03,S04,P10,2,48.00,现金
ORD101077,2026-05-08,S02,P06,2,84.00,微信
ORD104756,2026-06-01,S04,P02,2,60.00,微信
ORD110083,2026-07-08,S01,P15,2,12.00,微信
ORD100296,2026-05-02,S05,P01,2,64.00,会员储值
ORD107457,2026-06-20,S04,P07,1,22.00,会员储值
ORD110011,2026-07-07,S03,P05,2,68.00,微信
ORD117014,2026-08-24,S01,P21,1,16.00,微信
ORD113811,2026-08-02,S02,P10,2,48.00,支付宝
ORD107860,2026-06-23,S01,P01,1,32.00,支付宝
ORD111671,2026-07-18,S05,P19,1,15.00,现金
ORD105171,2026-06-07,S05,P04,2,-76.00,微信
ORD109515,2026-07-04,S03,P03,1,26.00,会员储值
ORD110045,2026-07-07,S05,P07,1,22.00,银行卡
ORD103685,2026-05-25,S03,P07,1,22.00,支付宝
ORD115991,2026-08-16,S04,P15,2,12.00,会员储值
ORD102211,2026-05-15,S05,P03,1,26.00,银行卡
ORD104359,2026-05-30,S03,P08,1,25.00,支付宝
ORD109506,2026-07-04,S03,P04,2,76.00,微信
ORD101474,2026-05-10,S04,P07,1,22.00,支付宝
ORD103842,2026-05-26,S04,P11,2,52.00,现金
ORD117480,2026-08-27,S04,P19,1,15.00,会员储值
ORD104146,2026-05-29,S01,P01,3,96.00,会员储值
ORD112100,2026-07-21,S03,P20,1,22.00,会员储值
ORD107271,2026-06-19,S03,P17,1,12.00,银行卡
ORD109504,2026-07-04,S02,P12,1,8.00,银行卡
ORD102305,2026-05-16,S03,P08,1,25.00,会员储值
ORD108671,2026-06-28,S03,P16,3,15.00,微信
ORD114235,2026-08-05,S02,P06,1,45.00,支付宝
ORD107834,2026-06-22,S05,P03,1,26.00,支付宝
ORD104280,2026-05-30,S01,P02,1,30.00,支付宝
ORD109652,2026-07-05,S01,P15,1,6.00,微信
ORD109646,2026-07-05,S01,P02,1,30.00,银行卡
ORD105267,05-06-2026,S04,P06,1,42.00,银行卡
ORD103922,2026-05-27,S02,P06,1,42.00,支付宝
ORD100743,2026-05-05,S04,P04,1,38.00,现金
ORD111586,2026-07-18,S03,P07,1,22.00,微信
ORD111092,2026-07-14,S05,P13,1,20.00,银行卡
ORD107566,2026-06-21,S01,P01,1,32.00,支付宝
ORD116732,2026-08-22,S04,P21,2,32.00,银行卡
ORD103260,2026-05-23,S01,P02,1,30.00,支付宝
ORD105134,2026-06-04,S04,P15,1,6.00,现金
ORD116655,2026-08-22,S02,P04,3,114.00,现金
ORD103518,2026-05-24,S03,P07,1,22.00,现金
ORD117541,2026-08-28,S02,P02,1,30.00,现金
ORD100379,2026-05-03,S02,P04,2,76.00,会员储值
ORD103544,2026-05-24,S03,P16,1,5.00,支付宝
ORD109165,2026-07-02,S01,P01,1,32.00,支付宝
ORD117437,2026-08-27,S02,P05,1,,现金
ORD105065,2026-06-04,S01,P19,3,45.00,会员储值
ORD117672,2026-08-29,S01,P19,1,15.00,支付宝
ORD104000,2026-05-27,S05,P03,1,26.00,现金
ORD117986,2026-08-30,S04,P18,2,36.00,现金
ORD114788,2026-08-08,S05,P19,2,30.00,银行卡
ORD105650,2026-06-07,S04,P11,2,52.00,会员储值
ORD103684,2026-05-25,S03,P06,1,42.00,现金
ORD112029,2026-07-21,S01,P02,1,30.00,会员储值
ORD101867,2026-05-13,S02,P20,1,22.00,会员储值
ORD114972,2026-08-09,S05,P01,2,64.00,微信
ORD117522,2026-08-28,S01,P21,3,48.00,支付宝
ORD100262,2026-05-02,S04,P10,1,24.00,银行卡
ORD117150,2026-08-25,S02,P06,3,135.00,会员储值
ORD108025,2026-06-24,S02,P12,1,8.00,会员储值
ORD117740,2026-08-29,S03,P09,3,54.00,会员储值
ORD103043,2026-05-21,S03,P02,1,30.00,现金
ORD114904,2026-08-09,S03,P20,3,66.00,支付宝
ORD117897,2026-08-30,S02,P05,1,34.00,银行卡
ORD103266,2026-05-23,S01,P15,2,12.00,支付宝
ORD115004,2026-08-10,S01,P12,1,8.00,微信
ORD118043,2026-08-31,S01,P05,1,34.00,现金
ORD101671,2026-05-11,S05,P05,2,68.00,银行卡
ORD101072,2026-05-08,S02,P14,2,20.00,现金
ORD109723,2026-07-05,S03,P09,1,18.00,现金
ORD112242,2026-07-22,S03,P99,1,¥25.00,会员储值
ORD108563,2026-06-28,S01,P03,2,52.00,银行卡
ORD103009,2026-05-21,S02,P04,3,114.00,现金
ORD105103,2026-06-04,S03,P20,1,22.00,会员储值
ORD111838,2026-07-19,S04,P18,2,36.00,微信
ORD108128,2026-06-25,S01,P02,3,90.00,支付宝
ORD114415,2026-08-06,S04,P09,2,36.00,微信
ORD115402,2026-08-13,S01,P01,2,64.00,微信
ORD105177,2026-06-04,S05,P06,1,42.00,现金
ORD110502,2026-07-11,S02,P05,2,68.00,会员储值
ORD115316,2026-08-12,S03,P14,1,10.00,支付宝
ORD105682,2026-06-07,S05,P19,1,15.00,会员储值
ORD116869,2026-08-23,S02,P04,2,76.00,微信
ORD104831,2026-06-02,S02,P06,1,42.00,支付宝
ORD117063,2026-08-24,S03,P18,2,36.00,会员储值
ORD102989,2026-05-21,S01,P15,2,12.00,会员储值
ORD111249,2026-07-16,S01,P02,1,30.00,会员储值
ORD116481,2026-08-21,S01,P02,2,60.00,银行卡
ORD105512,2026-06-06,S05,P08,2,50.00,支付宝
ORD114696,2026-08-08,S03,P21,1,16.00,会员储值
ORD103002,2026-05-21,S01,P03,1,26.00,现金
ORD115968,2026-08-16,S04,P18,1,18.00,支付宝
ORD105524,2026-06-07,S01,P01,1,32.00,会员储值
ORD104129,2026-05-28,S05,P15,2,12.00,会员储值
ORD116457,2026-08-20,S05,P08,1,25.00,微信
ORD116852,2026-08-23,S02,P06,3,135.00,银行卡
ORD106165,2026-06-12,S02,P04,1,38.00,现金
ORD102848,2026-05-19,S05,P05,1,34.00,会员储值
ORD115160,2026-08-11,S02,P06,2,90.00,微信
ORD104318,2026-05-30,S02,P06,2,84.00,银行卡
ORD105596,2026-06-07,S02,P06,2,84.00,支付宝
ORD112360,2026-07-23,S03,P17,2,24.00,现金
ORD115367,2026-08-12,S05,P05,1,34.00,支付宝
ORD103323,2026/5/23,S03,P09,1,18.00,支付宝
ORD114832,2026-08-09,S02,P04,1,38.00,微信
ORD102466,2026-05-17,S02,P06,3,126.00,现金
ORD113018,2026-07-28,S01,P03,1,26.00,银行卡
ORD109603,2026-07-04,S05,P19,1,15.00,支付宝
ORD101225,2026-05-09,S02,P10,2,48.00,支付宝
ORD104331,2026-05-30,S02,P16,2,10.00,支付宝
ORD117048,2026-08-24,S02,P09,1,18.00,现金
ORD109979,2026-07-07,S02,P18,2,36.00,银行卡
ORD106013,2026-06-10,S05,P04,2,76.00,支付宝
ORD112882,2026-07-27,S01,P09,1,18.00,微信
ORD109409,2026-07-03,S05,P12,1,8.00,银行卡
ORD116873,2026-08-23,S02,P06,1,45.00,支付宝
ORD104967,2026-06-03,S03,P14,1,10.00,现金
ORD117017,2026-08-24,S01,P12,1,8.00,银行卡
ORD114383,2026-08-06,S02,P05,1,34.00,支付宝
ORD113737,2026-08-01,S05,P10,1,24.00,微信
ORD102831,2026-05-19,S04,P16,3,15.00,微信
ORD108230,2026-06-25,S05,P09,2,36.00,微信
ORD116402,2026-08-20,S03,P11,3,78.00,银行卡
ORD105784,2026-06-08,S04,P11,2,52.00,微信
ORD111398,2026-07-17,S01,P01,1,32.00,支付宝
ORD102290,2026-05-16,S02,P04,2,76.00,支付宝
ORD112517,2026-07-25,S01,P01,2,64.00,微信
ORD106523,2026-06-14,S02,P15,1,6.00,微信
ORD110351,2026-07-10,S01,P12,3,24.00,微信
ORD107154,2026-06-18,S04,P11,3,78.00,支付宝
ORD102097,2026-05-15,S01,P02,1,30.00,支付宝
ORD117251,2026-08-25,S05,P05,1,,银行卡
ORD108895,2026-06-30,S01,P01,1,32.00,支付宝
ORD104664,2026-06-01,S01,P05,1,34.00,微信
ORD112814,2026-07-26,S04,P11,1,26.00,银行卡
ORD105545,2026-06-07,S01,P01,1,32.00,支付宝
ORD102254,2026-05-16,S01,P01,1,32.00,会员储值
ORD110123,2026-07-08,S03,P08,2,50.00,银行卡
ORD115954,2026-08-16,S03,P07,2,44.00,会员储值
ORD106205,2026-06-12,S03,P07,3,66.00,银行卡
ORD103119,2026-05-22,S01,P03,1,26.00,现金
ORD108467,2026-06-27,S03,P10,3,72.00,会员储值
ORD104796,2026-06-02,S01,P10,2,48.00,会员储值
ORD104132,2026-05-28,S05,P01,2,64.00,会员储值
ORD102160,2026-05-15,S03,P09,2,36.00,银行卡
ORD109341,2026-07-03,S03,P10,2,48.00,支付宝
ORD100777,2026-05-05,S05,P14,1,10.00,银行卡
ORD115634,2026-08-14,S05,P12,3,24.00,银行卡
ORD113994,2026-08-03,S03,P07,1,22.00,支付宝
ORD102122,2026-05-15,S02,P04,1,38.00,银行卡
ORD115287,2026-08-12,S02,P16,2,10.00,微信
ORD108004,2026-06-24,S02,P20,1,22.00,支付宝
ORD118004,2026-08-30,S05,P02,3,90.00,现金
ORD113156,2026-07-29,S01,P06,1,45.00,支付宝
ORD112573,2026-07-25,S03,P08,2,50.00,现金
ORD109405,2026-07-03,S05,P03,1,26.00,银行卡
ORD107350,2026-06-20,S01,P07,3,66.00,支付宝
ORD110069,2026-07-08,S01,P01,1,32.00,会员储值
ORD104551,2026-05-31,S03,P05,1,34.00,会员储值
ORD111522,2026-07-18,S01,P19,1,15.00,微信
ORD111262,2026-07-16,S01,P03,2,52.00,银行卡
ORD115375,2026-08-12,S05,P01,3,96.00,微信
ORD115769,2026-08-15,S04,P03,1,26.00,银行卡
ORD100152,2026-05-02,S01,P01,1,32.00,微信
ORD106807,2026-06-16,S02,P06,3,126.00,支付宝
ORD103830,2026-05-26,S03,P20,2,44.00,会员储值
ORD117102,2026-08-24,S05,P07,2,44.00,会员储值
ORD109311,2026-07-03,S01,P10,1,24.00,银行卡
ORD114895,2026-08-09,S03,P08,1,25.00,银行卡
ORD115206,2026-08-11,S04,P10,1,24.00,微信
ORD100446,2026-05-03,S03,P03,1,26.00,现金
ORD100396,2026-05-03,S02,P06,1,42.00,现金
ORD100415,2026-05-03,S03,P09,2,36.00,现金
ORD109333,2026-07-03,S02,P16,1,5.00,现金
ORD113626,2026-08-01,S03,P14,3,30.00,银行卡
ORD112110,2026-07-21,S04,P16,1,5.00,微信
ORD114195,2026-08-04,S05,P03,3,78.00,会员储值
ORD117076,2026-08-24,S04,P10,1,24.00,微信
ORD112382,2026/7/23,S04,P17,3,36.00,现金
ORD112866,2026-07-26,S05,P12,2,16.00,支付宝
ORD108794,2026-06-29,S02,P06,2,84.00,会员储值
ORD114636,2026-08-08,S02,P12,1,8.00,银行卡
ORD100615,2026-05-04,S04,P11,1,26.00,现金
ORD117510,2026/8/27,S05,P02,-1,60.00,会员储值
ORD109919,2026-07-06,S05,P03,1,26.00,会员储值
ORD100896,2026-05-06,S05,P03,2,52.00,银行卡
ORD115107,2026-08-10,S05,P11,1,26.00,银行卡
ORD115138,2026-08-11,S01,P02,2,60.00,微信
ORD107749,2026-06-22,S01,P09,1,18.00,支付宝
ORD110064,2026-07-08,S05,P09,1,-18.00,支付宝
ORD100285,2026-05-02,S04,P11,1,26.00,银行卡
ORD111133,2026-07-15,S01,P02,1,30.00,银行卡
ORD115630,2026-08-14,S05,P20,1,22.00,会员储值
ORD102217,2026-05-16,S01,P01,1,32.00,会员储值
ORD106266,2026-06-13,S01,P13,1,20.00,微信
ORD109205,2026-07-02,S02,P04,1,38.00,微信
ORD101386,2026-05-10,S01,P04,2,76.00,现金
ORD113339,2026-07-30,S03,P09,1,18.00,现金
ORD104475,2026/5/31,S99,P12,1,8.00,会员储值
ORD116545,2026-08-21,S03,P21,1,16.00,微信
ORD108743,2026-06-28,S05,P03,2,52.00,现金
ORD102261,2026-05-16,S02,P04,1,38.00,微信
ORD103532,2026-05-24,S03,P20,3,66.00,银行卡
ORD111034,2026-07-14,S03,P08,1,25.00,微信
ORD114135,2026-08-04,S03,P07,1,22.00,支付宝
ORD104868,2026-06-02,S04,P17,1,12.00,微信
ORD101933,2026-05-13,S05,P02,1,30.00,微信
ORD103835,2026-05-26,S04,P08,2,50.00,会员储值
ORD114560,2026-08-07,S04,P21,1,16.00,支付宝
ORD107910,2026-06-23,S03,P17,2,24.00,会员储值
ORD108076,2026-06-24,S04,P19,1,15.00,会员储值
ORD109545,2026-07-04,S04,P06,2,90.00,微信
ORD116812,2026-08-23,S01,P21,1,16.00,支付宝
ORD118023,2026-08-30,S05,P14,1,10.00,微信
ORD103268,2026-05-23,S01,P08,1,25.00,现金
ORD103772,2026-05-26,S01,P02,1,30.00,支付宝
ORD116338,2026-08-19,S05,P01,1,32.00,银行卡
ORD101888,2026-05-13,S03,P18,1,18.00,现金
ORD104300,2026-05-30,S01,P01,1,32.00,微信
ORD117039,2026-08-24,S02,P15,1,6.00,银行卡
ORD116133,2026-08-17,S05,P21,2,32.00,银行卡
ORD117393,2026-08-27,S01,P02,1,30.00,现金
ORD106985,2026-06-17,S04,P14,2,20.00,微信
ORD106438,2026-06-13,S05,P09,1,18.00,银行卡
ORD113244,2026-07-29,S05,P19,1,15.00,会员储值
ORD101540,2026-05-10,S05,P15,1,6.00,现金
ORD102536,2026-05-17,S04,P13,1,20.00,支付宝
ORD112631,2026-07-25,S04,P14,3,30.00,支付宝
ORD112137,2026-07-21,S05,P11,2,52.00,支付宝
ORD114058,2026-08-03,S05,P17,1,12.00,现金
ORD104491,2026-05-31,S01,P02,1,30.00,微信
ORD105368,2026-06-06,S02,P05,1,34.00,现金
ORD113337,2026-07-30,S03,P15,1,6.00,支付宝
ORD106799,2026-06-16,S02,P03,2,52.00,银行卡
ORD113523,2026-07-31,S05,P19,1,15.00,银行卡
ORD111382,2026-07-17,S01,P01,1,32.00,会员储值
ORD117996,2026-08-30,S05,P18,1,18.00,会员储值
ORD106137,2026-06-12,S01,P17,3,36.00,微信
ORD111408,2026-07-17,S02,P05,2,68.00,微信
ORD111029,2026-07-14,S02,P05,1,34.00,会员储值
ORD102609,2026-05-18,S01,P20,1,22.00,银行卡
ORD107603,2026-06-21,S02,P04,2,76.00,支付宝
ORD113059,2026-07-28,S03,P08,3,75.00,支付宝
ORD100137,2026-05-02,S01,P19,2,30.00,支付宝
ORD103645,2026-05-25,S01,P04,2,76.00,银行卡
ORD115475,2026-08-13,S04,P13,2,40.00,现金
ORD101739,2026-05-12,S03,P14,1,10.00,支付宝
ORD114807,2026-08-09,S01,P02,2,60.00,微信
ORD109392,2026-07-03,S04,P13,1,20.00,现金
ORD116568,2026-08-21,S04,P12,3,24.00,微信
ORD100704,2026-05-05,S03,P07,1,22.00,现金
ORD102660,2026-05-18,S03,P08,1,25.00,支付宝
ORD106613,2026-06-14,S05,P20,2,44.00,支付宝
ORD102558,2026-05-17,S04,P02,1,30.00,现金
ORD103543,2026-05-24,S03,P05,1,34.00,微信
ORD107768,2026-06-22,S02,P14,1,10.00,支付宝
ORD114020,2026-08-03,S04,P14,1,10.00,现金
ORD107239,2026-06-19,S02,P10,1,24.00,现金
ORD105225,2026-06-05,S02,P19,2,30.00,现金
ORD101569,2026-05-14,S01,P01,1,-32.00,现金
ORD103730,2026-05-25,S05,P17,2,24.00,微信
ORD101693,2026-05-12,S01,P05,1,34.00,现金
ORD111705,2026-07-19,S01,P01,1,32.00,微信
ORD100665,2026-05-05,S01,P14,2,20.00,会员储值
ORD108738,2026-06-28,S05,P19,1,15.00,会员储值
ORD109823,2026-07-06,S01,P01,1,32.00,现金
ORD114336,2026-08-05,S05,P09,2,36.00,微信
ORD116578,2026-08-21,S04,P13,1,20.00,银行卡
ORD115502,2026-08-13,S05,P08,2,50.00,支付宝
ORD104938,2026-06-03,S02,P13,1,20.00,会员储值
ORD105978,2026-06-10,S04,P11,1,26.00,银行卡
ORD115549,2026-08-14,S02,P18,1,18.00,银行卡
ORD108817,2026-06-29,S03,P07,1,22.00,支付宝
ORD102912,2026-05-20,S03,P09,1,18.00,银行卡
ORD107914,2026-06-23,S03,P08,2,50.00,微信
ORD102647,2026-05-18,S02,P06,2,84.00,支付宝
ORD116575,2026-08-21,S04,P03,1,26.00,现金
ORD107719,2026-06-21,S05,P07,2,44.00,现金
ORD105097,2026-06-04,S02,P04,1,38.00,支付宝
ORD102543,2026-05-17,S04,P15,1,6.00,银行卡
ORD103892,2026-05-27,S01,P09,1,18.00,会员储值
ORD110863,2026-07-13,S01,P05,1,34.00,支付宝
ORD102920,2026-05-20,S03,P11,2,52.00,微信
ORD118083,2026-08-31,S03,P09,1,18.00,支付宝
ORD114569,2026-08-07,S05,P05,1,34.00,现金
ORD107763,2026-06-22,S02,P03,1,26.00,微信
ORD112153,2026-07-21,S05,P20,2,44.00,支付宝
ORD108095,2026-06-24,S05,P16,2,10.00,银行卡
ORD102296,2026-05-16,S02,P03,2,52.00,现金
ORD102151,2026-05-15,S03,P07,2,44.00,微信
ORD112297,2026-07-23,S01,P01,1,32.00,会员储值
ORD102173,2026-05-15,S04,P11,2,52.00,微信
ORD104644,2026-05-31,S05,P06,3,126.00,微信
ORD114486,2026-08-07,S01,P12,2,16.00,会员储值
ORD107525,2026-06-20,S05,P07,1,22.00,微信
ORD109604,2026/7/4,S05,P19,2,30.00,银行卡
ORD111235,2026-07-15,S05,P18,1,18.00,现金
ORD109296,2026-07-03,S01,P15,1,6.00,会员储值
ORD101778,2026-05-12,S04,P11,1,26.00,微信
ORD105154,2026-06-04,S05,P18,2,36.00,微信
ORD103315,2026-05-23,S03,P07,1,22.00,微信
ORD106801,2026-06-16,S02,P05,1,34.00,银行卡
ORD107472,2026-06-20,S04,P11,1,26.00,支付宝
ORD105414,2026-06-06,S03,P09,1,18.00,现金
ORD104699,2026-06-01,S02,P05,1,34.00,支付宝
ORD106184,2026-06-12,S03,P09,2,36.00,会员储值
ORD102112,2026-05-15,S02,P17,3,36.00,现金
ORD110263,2026-07-09,S03,P12,1,8.00,银行卡
ORD109292,2026-07-03,S01,P13,2,40.00,会员储值
ORD109738,2026-07-05,S04,P10,1,24.00,会员储值
ORD114390,2026-08-06,S03,P18,1,18.00,微信
ORD100342,2026-05-03,S01,P11,2,52.00,支付宝
ORD108367,2026-06-27,S01,P02,1,30.00,微信
ORD110707,2026-07-12,S02,P17,2,24.00,现金
ORD113565,2026-08-01,S01,P01,1,32.00,微信
ORD108470,2026-06-27,S03,P09,1,18.00,微信
ORD105007,2026-06-03,S04,P10,1,24.00,微信
ORD100962,2026-05-07,S03,P04,2,76.00,会员储值
ORD109925,2026-07-06,S05,P10,2,48.00,会员储值
ORD104821,2026-06-02,S02,P10,3,72.00,会员储值
ORD114434,2026-08-06,S04,P15,1,6.00,微信
ORD104274,2026-05-30,S01,P08,1,25.00,微信
ORD106544,2026-06-14,S03,P12,2,16.00,会员储值
ORD105147,2026-06-04,S04,P13,1,20.00,现金
ORD103245,2026-05-23,S01,P19,2,30.00,银行卡
ORD105638,2026-06-07,S04,P11,1,26.00,银行卡
ORD116026,2026-08-16,S05,P07,3,66.00,支付宝
ORD106835,2026-06-16,S03,P07,2,44.00,微信
ORD114910,2026-08-09,S03,P08,2,,微信
ORD107139,2026-06-18,S03,P07,2,44.00,现金
ORD109719,2026-07-05,S03,P07,1,22.00,支付宝
ORD108172,2026-06-25,S03,P03,1,26.00,现金
ORD106931,2026-06-17,S02,P05,1,34.00,微信
ORD109609,2026-07-04,S05,P17,1,12.00,银行卡
ORD105591,2026-06-07,S02,P04,1,38.00,现金
ORD117843,2026-08-30,S01,P01,1,32.00,银行卡
ORD103311,2026-05-23,S03,P08,2,50.00,微信
ORD116898,2026-08-23,S03,P20,1,22.00,银行卡
ORD118025,2026-08-30,S05,P17,1,12.00,现金
ORD112031,2026-07-21,S01,P14,2,20.00,支付宝
ORD110785,2026-07-12,S04,P13,1,20.00,支付宝
ORD111962,2026-07-20,S03,P99,3,96.00,银行卡
ORD100562,2026-05-04,S02,P14,1,10.00,现金
ORD106809,2026-06-16,S02,P05,2,68.00,支付宝
ORD105620,2026-06-07,S03,P09,3,54.00,微信
ORD116181,2026-08-18,S03,P18,2,36.00,银行卡
ORD115457,2026-08-13,S03,P12,2,16.00,银行卡
ORD108291,2026-06-26,S03,P08,1,25.00,银行卡
ORD104660,2026-05-31,S05,P18,3,54.00,会员储值
ORD101366,2026-05-10,S01,P03,3,78.00,支付宝
ORD115960,2026-08-16,S04,P17,2,24.00,微信
ORD106816,2026-06-16,S03,P09,1,18.00,会员储值
ORD105748,2026-06-08,S02,P04,1,38.00,银行卡
ORD100797,2026-05-06,S01,P17,1,12.00,会员储值
ORD103134,2026-05-22,S02,P16,1,5.00,银行卡
ORD112759,2026-07-26,S03,P12,2,16.00,会员储值
ORD104018,2026-05-28,S01,P02,1,30.00,微信
ORD113809,2026-08-02,S02,P11,1,26.00,现金
ORD102772,2026-05-19,S02,P06,1,42.00,现金
ORD100023,2026-05-01,S01,P02,1,30.00,会员储值
ORD101811,2026-05-12,S05,P16,1,5.00,会员储值
ORD116670,2026-08-22,S02,P06,2,90.00,银行卡
ORD110254,2026-07-09,S03,P07,1,22.00,现金
ORD109039,2026-07-01,S01,P15,1,6.00,微信
ORD112080,2026-07-21,S02,P05,2,68.00,现金
ORD111849,2026-07-19,S04,P17,2,24.00,支付宝
ORD114934,2026-08-09,S04,P10,1,24.00,支付宝
ORD115838,2026-08-15,S05,P18,1,18.00,微信
ORD105237,2026-06-05,S03,P09,2,36.00,微信
ORD104930,2026-06-03,S01,P01,1,32.00,现金
ORD111048,2026-07-14,S03,P09,2,36.00,微信
ORD108417,2026-06-27,S02,P06,2,84.00,现金
ORD111824,2026-07-19,S04,P20,1,22.00,现金
ORD113266,2026-07-29,S05,P12,1,8.00,微信
ORD107203,2026-06-19,S01,P02,1,30.00,现金
ORD111113,2026-07-15,S01,P15,1,6.00,银行卡
ORD110395,2026-07-10,S03,P07,2,44.00,现金
ORD100673,2026-05-05,S01,P01,2,64.00,支付宝
ORD113625,2026-08-01,S03,P09,1,18.00,现金
ORD116595,2026-08-21,S05,P20,3,66.00,会员储值
ORD113455,2026-07-31,S02,P17,1,12.00,会员储值
ORD113148,2026-07-29,S01,P16,2,10.00,银行卡
ORD100215,2026-05-02,S03,P17,1,12.00,支付宝
ORD102645,2026-05-18,S02,P04,1,38.00,会员储值
ORD115395,2026-08-13,S01,P02,1,30.00,微信
ORD104705,2026-06-01,S02,P05,1,34.00,现金
ORD117499,2026-08-27,S05,P21,2,32.00,会员储值
ORD113065,2026-07-28,S03 ,P05,2,68.00,支付宝
ORD107514,2026-06-20,S05,P18,1,18.00,微信
ORD112571,2026-07-25,S03,P07,1,22.00,支付宝
ORD105577,2026-06-07,S02,P04,1,38.00,支付宝
ORD107210,2026-06-19,S01,P02,1,30.00,会员储值
ORD100413,2026-05-03,S03,P08,1,25.00,银行卡
ORD114554,2026-08-07,S04,P04,2,76.00,现金
ORD105933,2026-06-10,S01,P02,1,30.00,会员储值
ORD111702,2026-07-19,S01,P01,1,32.00,会员储值
ORD103451,2026-05-24,S01,P09,2,36.00,支付宝
ORD111188,2026-07-15,S04,P10,1,24.00,会员储值
ORD114967,2026-08-09,S05,P04,1,,支付宝
ORD104051,2026-05-28,S02,P04,2,76.00,微信
ORD111176,2026-07-15,S03,P09,2,36.00,会员储值
ORD105604,2026-06-07,S03,P09,2,36.00,支付宝
ORD112148,2026-07-21,S05,P18,1,18.00,现金
ORD116440,2026-08-20,S04,P19,2,30.00,现金
ORD105710,2026-06-07,S05,P16,1,5.00,银行卡
ORD117278,2026-08-26,S01,P02,3,90.00,微信
ORD103524,2026-05-24,S03,P08,1,25.00,会员储值
ORD101000,2026-05-07,S04,P16,3,15.00,微信
ORD117974,2026-08-30,S04,P10,1,24.00,支付宝
ORD112405,2026-07-23,S04,P04,1,38.00,微信
ORD116846,2026-08-23,S02,P06,2,90.00,会员储值
ORD108139,2026-06-25,S02,P13,1,20.00,支付宝
ORD103346,2026-05-23,S03,P08,1,25.00,支付宝
ORD106299,2026-06-13,S01,P16,1,5.00,现金
ORD103996,2026-05-27,S05,P06,2,84.00,微信
ORD100075,2026-05-01,S03,P07,1,22.00,支付宝
ORD108487,2026-06-27,S04,P10,1,24.00,现金
ORD101156,2026-05-08,S05,P20,3,66.00,银行卡
ORD102364,2026-05-16,S04,P10,1,24.00,现金
ORD110116,2026-07-08,S02,P10,1,24.00,微信
ORD106005,2026-06-10,S05,P05,2,68.00,微信
ORD102327,2026-05-16,S03,P07,1,22.00,会员储值
ORD105479,2026-06-06,S05,P09,2,36.00,现金
ORD108446,2026-06-27,S03,P12,2,16.00,支付宝
ORD103319,2026-05-23,S03,P08,2,,银行卡
ORD104623,2026-05-31,S04,P13,2,40.00,现金
ORD100408,2026-05-03,S02,P03,1,26.00,支付宝
ORD117698,2026-08-29,S02,P04,1,38.00,微信
ORD114776,2026-08-08,S05,P11,2,52.00,银行卡
ORD112747,2026-07-26,S02,P15,1,6.00,支付宝
ORD103367,2026-05-23,S04,P05,1,34.00,银行卡
ORD103779,2026-05-26,S01,P01,3,96.00,现金
ORD109121,2026-07-01,S04,P05,1,34.00,会员储值
ORD113876,2026-08-02,S04,P18,1,18.00,支付宝
ORD102042,2026-05-14,S04,P18,2,36.00,现金
ORD114076,2026-08-04,S01,P01,1,32.00,银行卡
ORD107871,2026-06-23,S01,P16,2,10.00,微信
ORD107496,2026-06-20,S05,P19,2,30.00,微信
ORD111571,2026-07-18,S02,P04,1,38.00,支付宝
ORD115029,2026-08-10,S02,P20,1,22.00,银行卡
ORD104507,2026-05-31,S02,P17,1,12.00,支付宝
ORD116355,2026-08-20,S01,P21,1,16.00,微信
ORD110312,2026-07-09,S05,P19,1,15.00,会员储值
ORD106828,2026-06-16,S03,P08,1,25.00,微信
ORD100977,2026-05-07,S03,P13,1,20.00,会员储值
ORD112852,2026-07-26,S05,P01,1,32.00,现金
ORD110322,2026-07-09,S05,P20,2,44.00,会员储值
ORD112923,2026-07-27,S02,P13,1,20.00,会员储值
ORD107682,2026-06-21,S05,P19,2,30.00,会员储值
ORD103057,2026-05-21,S04,P10,1,24.00,微信
ORD104724,2026-06-01,S03,P09,1,18.00,现金
ORD109584,2026-07-04,S05,P05,2,68.00,支付宝
ORD107362,2026-06-20,S01,P12,2,16.00,微信
ORD109499,2026-07-04,S02,P18,2,36.00,银行卡
ORD108831,2026-06-29,S03,P07,1,22.00,会员储值
ORD100580,2026-05-04,S03,P08,1,25.00,会员储值
ORD112383,2026-07-23,S04,P18,3,54.00,银行卡
ORD114755,2026-08-08,S05,P06,3,135.00,支付宝
ORD111997,2026-07-20,S04,P01,1,32.00,银行卡
ORD112893,2026-07-27,S01,P06,2,90.00,银行卡
ORD102080,2026-05-14,S05,P13,1,20.00,微信
ORD101462,2026-05-10,S03,P07,2,44.00,会员储值
ORD115473,2026-08-13,S04,P09,1,18.00,微信
ORD109801,2026-07-05,S05,P17,1,,会员储值
ORD115868,2026-08-16,S01,P01,2,64.00,银行卡
ORD109102,2026-07-01,S03,P04,2,76.00,会员储值
ORD112102,2026-07-21,S03,P08,2,50.00,会员储值
ORD113671,2026-08-01,S04,P21,1,16.00,会员储值
ORD115965,2026-08-16,S04,P18,1,18.00,会员储值
ORD115076,2026-08-10,S04,P07,1,22.00,会员储值
ORD101948,2026-05-13,S05,P01,1,32.00,会员储值
ORD115710,2026-08-15,S02,P06,1,45.00,支付宝
ORD107626,2026-06-21,S03,P09,1,18.00,会员储值
ORD109469,2026-07-04,S02,P03,1,26.00,现金
ORD116418,2026-08-20,S03,P09,2,36.00,银行卡
ORD117937,2026-08-30,S03,P21,1,16.00,银行卡
ORD115398,2026-08-13,S01,P07,1,22.00,支付宝
ORD108564,2026-06-28,S01,P17,2,24.00,支付宝
ORD117853,2026-08-30,S01,P19,1,15.00,微信
ORD117033,2026-08-24,S02,P06,1,45.00,现金
ORD108604,2026-06-28,S01,P01,1,32.00,支付宝
ORD115781,2026-08-15,S04,P21,1,16.00,支付宝
ORD100886,2026-05-06,S05,P03,1,26.00,银行卡
ORD104754,2026-06-01,s04,P11,2,52.00,银行卡
ORD117885,2026-08-30,S02,P21,2,32.00,微信
ORD107700,2026-06-21,S05,P19,1,15.00,现金
ORD103854,2026-05-26,S05,P19,3,45.00,微信
ORD115808,2026-08-15,S05,P18,1,18.00,支付宝
ORD111602,2026-07-18,S03,P10,1,24.00,现金
ORD113749,2026-08-02,S01,P15,1,6.00,现金
ORD112657,2026-07-25,S05,P19,2,30.00,支付宝
ORD111540,2026-07-18,S01,P01,1,32.00,支付宝
ORD115638,2026-08-14,S05,P03,1,26.00,微信
ORD103907,2026-05-27,S02,P06,1,42.00,支付宝
ORD110545,2026-07-11,S03,P09,2,36.00,银行卡
ORD104562,2026-05-31,S03,P07,1,22.00,现金
ORD105996,2026-06-10,S04,P13,3,60.00,微信
ORD117535,2026-08-28,S01,P21,1,16.00,银行卡
ORD110663,2026-07-12,S01,P02,1,30.00,银行卡
ORD109480,2026-07-04,S02,P04,2,76.00,支付宝
ORD111037,2026-07-14,S03,P08,1,25.00,银行卡
ORD106566,2026-06-14,S04,P11,2,52.00,银行卡
ORD102700,2026-05-18,S04,P18,1,18.00,支付宝
ORD117301,2026-08-26,S02,P03,3,78.00,现金
ORD101493,2026-05-10,S04,P13,1,20.00,微信
ORD117054,2026-08-24,S03,P02,2,60.00,银行卡
ORD105709,2026-06-07,S05,P20,1,22.00,现金
ORD104715,2026-06-01,S03,P09,2,36.00,支付宝
ORD111899,2026-07-20,S01,P15,2,12.00,银行卡
ORD116837,2026-08-23,S01,P13,1,20.00,会员储值
ORD100782,2026-05-06,S01,P02,2,60.00,银行卡
ORD117415,2026-08-27,S01,P02,1,30.00,现金
ORD107714,2026-06-21,S05,P08,1,25.00,支付宝
ORD110894,2026-07-13,S02,P15,2,12.00,支付宝
ORD110307,2026-07-09,S05,P05,2,68.00,微信
ORD113647,2026-08-01,S03,P13,3,60.00,银行卡
ORD104772,2026-06-01,S05,P16,1,5.00,微信
ORD102554,2026-05-17,S04,P15,1,6.00,银行卡
ORD102224,2026-05-16,S01,P01,1,32.00,银行卡
ORD110162,2026-07-08,S04,P12,1,8.00,现金
ORD118148,2026-08-31,S05,P05,2,68.00,支付宝
ORD109145,2026-07-01,S05,P05,1,34.00,现金
ORD105869,2026-06-09,S02,P13,1,20.00,会员储值
ORD110386,2026-07-10,S03,P01,1,32.00,微信
ORD110595,2026-07-11,S04,P12,2,16.00,支付宝
ORD105336,2026-06-06,S01,P01,1,32.00,支付宝
ORD113357,2026-07-30,S04,P12,2,16.00,微信
ORD112208,2026-07-22,S02,P14,2,20.00,微信
ORD104096,2026-05-28,S04,P02,3,90.00,银行卡
ORD115027,2026-08-10,S02,P05,1,34.00,银行卡
ORD111954,2026-07-20,S03,P03,1,26.00,会员储值
ORD100411,2026-05-03,S03,P07,2,44.00,会员储值
ORD115270,2026-08-12,S01,P13,3,60.00,银行卡
ORD102993,2026-05-21,S01,P03,1,26.00,微信
ORD116773,2026-08-22,S05,P06,1,45.00,现金
ORD104246,2026-05-29,S05,P14,1,10.00,会员储值
ORD107225,2026-06-19,S02,P06,1,42.00,现金
ORD114748,2026-08-08,S04,P01,2,64.00,微信
ORD112540,2026-07-25,S02,P04,2,76.00,微信
ORD114341,2026-08-06,S01,P12,2,16.00,支付宝
ORD108673,2026-06-28,S03,P08,1,25.00,会员储值
ORD104481,2026-05-31,S01,P04,2,76.00,会员储值
ORD110791,2026-07-12,S04,P15,1,6.00,支付宝
ORD110016,2026-07-07,S04,P10,1,24.00,支付宝
ORD110292,2026-07-09,S04,P03,2,52.00,现金
ORD113511,2026-07-31,S05,P19,1,15.00,会员储值
ORD113942,2026-08-03,S01,P02,1,30.00,现金
ORD107052,2026-06-18,S02,P05,1,34.00,银行卡
ORD110687,2026-07-12,S01,P13,1,20.00,现金
ORD106853,2026-06-16,S04,P05,1,34.00,微信
ORD110240,2026-07-09,S02,P06,1,45.00,银行卡
ORD118051,2026-08-31,S01,P01,3,96.00,银行卡
ORD112974,2026-07-27,S04,P01,1,32.00,微信
ORD111463,2026-07-17,S04,P12,1,8.00,银行卡
ORD105615,2026-06-07,S03,P08,3,75.00,会员储值
ORD117954,2026-08-30,S03,P15,2,12.00,支付宝
ORD118124,2026-08-31,S04,P10,1,24.00,银行卡
ORD106148,2026-06-12,S01,P04,2,76.00,微信
ORD115085,2026-08-10,S04,P10,2,48.00,银行卡
ORD106804,2026-06-16,S02,P06,3,126.00,会员储值
ORD111106,2026-07-14,S05,P08,2,50.00,银行卡
ORD109760,2026-07-05,S04,P10,1,24.00,银行卡
ORD105021,2026-06-03,S05,P06,1,42.00,银行卡
ORD115768,2026-08-15,S04,P10,1,24.00,微信
ORD109938,2026-07-06,S05,P06,3,135.00,会员储值
ORD102411,2026-05-16,S05,P19,1,15.00,微信
ORD109293,2026-07-03,S01,P03,1,26.00,现金
ORD116081,2026-08-17,S03,P07,3,66.00,现金
ORD118095,2026-08-31,S03,P09,2,36.00,银行卡
ORD108953,2026-06-30,S03,P07,1,22.00,现金
ORD110367,2026-07-10,S02,P13,1,20.00,会员储值
ORD109611,2026-07-04,S05,P09,1,18.00,会员储值
ORD115647,2026-08-15,S01,P15,3,18.00,银行卡
ORD116375,2026-08-20,S01,P18,2,36.00,微信
ORD108832,2026-06-29,S03,P09,1,18.00,微信
ORD107038,2026-06-18,S01,P02,1,30.00,现金
ORD116705,2026-08-22,S03,P12,1,8.00,现金
ORD103448,2026-05-24,S01,P14,1,10.00,现金
ORD102289,2026-05-16,S02,P15,1,6.00,银行卡
ORD111798,2026-07-19,S03,P09,1,18.00,支付宝
ORD114856,2026-08-09,S02,P08,1,25.00,现金
ORD111164,2026-07-15,S03,P18,3,54.00,支付宝
ORD107344,2026-06-20,S01,P01,1,32.00,支付宝
ORD102000,2026-05-14,S02,P11,3,78.00,会员储值
ORD106000,2026-06-10,S05,P01,1,32.00,会员储值
ORD109367,2026-07-03,S04,P10,1,24.00,微信
ORD113717,2026-08-01,S05,P19,2,30.00,支付宝
ORD116847,2026-08-23,S02,P06,2,90.00,现金
ORD104640,2026-05-31,S05,P03,1,26.00,现金
ORD102405,2026-05-16,S05,P17,1,12.00,银行卡
ORD118005,2026-08-30,S05,P07,1,22.00,现金
ORD114879,2026-08-09,S03,P08,1,25.00,支付宝
ORD113461,2026-07-31,S03,P07,1,22.00,微信
ORD104533,2026-05-31,S02,P05,2,68.00,现金
ORD107744,2026-06-22,S01,P06,2,84.00,微信
ORD101164,2026-05-09,S01,P01,1,32.00,支付宝
ORD112336,2026-07-23,S02,P05,1,34.00,支付宝
ORD109983,2026-07-07,S02,P16,1,5.00,银行卡
ORD100664,2026-05-05,S01,P03,1,26.00,会员储值
ORD103988,2026-05-27,S05,P12,1,8.00,微信
ORD102278,2026-05-16,S02,P05,1,34.00,会员储值
ORD104478,2026-05-31,S01,P06,1,42.00,现金
ORD101498,2026-05-10,S04,P10,3,72.00,会员储值
ORD104407,2026-05-30,S04,P20,1,22.00,现金
ORD116946,2026-08-23,S04,P10,1,24.00,支付宝
ORD114412,2026-08-06,S04,P18,1,18.00,银行卡
ORD105354,2026-06-06,S01,P03,1,26.00,微信
ORD115390,2026-08-13,S01,P12,2,16.00,会员储值
ORD107412,2026-06-20,S03,P09,1,18.00,现金
ORD112486,2026-07-25,S01,P02,1,30.00,现金
ORD104992,2026-06-03,S04,P15,2,12.00,会员储值
ORD116289,2026-08-19,S03,P03,2,52.00,支付宝
ORD109397,2026-07-03,S05,P03,1,26.00,支付宝
ORD105069,2026-06-04,S02,P06,2,84.00,银行卡
ORD116988,2026-08-23,S05,P17,2,24.00,支付宝
ORD102142,2026-05-15,S03,P04,1,38.00,现金
ORD108219,2026-06-25,S05,P19,1,15.00,现金
ORD100127,2026-05-01,S05,P20,1,22.00,支付宝
ORD100293,2026-05-02,S05,P05,1,34.00,会员储值
ORD101970,2026-05-14,S01,P01,2,64.00,银行卡
ORD111624,2026-07-18,S04,P09,2,36.00,支付宝
ORD114060,2026-08-03,S05,P09,1,18.00,现金
ORD117074,2026-08-24,S04,P16,2,10.00,银行卡
ORD110293,2026-07-09,S04,P13,2,40.00,会员储值
ORD109002,2026-06-30,S05,P12,2,16.00,现金
ORD115623,2026-08-14,S05,P20,2,44.00,银行卡
ORD110990,2026-07-14,S01,P15,2,12.00,现金
ORD105926,2026-06-10,S01,P19,2,30.00,会员储值
ORD107712,2026-06-21,S05,P19,2,30.00,微信
ORD108373,2026-06-27,S01,P03,1,26.00,会员储值
ORD116842,2026-08-23,S01,P15,1,6.00,会员储值
ORD105654,2026-06-07,S04,P16,1,5.00,支付宝
ORD112594,2026-07-25,S03,P09,1,18.00,微信
ORD111546,2026-07-20,S01,P02,2,-60.00,微信
ORD113314,2026-07-30,S02,P04,2,76.00,现金
ORD100479,2026-05-03,S04,P10,1,24.00,现金
ORD104619,2026-05-31,S04,P14,1,10.00,微信
ORD108611,2026-06-28,S02,P04,1,38.00,现金
ORD114899,2026-08-09,S03,P20,1,22.00,支付宝
ORD100802,2026-05-06,S01,P02,1,30.00,银行卡
ORD100590,2026-05-04,S03,P09,1,18.00,会员储值
ORD107861,2026-06-23,S01,P11,3,78.00,现金
ORD104680,2026-06-01,S01,P16,2,10.00,银行卡
ORD107460,2026-06-20,S04,P13,1,20.00,微信
ORD108318,2026-06-26,S04,P10,3,,现金
ORD113411,2026-07-31,S01,P02,1,30.00,现金
ORD111815,2026-07-19,S03,P18,2,36.00,会员储值
ORD114645,2026-08-08,S02,P05,1,34.00,微信
ORD110217,2026-07-09,S01,P12,1,8.00,会员储值
ORD100220,2026-05-02,S03,P07,1,22.00,现金
ORD112198,2026-07-22,S02,P03,1,26.00,现金
ORD111635,2026-07-18,S04,P00,1,24.00,会员储值
ORD102031,2026-05-14,S04,P12,2,16.00,现金
ORD112889,2026-07-27,S01,P01,2,64.00,微信
ORD113963,2026-08-03,S01,P13,1,20.00,支付宝
ORD103238,2026-05-23,S01,P08,1,25.00,现金
ORD105274,2026-06-05,S04,P07,1,22.00,现金
ORD104667,2026-06-01,S01,P11,1,26.00,会员储值
ORD107008,2026-06-17,S05,P07,1,22.00,微信
ORD106629,2026-06-14,S05,P16,2,10.00,会员储值
ORD107160,2026-06-18,S04,P05,1,34.00,微信
ORD115157,2026-08-11,S02,p06,2,90.00,银行卡
ORD102621,2026-05-18,S01,P12,1,8.00,会员储值
ORD102249,2026-05-16,S01,P02,2,60.00,微信
ORD114927,2026-08-09,S04,P02,1,30.00,会员储值
ORD102889,2026-05-20,S02,P06,1,42.00,银行卡
ORD103882,27-05-2026,S01,P01,2,64.00,现金
ORD109037,2026-07-01,S01,P07,2,44.00,支付宝
ORD115575,2026-08-14,S03,P03,1,26.00,支付宝
ORD113279,2026-07-30,S01,P12,3,24.00,支付宝
ORD101871,2026-05-13,S03,P08,1,,现金
ORD115158,2026-08-11,S02,P21,1,16.00,支付宝
ORD111108,2026-07-14,S05,P09,3,54.00,现金
ORD107305,2026-06-19,S05,P07,2,44.00,现金
ORD101829,2026-05-13,S01,P01,1,32.00,现金
ORD114997,2026-08-10,S01,P01,2,64.00,会员储值
ORD109314,2026-07-03,S01,P02,1,30.00,现金
ORD105896,2026-06-09,S04,P18,1,18.00,银行卡
ORD111277,2026-07-16,S02,P16,2,10.00,银行卡
ORD114496,2026-08-07,S02,P06,2,90.00,微信
ORD102808,2026-05-19,S03,P15,1,6.00,会员储值
ORD109698,2026-07-05,S03,P09,3,54.00,会员储值
ORD103812,2026-05-26,S03,P09,2,36.00,微信
ORD102171,2026-05-15,S04,P20,1,22.00,会员储值
ORD111399,2026-07-17,S01,P01,2,64.00,支付宝
ORD109513,2026-07-04,S03,P17,2,24.00,现金
ORD112491,2026-07-25,S01,P01,1,32.00,会员储值
ORD107054,2026-06-18,S02,P04,2,76.00,银行卡
ORD113155,2026-07-29,S01,P12,1,8.00,会员储值
ORD112527,2026-07-25,S02,P05,2,68.00,微信
ORD116513,2026-08-21,S02,P13,1,20.00,现金
ORD111665,2026-07-18,S05,P16,1,5.00,银行卡
ORD109594,2026-07-04,S05,P06,1,45.00,微信
ORD109253,2026-07-02,S04,P15,1,6.00,银行卡
ORD109550,2026-07-04,S04,P03,3,78.00,现金
ORD102932,2026-05-20,S04,P13,2,40.00,会员储值
ORD105492,2026-06-06,S05,P19,2,30.00,会员储值
ORD105794,2026-06-08,S05,P20,2,44.00,微信
ORD114870,2026-08-09,S02,P04,1,38.00,会员储值
ORD101078,2026-05-08,S02,P06,1,42.00,现金
ORD113495,2026-07-31,S04,P14,2,20.00,现金
ORD108091,2026-06-24,S05,P17,1,12.00,支付宝
ORD101730,2026-05-12,S02,P03,2,52.00,会员储值
ORD101908,2026-05-13,S04,P10,2,48.00,微信
ORD114130,2026-08-04,S03,P02,2,60.00,会员储值
ORD111724,2026-07-19,S01,P03,3,78.00,银行卡
ORD104245,2026-05-29,S04,P20,2,44.00,会员储值
ORD117976,2026-08-30,S04,P12,-1,8.00,支付宝
ORD100019,2026-05-01,S01,P01,1,32.00,支付宝
ORD116136,2026-08-17,S05,P20,2,44.00,银行卡
ORD103432,2026-05-24,S01,P12,2,16.00,银行卡
ORD107326,2026-06-19,S05,P11,3,78.00,支付宝
ORD107223,2026-06-19,S02,P04,1,38.00,支付宝
ORD109645,2026-07-05,S01,P03,2,52.00,支付宝
ORD103348,2026-05-23,S04,P10,1,24.00,支付宝
ORD115047,2026-08-10,S02,P04,1,38.00,会员储值
ORD104429,2026-05-30,S05,P06,3,126.00,银行卡
ORD100878,2026-05-06,S04,P10,1,24.00,银行卡
ORD101779,2026-05-12,S04,P11,1,26.00,现金
ORD106608,2026-06-14,S05,P03,2,52.00,支付宝
ORD102209,2026-05-15,S05,P03,1,26.00,现金
ORD106762,2026-06-15,S05,P15,1,6.00,支付宝
ORD105661,2026-06-07,S04,P11,2,52.00,现金
ORD117341,2026-08-26,S04,P20,1,22.00,微信
ORD103194,2026-05-22,S04,P20,1,22.00,支付宝
ORD105412,2026-06-06,S03,P08,1,25.00,支付宝
ORD110610,2026-07-11,S05,P19,1,15.00,现金
ORD104131,2026-05-28,S05,P04,1,38.00,支付宝
ORD107679,2026-06-21,S04,P11,2,52.00,会员储值
ORD116947,2026-08-23,S04,P07,3,66.00,支付宝
ORD105569,2026-06-07,S02,P06,2,84.00,会员储值
ORD100295,2026-05-02,S05,P20,1,22.00,银行卡
ORD102853,2026-05-19,S05,P16,1,5.00,支付宝
ORD110365,2026-07-10,S02,P13,2,40.00,支付宝
ORD104296,2026-05-30,S01,P15,1,6.00,会员储值
ORD110952,2026-07-13,S05,P01,2,64.00,会员储值
ORD103851,2026-05-26,S04,P04,1,38.00,支付宝
ORD102430,2026-05-17,S01,P01,1,32.00,支付宝
ORD112173,2026-07-22,S01,P01,1,32.00,现金
ORD111633,2026-07-18,S04,P10,1,24.00,银行卡
ORD111563,2026-07-18,S02,P13,3,60.00,微信
ORD110739,2026-07-12,S03,P01,1,32.00,微信
ORD104917,2026-06-03,S01,P11,2,52.00,银行卡
ORD101183,2026-05-09,S01,P02,2,60.00,现金
ORD100018,2026-05-01,S01,P12,3,24.00,支付宝
ORD100692,2026-05-05,S02,P03,2,52.00,银行卡
ORD114866,2026-08-09,S02,P05,2,68.00,银行卡
ORD113702,2026-08-01,S05,P21,1,16.00,支付宝
ORD110870,2026-07-13,S01,P13,3,60.00,银行卡
ORD110642,2026-07-11,S05,P12,1,8.00,银行卡
ORD115488,2026-08-13,S05,P20,1,22.00,现金
ORD108540,2026-06-27,S05,P09,2,36.00,现金
ORD100054,2026-05-01,S03,P11,2,52.00,银行卡
ORD115264,2026-08-12,S01,P21,1,16.00,微信
ORD110032,07-07-2026,S04,P10,1,24.00,微信
ORD103365,2026-05-23,S04,P08,1,25.00,会员储值
ORD106288,2026-06-13,S01,P12,1,8.00,微信
ORD100598,2026-05-04,S03,P12,1,8.00,银行卡
ORD109965,2026-07-07,S01,P12,3,24.00,银行卡
ORD106149,2026-06-12,S01,P12,1,8.00,银行卡
ORD112176,2026-07-22,S01,P03,1,26.00,现金
ORD115660,2026-08-15,S01,P13,2,40.00,微信
ORD118140,2026-08-31,S05,P06,2,90.00,银行卡
ORD114637,2026-08-08,S02,P05,2,68.00,现金
ORD110722,2026-07-12,S03,P07,1,22.00,会员储值
ORD100145,2026-05-02,S01,P19,1,15.00,会员储值
ORD104058,2026-05-28,S02,P05,1,34.00,银行卡
ORD114062,2026-08-03,S05,P03,1,26.00,现金
ORD108853,2026-06-29,S04,P11,1,26.00,现金
ORD114978,2026-08-09,S05,P20,2,44.00,支付宝
ORD103299,2026-05-23, s02,P04,1,38.00,支付宝
ORD114796,2026-08-09,S01,P21,1,16.00,支付宝
ORD100891,2026-05-06,S05,P13,2,40.00,现金
ORD114096,2026-08-04,S01,P20,1,22.00,现金
ORD101209,2026-05-09,S02,P17,1,12.00,会员储值
ORD102642,2026-05-18,S02,P06,1,42.00,微信
ORD111470,2026-07-17,S04,P20,1,22.00,会员储值
ORD109533,2026-07-04,S03,P09,3,54.00,微信
ORD108042,2026-06-24,S03,P08,1,25.00,银行卡
ORD112393,2026-07-23,S04,P06,1,45.00,支付宝
ORD109332,2026-07-03,S02,P17,2,24.00,支付宝
ORD117401,2026-08-27,S01,P21,1,16.00,微信
ORD100639,2026-05-04,S05,P04,1,38.00,会员储值
ORD101728,2026-05-12,S02,P06,1,42.00,支付宝
ORD109065,2026-07-01,S02,P04,1,38.00,支付宝
ORD107668,2026-06-21,S04,P11,3,78.00,微信
ORD106753,2026-06-15,S05,P02,2,   ,会员储值
ORD115434,2026-08-13,S02,P04,1,38.00,现金
ORD115695,2026-08-15,S02,P06,1,45.00,微信
ORD109798,2026-07-05,S05,P04,1,38.00,会员储值
ORD100454,2026-05-03,S04,P15,3,18.00,微信
ORD113840,2026-08-02,S03,P13,1,20.00,银行卡
ORD109403,2026-07-03,S05,P19,2,30.00,支付宝
ORD107960,2026-06-23,S05,P18,3,54.00,微信
ORD104031,2026-05-28,S01,P02,2,60.00,微信
ORD105813,2026-06-08,S05,P01,1,32.00,微信
ORD104405,2026-05-30,S04,P03,1,26.00,会员储值
ORD106118,2026-06-11,S05,P17,1,12.00,会员储值
ORD102147,2026-05-15,S03,P03,3,78.00,会员储值
ORD108511,2026-06-27,S04,P10,3,72.00,微信
ORD106563,2026-06-14,S03,P07,2,44.00,银行卡
ORD105958,2026-06-10,S02,P20,1,22.00,会员储值
ORD104030,2026-05-28,S01,P05,1,34.00,银行卡
ORD110734,2026-07-12,S03,P08,1,25.00,微信
ORD112518,2026-07-25,S01,P01,2,64.00,会员储值
ORD102962,2026-05-20,S05,P11,1,26.00,支付宝
ORD109028,2026-06-30,S05,P16,1,5.00,会员储值
ORD112843,2026-07-26,S05,P13,2,40.00,银行卡
ORD105821,2026-06-09,S01,P15,2,12.00,支付宝
ORD107941,2026-06-23,S04,P07,2,44.00,会员储值
ORD105262,2026-06-05,S04,P16,2,10.00,支付宝
ORD107492,2026/6/20,S05,P06,2,84.00,会员储值
ORD112512,2026-07-25,S01,P10,2,48.00,会员储值
ORD102448,2026-05-17,S01,P11,2,52.00,现金
ORD102486,2026-05-17,S02,P04,1,38.00,现金
ORD103424,2026-05-23,S05,P13,2,40.00,银行卡
ORD101065,2026-05-08,S02,P05,1,34.00,支付宝
ORD107395,2026-06-20,S02,P04,1,38.00,支付宝
ORD115221,2026-08-11,S04,P10,2,48.00,现金
ORD109766,2026-07-05,S04,P11,1,26.00,微信
ORD106316,2026-06-13,S02,P05,1,34.00,现金
ORD105466,2026-06-06,S04,P10,1,24.00,会员储值
ORD106518,2026-06-14,S02,P04,1,38.00,微信
ORD103410,2026-05-23,S05,P20,1,22.00,会员储值
ORD105535,2026-06-07,S01,P01,1,32.00,银行卡
ORD115338,2026-08-12,S04,P15,1,6.00,现金
ORD101400,2026-05-10,S02,P06,1,42.00,微信
ORD116671,2026-08-22,S02,P03,1,26.00,支付宝
ORD102422,2026-05-17,S01,P12,1,8.00,现金
ORD104016,2026-05-28,S01,P17,3,36.00,现金
ORD112859,2026-07-26,S05,P03,1,26.00,微信
ORD101354,2026-05-09,S05,P15,1,6.00,会员储值
ORD113025,2026-07-28,S01,P16,3,15.00,会员储值
ORD111670,2026-07-18,S05,P13,3,60.00,微信
ORD105837,2026-06-09,S01,P01,1,32.00,会员储值
ORD106803,2026-06-16,S02,P05,3,102.00,银行卡
ORD102555,2026-05-17,S04,P10,1,24.00,会员储值
ORD105541,2026-06-07,S01,P03,2,52.00,微信
ORD108830,2026-06-29,S03,P09,1,18.00,银行卡
ORD102372,2026-05-16,S04,P15,2,12.00,会员储值
ORD111500,2026-07-17,S05,P13,1,20.00,微信
ORD105549,2026-06-07,S01,P17,1,12.00,银行卡
ORD112672,2026-07-25,S05,P03,2,52.00,现金
ORD113930,2026-08-02,S05,P17,3,36.00,会员储值
ORD105279,2026-06-05,S04,P05,3,102.00,支付宝
ORD116707,2026-08-22,S03,P03,2,52.00,现金
ORD107956,2026-06-23,S05,P11,1,26.00,微信
ORD111361,2026-07-16,S05,P15,2,12.00,微信
ORD112891,2026-07-27,S01,P18,1,18.00,会员储值
ORD112754,2026-07-26,S03,P08,1,25.00,支付宝
ORD110597,2026-07-11,S04,P05,1,34.00,现金
ORD102875,2026-05-20,S01,P02,1,30.00,现金
ORD108084,2026-06-24,S04,P09,2,36.00,现金
ORD105085,2026-06-04,S02,P05,2,68.00,现金
ORD104882,2026-06-02,S04,P15,2,12.00,支付宝
ORD108107,2026-06-24,S05,P20,1,22.00,支付宝
ORD103060,2026-05-21,S04,P13,1,20.00,微信
ORD115850,2026-08-16,S01,P16,1,5.00,支付宝
ORD108645,2026-06-28,S03,P07,3,66.00,会员储值
ORD101636,2026-05-11,S04,P10,1,24.00,现金
ORD116346,2026-08-19,S05,P06,1,45.00,银行卡
ORD103226,2026-05-22,S05,P14,1,10.00,会员储值
ORD117257,2026-08-26,S01,P14,1,10.00,会员储值
ORD107152,2026-06-18,S04,P05,2,68.00,会员储值
ORD113162,2026-07-29,S01,P09,1,18.00,支付宝
ORD110078,2026-07-08,S01,P01,2,64.00,银行卡
ORD106468,2026-06-14,S01,P19,1,15.00,支付宝
ORD101038,2026-05-08,S01,P02,1,30.00,现金
ORD114798,2026-08-09,S01,P02,1,30.00,微信
ORD107620,2026-06-21,S03,P02,3,90.00,会员储值
ORD115037,2026-08-10,S02,P17,2,24.00,现金
ORD112196,2026-07-22,S02,P01,1,32.00,支付宝
ORD107783,2026-06-22,S03,P09,2,36.00,银行卡
ORD111431,2026-07-17,S03,P10,2,48.00,会员储值
ORD103542,2026-05-24,S03,P01,2,64.00,现金
ORD112351,2026-07-23,S03,P09,1,18.00,银行卡
ORD104103,2026-05-28,S04,P10,1,24.00,微信
ORD111297,2026-07-16,S03,P07,1,22.00,支付宝
ORD104995,2026-06-03,S04,P10,2,48.00,银行卡
ORD108153,2026-06-25,S02,P15,1,6.00,会员储值
ORD112633,2026-07-25,S04,P11,2,52.00,微信
ORD114749,2026-08-08,S04,P21,1,16.00,银行卡
ORD101707,2026-05-12,S01,P18,1,18.00,银行卡
ORD102917,2026-05-20,S03,P10,1,24.00,现金
ORD110525,2026-07-11,S02,P06,1,45.00,现金
ORD108711,2026-06-28,S04,P10,1,24.00,银行卡
ORD111786,2026-07-19,S03,P08,1,25.00,支付宝
ORD114693,2026-08-08,S03,P20,1,22.00,支付宝
ORD118040,2026-08-31,S01,P14,1,10.00,现金
ORD100105,2026-05-01,S05,P06,1,42.00,现金
ORD116998,2026-08-24,S01,P11,1,26.00,现金
ORD107882,2026-06-23,S02,P04,1,38.00,微信
ORD109672,2026-07-05,S02,P02,2,60.00,会员储值
ORD102771,2026-05-19,S02,P10,3,72.00,银行卡
ORD114497,2026-08-07,S02,P21,2,32.00,现金
ORD109995,2026-07-07,S03,P09,1,18.00,现金
ORD102758,2026-05-19,S01,P09,1,18.00,银行卡
ORD101891,2026-05-13,S03,P17,1,12.00,现金
ORD104200,2026-05-29,S03,P08,1,25.00,支付宝
ORD117934,2026-08-30,S03,P13,1,20.00,银行卡
ORD114049,2026-08-03,S05,P06,3,135.00,现金
ORD107619,2026-06-21,S03,P08,1,25.00,微信
ORD117225,2026-08-25,S04,P10,1,24.00,微信
ORD114247,2026-08-05,S02,P05,3,102.00,银行卡
ORD113935,2026-08-02,S05,P13,1,20.00,微信
ORD102337,2026-05-16,S03,P03,3,78.00,会员储值
ORD111528,2026-07-18,S01,P19,1,15.00,微信
ORD117864,2026-08-30,S01,P02,1,30.00,现金
ORD109057,2026-07-01,S02,P15,1,6.00,会员储值
ORD113016,2026-07-28,S01,P13,2,40.00,现金
ORD100998,2026-05-07,S04,P09,2,36.00,现金
ORD108060,2026-06-24,S04,P15,2,12.00,银行卡
ORD106660,2026-06-15,S01,P19,1,15.00,现金
ORD114252,05-08-2026,S02,P04,1,38.00,支付宝
ORD110091,2026-07-08,S01,P01,1,32.00,会员储值
ORD108733,2026-06-28,S05,P06,1,42.00,微信
ORD112717,2026-07-26,S02,P03,2,52.00,微信
ORD103358,2026-05-23,S04,P12,3,24.00,银行卡
ORD102992,2026-05-21,S01,P03,1,26.00,现金
ORD115813,2026-08-15,S05,P02,2,60.00,支付宝
ORD103893,2026-05-27,S01,P02,1,30.00,现金
ORD109384,2026-07-03,S04,P17,1,12.00,会员储值
ORD116641,2026-08-22,S01,P03,2,52.00,现金
ORD115733,2026-08-15,S03,P05,1,34.00,现金
ORD111273,2026-07-16,S02,P05,1,34.00,支付宝
ORD118144,2026-08-31,S05,P14,1,10.00,支付宝
ORD117147,2026-08-25,S01,P01,2,64.00,微信
ORD117445,2026-08-27,S03,P18,2,36.00,会员储值
ORD103393,2026-05-23,S05,P09,1,18.00,会员储值
ORD116111,2026-08-17,S04,P07,1,22.00,支付宝
ORD115546,2026-08-14,S02,P04,2,76.00,支付宝
ORD116295,2026-08-19,S03,P07,1,22.00,微信
ORD106773,2026-06-16,S01,P02,1,30.00,银行卡
ORD117489,2026-08-27,S05,P16,2,10.00,微信
ORD108097,2026-06-24,S05,P19,1,15.00,现金
ORD115640,2026-08-14,S05,P04,1,38.00,支付宝
ORD111560,2026-07-18,S02,P04,1,38.00,会员储值
ORD103563,2026-05-24,S04,P05,1,34.00,微信
ORD103246,2026-05-23,S01,P03,1,26.00,会员储值
ORD107424,2026-06-20,S03,P09,1,18.00,会员储值
ORD104291,2026-05-30,S01,P14,1,10.00,现金
ORD106864,2026-06-16,S04,P16,1,5.00,现金
ORD104651,2026-05-31,S05,P19,3,45.00,会员储值
ORD109231,2026-07-02,S03,P14,2,20.00,银行卡
ORD106672,2026-06-15,S02,P18,1,18.00,银行卡
ORD116024,2026-08-16,S05,P03,1,26.00,微信
ORD112711,2026-07-26,S01,P13,1,20.00,现金
ORD104519,2026-05-31,S02,P17,2,24.00,会员储值
ORD111025,2026-07-14,S02,P06,1,45.00,现金
ORD117941,2026-08-30,S03,P01,1,32.00,支付宝
ORD102029,2026-05-14,S04,P10,1,24.00,银行卡
ORD113418,2026-07-31,S01,P18,1,18.00,银行卡
ORD115702,2026-08-15,S02,P04,1,38.00,支付宝
ORD109651,2026-07-05,S01,P02,3,90.00,银行卡
ORD111397,2026-07-17,S01,P01,3,96.00,银行卡
ORD113750,2026-08-02,S01,P02,1,30.00,微信
ORD105101,2026-06-04,S03,P20,1,22.00,现金
ORD110716,2026-07-12,S02,P05,1,34.00,现金
ORD104968,2026-06-03,S03,P14,1,10.00,现金
ORD101027,2026-05-07,S05,P09,1,18.00,支付宝
ORD115898,2026-08-16,S02,P14,1,10.00,会员储值
ORD113637,2026-08-01,S03,P17,1,12.00,支付宝
ORD110929,2026-07-13,S04,P18,1,18.00,支付宝
ORD101130,2026-05-08,S04,P06,1,42.00,支付宝
ORD106044,2026-06-11,S01,P14,2,20.00,现金
ORD103264,2026-05-23,S01,P02,3,90.00,现金
ORD111877,2026-07-19,S05,P09,3,54.00,会员储值
ORD115461,2026-08-13,S03,P07,1,22.00,微信
ORD113744,2026-08-02,S01,P21,2,32.00,银行卡
ORD111781,2026-07-19,S02,P14,1,10.00,现金
ORD109707,2026-07-05,S03,P10,2,48.00,微信
ORD114760,2026-08-08,S05,P01,1,32.00,支付宝
ORD101610,2026-05-11,S03,P02,1,30.00,会员储值
ORD114072,2026-08-03,S05,P06,1,45.00,现金
ORD104495,2026-05-31,S01,P13,1,20.00,银行卡
ORD117234,2026-08-25,S05,P03,1,26.00,会员储值
ORD101325,2026-05-09,S05,P10,1,24.00,现金
ORD107311,2026-06-19,S05,P05,1,34.00,银行卡
ORD103958,2026-05-27,S03,P18,2,36.00,银行卡
ORD106075,2026-06-11,S04,P08,2,50.00,银行卡
ORD115679,2026-08-15,S01,P03,1,26.00,银行卡
ORD103506,2026-05-24,S03,P18,3,54.00,银行卡
ORD106325,2026-06-13,S02,P04,3,114.00,现金
ORD114100,2026-08-04,S01,P13,2,40.00,支付宝
ORD114703,2026-08-08,S03,P07,1,22.00,银行卡
ORD116354,2026-08-20,S01,P12,1,8.00,微信
ORD115283,2026-08-12,S01,P02,2,60.00,支付宝
ORD104543,2026-05-31,S02,P06,1,42.00,支付宝
ORD116520,2026-08-21,S02,P21,2,32.00,银行卡
ORD107765,2026-06-22,S02,P04,2,76.00,微信
ORD104206,2026-05-29,S03,P05,1,34.00,现金
ORD106639,2026-06-14,S05,P09,1,18.00,会员储值
ORD111005,2026-07-14, s01,P02,1,30.00,微信
ORD104415,2026-05-30,S04,P07,1,22.00,会员储值
ORD108228,2026-06-25,S05,P06,1,42.00,微信
ORD111627,2026-07-18,S04,P07,3,66.00,银行卡
ORD106151,2026-06-12,S01,P04,1,38.00,微信
ORD102890,2026-05-20,S02,P01,1,32.00,银行卡
ORD109853,2026-07-06,S02,P07,1,22.00,银行卡
ORD115056,2026-08-10,S03,P19,1,15.00,微信
ORD116526,2026-08-21,S02,P04,2,76.00,现金
ORD112755,2026-07-26,S03,P09,1,18.00,微信
ORD117878,2026-08-30,S02,P04,1,38.00,现金
ORD112769,2026-07-26,S03,P14,1,10.00,支付宝
ORD114799,2026-08-09,S01,P07,1,22.00,现金
ORD111644,2026-07-18,S04,P06,2,90.00,微信
ORD102819,2026-05-19,S04,P02,2,60.00,银行卡
ORD102575,2026-05-17,S05,P06,2,84.00,银行卡
ORD113528,2026-07-31,S05,P05,2,68.00,支付宝
ORD105488,2026-06-06,S05,P03,1,26.00,现金
ORD104271,2026-05-29,S05,P20,2,44.00,支付宝
ORD118116,2026-08-31,S04,P15,1,6.00,现金
ORD102417,2026-05-16,S05,P15,1,6.00,现金
ORD107933,2026-06-23,S04,P10,2,48.00,银行卡
ORD103797,2026-05-26,S02,P06,2,84.00,会员储值
ORD100472,2026-05-03,S04,P11,1,26.00,微信
ORD115318,2026-08-12,S03,P09,1,18.00,微信
ORD111771,2026-07-19,S02,P05,2,68.00,会员储值
ORD104850,2026-06-02,S03,P19,1,15.00,会员储值
ORD105455,2026/6/6,S04,P11,1,26.00,会员储值
ORD104199,2026-05-29,S03,P14,1,¥ 10.00,支付宝
ORD105798,2026-06-08,S05,P01,2,64.00,会员储值
ORD107580,2026-06-21,S02,P16,2,10.00,支付宝
ORD114259,2026-08-05,S03,P09,2,36.00,支付宝
ORD103629,2026-05-25,S01,P02,1,30.00,微信
ORD105040,2026-06-03,S05,P10,1,24.00,支付宝
ORD109255,2026-07-02,S04,P03,3,78.00,微信
ORD107484,2026-06-20,S04,P08,1,25.00,微信
ORD112767,2026-07-26,S03,P07,2,44.00,微信
ORD112683,2026-07-26,S01,P12,1,8.00,现金
ORD104600,2026-05-31,S04,P17,1,12.00,现金
ORD117606,2026-08-28,S04,P10,1,24.00,支付宝
ORD109463,2026-07-04,S02,P10,2,48.00,支付宝
ORD106819,2026-06-16,S03,P09,2,36.00,银行卡
ORD100861,2026-05-06,S04,P11,1,26.00,微信
ORD114249,2026-08-05,S02,P05,1,34.00,现金
ORD105663,2026-06-07,S04,P11,2,52.00,会员储值
ORD102487,2026-05-17,S02,P20,1,22.00,银行卡
ORD110325,2026-07-09,S05,P01,1,32.00,支付宝
ORD115250,2026-08-11,S05,P03,3,78.00,支付宝
ORD108059,2026-06-24,S04,P13,3,60.00,微信
ORD108458,2026-06-27,S03,P04,2,76.00,支付宝
ORD107891,2026-06-23,S02,P14,2,20.00,会员储值
ORD106530,2026-06-14,S03,P20,2,44.00,会员储值
ORD109879,2026-07-06,S03,P08,2,50.00,银行卡
ORD101546,2026-05-10,S05,P02,2,60.00,支付宝
ORD102838,2026-05-19,S05,P03,2,52.00,微信
ORD113781,2026-08-02,S02,P21,3,48.00,支付宝
ORD110403,2026-07-10,S03,P10,1,24.00,银行卡
ORD115880,2026-08-16,S02,P05,2,68.00,支付宝
ORD117024,2026-08-24,S02,P06,2,90.00,银行卡
ORD102258,2026-05-16,S02,P06,2,84.00,微信
ORD106561,2026-06-14,S03,P02,1,30.00,微信
ORD100930,2026-05-07,S01,P10,2,48.00,现金
ORD116844,2026-08-23,S02,P13,1,20.00,微信
ORD117459,2026-08-27,S03,P21,2,32.00,银行卡
ORD100716,2026-05-05,S03,P08,2,50.00,微信
ORD100237,2026-05-02,S03,P09,2,36.00,会员储值
ORD115936,2026-08-16,S03,P07,1,22.00,微信
ORD106387,2026-06-13,S04,P10,1,24.00,银行卡
ORD117115,2026-08-24,S05,P09,2,36.00,银行卡
ORD113109,2026-07-28,S04,P14,1,10.00,会员储值
ORD108047,2026-06-24,S03,P12,2,¥ 16.00,支付宝
ORD106400,2026-06-13,S04,P14,1,10.00,微信
ORD116989,2026-08-23,S05,P08,2,50.00,现金
ORD102204,2026-05-15,S05,P06,2,84.00,支付宝
ORD100828,2026-05-06,S02,P05,1,34.00,银行卡
ORD113734,2026-08-01,S05,P08,1,25.00,支付宝
ORD112908,2026-07-27,S02,P06,2,90.00,支付宝
ORD110024,2026-07-07,S04,P02,1,30.00,支付宝
ORD114956,2026-08-09,S04,P02,2,60.00,支付宝
ORD106241,2026-06-12,S05,P01,2,64.00,微信
ORD100849,2026-05-06,S03,P09,2,36.00,银行卡
ORD116796,2026-08-22,S05,P04,1,38.00,银行卡
ORD102775,2026-05-19,S02,P06,3,126.00,银行卡
ORD108531,2026-06-27,S05,P09,2,36.00,银行卡
ORD100800,2026-05-06,S01,P14,2,20.00,银行卡
ORD115698,2026-08-15,S02,P03,1,26.00,微信
ORD108010,2026-06-24,S02,P10,1,24.00,现金
ORD116009,2026-08-16,S05,P19,1,15.00,银行卡
ORD108311,2026-06-26,S04,P03,1,26.00,银行卡
ORD116146,2026-08-18,S01,P14,2,20.00,银行卡
ORD101149,2026-05-08,S05,P19,1,15.00,现金
ORD100318,2026-05-02,S05,P13,2,40.00,银行卡
ORD116557,2026-08-21,S04,P10,2,48.00,银行卡
ORD114148,2026-08-04,S03,P07,1,22.00,微信
ORD107048,2026-06-18,S02,P04,2,76.00,微信
ORD115147,2026-08-11,S01,P02,1,30.00,现金
ORD116534,2026-08-21,S03,P18,1,18.00,银行卡
ORD104421,2026-05-30,S04,P18,1,18.00,现金
ORD110271,2026-07-09,S03,P09,1,,现金
ORD101309,2026-05-09,S04,P10,2,48.00,银行卡
ORD107916,2026-06-23,S03,P09,2,36.00,微信
ORD108695,2026-06-28,S04,P10,1,24.00,支付宝
ORD106667,2026-06-15,S02,P07,1,22.00,微信
ORD107805,2026-06-22,S04,P04,1,38.00,会员储值
ORD102494,2026-05-17,S02,P07,1,22.00,现金
ORD101822,2026-05-13,S01,P10,2,48.00,微信
ORD106146,2026-06-12,S01,P08,2,50.00,现金
ORD105268,2026-06-05,S04,P10,1,24.00,支付宝
ORD114996,2026-08-09,S05,P04,1,38.00,支付宝
ORD104072,2026-05-28,S03,P18,2,36.00,微信
ORD117413,2026-08-27,S01,P02,1,30.00,现金
ORD116259,2026-08-19,S01,P01,1,32.00,现金
ORD100086,2026-05-01,S04,P18,1,18.00,会员储值
ORD114900,2026-08-09,S03,P08,2,50.00,支付宝
ORD111642,2026-07-18,S04,P10,2,48.00,现金
ORD104590,2026-05-31,S04,P06,1,42.00,银行卡
ORD111613,2026-07-18,S03,P09,2,36.00,支付宝
ORD101694,2026-05-12,S01,P01,1,32.00,银行卡
ORD106888,2026-06-16,S05,P13,1,20.00,支付宝
ORD117527,2026-08-28,S01,P14,1,10.00,银行卡
ORD101368,2026-05-10,S01,P13,1,20.00,支付宝
ORD115382,2026-08-12,S05,P11,1,26.00,会员储值
ORD106839,2026-06-16,S04,P10,1,24.00,支付宝
ORD114833,2026-08-09,S02,P09,2,36.00,银行卡
ORD106160,2026-06-12,S02,P16,1,5.00,支付宝
ORD115072,2026-08-10,S03,P21,1,16.00,银行卡
ORD118123,2026-08-31,S04,P10,3,72.00,银行卡
ORD110495,2026-07-11,S01,P03,3,78.00,现金
ORD116247,2026/8/18,S05,P03,2,52.00,支付宝
ORD103149,2026-05-22,S02,P18,1,18.00,现金
ORD102622,2026-05-18,S01,P01,2,64.00,微信
ORD112470,2026-07-24,S04,P15,1,6.00,微信
ORD111993,2026-07-20,S04,P10,2,48.00,微信
ORD114551,2026-08-07,S04,P11,1,26.00,现金
ORD114538,2026-08-07,S03,P08,1,25.00,支付宝
ORD102067,2026-05-14,S05,P01,2,64.00,会员储值
ORD108420,2026-06-27,S02,P04,2,76.00,银行卡
ORD109595,2026-07-04,S05,P12,1,8.00,银行卡
ORD103199,2026-05-22,S04,P11,1,26.00,现金
ORD106300,2026-06-13,S01,P01,1,32.00,微信
ORD102052,2026-05-14,S04,P07,1,22.00,银行卡
ORD111525,2026-07-18,s01,P15,2,12.00,银行卡
ORD104346,2026-05-30,S02,P03,2,52.00,现金
ORD100170,2026-05-02,S02,P05,1,34.00,银行卡
ORD105421,2026-06-06,S03,P12,1,8.00,微信
ORD108147,2026-06-25,S02,P16,2,10.00,现金
ORD100203,2026-05-02,S02,P14,3,30.00,现金
ORD106627,2026-06-14,S05,P20,1,22.00,微信
ORD101277,2026-05-09,S03,P12,2,16.00,会员储值
ORD104920,2026-06-03,S01,P01,1,32.00,会员储值
ORD111323,2026-07-16,S04,P03,1,26.00,银行卡
ORD101241,2026-05-09,S02,P04,3,114.00,支付宝
ORD114732,2026-08-08,S04,P01,1,32.00,现金
ORD108204,2026-06-25,S04,P15,1,6.00,会员储值
ORD107279,2026-06-19,S04,P15,1,6.00,现金
ORD103240,2026-05-23,S01,P20,3,66.00,银行卡
ORD111045,2026-07-14,S03,P06,1,45.00,现金
ORD108914,2026-06-30,S01,P01,1,32.00,会员储值
ORD114771,2026-08-08,S05,P03,1,26.00,支付宝
ORD103560,2026-05-24,S04,P11,1,26.00,银行卡
ORD103289,2026-05-23,S02,P11,3,78.00,现金
ORD114511,2026-08-07,S02,P19,2,30.00,微信
ORD110130,2026-07-08,S03,P01,3,96.00,会员储值
ORD106077,2026-06-11,S04,P18,2,36.00,支付宝
ORD114043,2026-08-03,S04,P18,1,18.00,支付宝
ORD117515,2026-08-28,S01,P21,1,16.00,银行卡
ORD108098,2026-06-24,S05,P19,1,15.00,支付宝
ORD104188,2026-05-29,S02,P18,1,18.00,微信
ORD103161,2026-05-22,S03,P01,1,32.00,银行卡
ORD117322,2026-08-26,S03,P08,1,25.00,现金
ORD113638,2026-08-01,S03,P09,1,18.00,支付宝
ORD111965,2026-07-20,S03,P08,1,25.00,现金
ORD115269,2026-08-12,S01,P01,1,32.00,会员储值
ORD112632,2026-07-25,S04,P11,1,26.00,银行卡
ORD116848,2026-08-23,S02,P10,2,48.00,微信
ORD104306,2026-05-30,S01,P16,2,10.00,微信
ORD104260,2026-05-29,S05,P01,1,32.00,支付宝
ORD114324,2026-08-05,S05,P04,1,38.00,微信
ORD104267,2026-05-29,S05,P01,1,32.00,支付宝
ORD100189,2026-05-02,S02,P11,3,78.00,支付宝
ORD116564,2026-08-21,S04,P12,2,16.00,支付宝
ORD115836,2026-08-15,S05,P06,3,135.00,会员储值
ORD108994,2026-06-30,S04,P03,1,26.00,微信
ORD105588,2026-06-07,S02,P04,1,38.00,微信
ORD111833,2026-07-19,S04,P20,2,44.00,微信
ORD100767,2026-05-05,S05,P02,1,30.00,微信
ORD116063,2026-08-17,S01,P02,1,30.00,微信
ORD103046,2026/5/21,S03,P01,1,32.00,会员储值
ORD104165,2026-05-29,S01,P03,1,26.00,现金
ORD103064,21-05-2026,S04,P10,2,48.00,会员储值
ORD114801,2026-08-09,S01,P03,1,26.00,微信
ORD112399,2026-07-23,S04,P14,2,20.00,现金
ORD104486,2026-05-31,S01,P04,3,114.00,会员储值
ORD109860,2026-07-06,S02,P10,2,48.00,银行卡
ORD106910,2026-06-17,S01,P02,3,90.00,支付宝
ORD101928,2026-05-13,S05,P10,2,48.00,支付宝
ORD115262,2026-08-12,S01,P01,1,32.00,支付宝
ORD117202,25-08-2026,S04,P13,2,40.00,银行卡
ORD116074,2026-08-17,S03,P21,1,16.00,支付宝
ORD101917,2026-05-13,S04,P12,2,16.00,微信
ORD101750,2026-05-12,S03,P05,2,68.00,银行卡
ORD107085,2026-06-18,S02,P06,3,87.00,银行卡
ORD102183,2026-05-15,S04,P13,3,60.00,会员储值
ORD101211,2026-05-09,S02,P15,2,12.00,支付宝
ORD115177,2026-08-11,S03,P08,1,25.00,支付宝
ORD114885,2026-08-09,S03,P07,1,22.00,会员储值
ORD112634,2026-07-25,S04,P13,1,20.00,会员储值
ORD117731,2026-08-29,S03,P02,1,30.00,支付宝
ORD106733,2026-06-15,S04,P03,1,26.00,会员储值
ORD102633,2026-05-18,S01,P14,1,10.00,微信
ORD106293,2026-06-13,S01,P01,1,32.00,银行卡
ORD100155,2026-05-02,S01,P15,1,6.00,会员储值
ORD114794,2026-08-09,S01,P15,1,6.00,微信
ORD107181,2026-06-18,S05,P02,3,90.00,现金
ORD112623,2026-07-25,S04,P10,1,24.00,会员储值
ORD115975,2026-08-16,S04,P03,1,26.00,银行卡
ORD111662,2026-07-18,S05,P03,2,52.00,会员储值
ORD112643,2026-07-25,S04,P11,1,26.00,会员储值
ORD101346,2026-05-09,S05,P11,1,26.00,支付宝
ORD110104,2026-07-08,S02,P15,1,6.00,微信
ORD113557,2026-08-01,S01,P01,1,32.00,微信
ORD104170,2026-05-29,S01,P03,1,26.00,支付宝
ORD109620,2026-07-05,S01,P02,1,30.00,微信
ORD101860,2026-05-13,S02,P12,3,24.00,微信
ORD103646,2026-05-25,S01 ,P01,1,32.00,微信
ORD115744,2026-08-15,S03,P07,3,66.00,微信
ORD115376,2026-08-12,S05,P04,1,38.00,微信
ORD103230,2026-05-22,S05,P05,2,68.00,微信
ORD114456,2026-08-06,S05,P05,1,34.00,银行卡
ORD106876,2026-06-16,S05,P15,1,6.00,银行卡
ORD115796,2026-08-15,S04,P10,3,72.00,银行卡
ORD102549,2026-05-17,S04,P14,1,10.00,现金
ORD111861,2026-07-19,S05,P11,2,52.00,微信
ORD116798,2026-08-22,S05,P05,1,34.00,会员储值
ORD108740,2026-06-28,S05,P20,1,22.00,会员储值
ORD100046,2026-05-01,S02,P17,2,24.00,支付宝
ORD104961,2026-06-03,S03,P05,1,34.00,现金
ORD105495,2026-06-06,S05,P06,1,42.00,会员储值
ORD103555,2026-05-24,S04,P10,1,24.00,支付宝
ORD109387,2026-07-03,S04,P10,3,72.00,会员储值
ORD114223,2026-08-05,S01,P02,2,60.00,支付宝
ORD104982,2026-06-03,S03,P18,2,36.00,会员储值
ORD111424,2026-07-17,S02,P02,2,60.00,支付宝
ORD109322,2026-07-03,S02,P06,3,135.00,现金
ORD104823,2026-06-02,S02,P05,2,68.00,支付宝
ORD104021,2026-05-28,S01,P09,1,18.00,支付宝
ORD116673,2026-08-22,S02,P04,1,38.00,微信
ORD114754,2026-08-08,S05,P08,1,25.00,银行卡
ORD116893,2026-08-23,S03,P13,1,20.00,银行卡
ORD109248,2026-07-02,S04,P11,-2,52.00,支付宝
ORD103219,2026/5/22,S05,P05,-2,68.00,现金
ORD109773,2026-07-05,S05,P18,2,36.00,会员储值
ORD115843,2026-08-16,S01,P01,2,64.00,微信
ORD110082,2026-07-08,S01,P10,1,24.00,支付宝
ORD113732,2026-08-01,S05,P13,2,40.00,微信
ORD105942,2026-06-10,S01,P02,1,30.00,现金
ORD117554,2026-08-28,S02,P04,1,38.00,支付宝
ORD116379,2026-08-20,S02,P06,1,45.00,会员储值
ORD105500,2026-06-06,S05,P08,3,75.00,银行卡
ORD115346,2026-08-12,S04,P20,2,44.00,银行卡
ORD113096,2026-07-28,S04,P20,2,44.00,银行卡
ORD102670,2026-05-18,S03,P13,1,20.00,现金
ORD110361,2026-07-10,S02,P05,2,68.00,微信
ORD116312,2026-08-19,S04,P03,1,26.00,支付宝
ORD115797,2026-08-15,S04,P10,1,24.00,微信
ORD112940,2026-07-27,S03,P08,2,50.00,银行卡
ORD116574,2026-08-21,S04,P16,1,5.00,微信
ORD106926,2026-06-17,S02,P02,2,60.00,支付宝
ORD107671,2026-06-21,S04,P13,1,20.00,会员储值
ORD102495,2026-05-17,S02,P15,1,6.00,银行卡
ORD110377,2026-07-10,S02,P05,2,68.00,会员储值
ORD113484,2026-07-31,S04,P09,1,18.00,现金
ORD113991,2026-08-03,S02,P16,1,5.00,微信
ORD114518,2026-08-07,S03,P21,1,16.00,现金
ORD107444,2026-06-20,S03,P08,1,25.00,支付宝
ORD107875,2026-06-23,S01,P03,2,52.00,会员储值
ORD111696,2026-07-18,S05,P08,2,50.00,现金
ORD110103,2026-07-08,S02,P12,1,8.00,支付宝
ORD116248,2026-08-18,S05,P17,1,12.00,现金
ORD112883,2026-07-27,S01,P03,1,26.00,现金
ORD107499,2026-06-20,S05,P14,2,20.00,银行卡
ORD117119,2026-08-24,S05,P21,1,16.00,银行卡
ORD117331,2026-08-26,S03,P16,2,10.00,支付宝
ORD102271,2026-05-16,S02,P06,3,126.00,支付宝
ORD116978,2026-08-23,S05,P03,1,26.00,会员储值
ORD105833,2026-06-09,S01,P09,1,18.00,会员储值
ORD113291,2026-07-30,S01,P19,1,15.00,支付宝
ORD105902,2026-06-09,S05,P05,1,34.00,现金
ORD114808,2026-08-09,S01,P01,1,32.00,银行卡
ORD105463,2026-06-06,S04,P10,1,24.00,微信
ORD104049,2026-05-28,S02,P08,1,25.00,微信
ORD106096,2026-06-11,S04,P03,1,26.00,支付宝
ORD105878,2026-06-09,S04,P01,1,32.00,支付宝
ORD117050,2026-08-24,S03,P07,1,22.00,微信
ORD104963,2026-06-03,S03,P13,2,40.00,会员储值
ORD101380,2026-05-10,S01,P16,1,5.00,银行卡
ORD106254,2026-06-12,S05,P02,1,30.00,现金
ORD107227,2026-06-19,S02,P18,2,36.00,现金
ORD111254,2026-07-16,S01,P12,1,8.00,现金
ORD111502,2026-07-17,S05,P19,1,15.00,会员储值
ORD106747,2026-06-15,S05,P04,2,76.00,会员储值
ORD110713,2026-07-12,S02,P05,1,34.00,支付宝
ORD106045,2026-06-11,S01,P02,2,60.00,会员储值
ORD105376,2026-06-06,S02,P05,1,34.00,会员储值
ORD114256,2026-08-05,S02,P06,2,90.00,现金
ORD110242,2026-07-09,S02,P06,1,45.00,支付宝
ORD109001,2026-06-30,S05,P08,1,25.00,现金
ORD102736,2026-05-19,S01,P01,2,64.00,银行卡
ORD113797,2026-08-02,S02,P12,2,16.00,会员储值
ORD105384,06-06-2026,S02,P05,1,34.00,支付宝
ORD100356,2026-05-03,S01,P13,1,20.00,银行卡
ORD107059,2026-06-18,S02,P05,1,34.00,会员储值
ORD114795,2026-08-09,S01,P01,1,32.00,现金
ORD107067,2026-06-18,S02,P06,3,87.00,支付宝
ORD108413,2026-06-27,S02,P01,3,96.00,现金
ORD115179,2026-08-11,S03,P21,1,16.00,会员储值
ORD112704,2026-07-26,S01,P02,2,60.00,微信
ORD101166,2026-05-09,S01,P01,1,32.00,微信
ORD111406,2026-07-17,S02,P15,1,6.00,银行卡
ORD104134,2026-05-28,S05,P09,1,18.00,银行卡
ORD107771,2026-06-22,S02,P04,2,76.00,会员储值
ORD110856,2026-07-13,S01,P01,1,32.00,支付宝
ORD106007,2026-06-10,S05,P17,1,12.00,会员储值
ORD101125,2026-05-08,S04,P17,1,12.00,会员储值
ORD111801,2026-07-19,S03,P09,1,18.00,银行卡
ORD110279,2026-07-09,S04,P17,1,12.00,银行卡
ORD118096,2026-08-31,S03,P11,2,52.00,会员储值
ORD111688,2026-07-18,S05,P16,1,5.00,会员储值
ORD112556,2026/7/25,S02,P18,3,54.00,会员储值
ORD100894,2026-05-06,S05,P07,1,22.00,支付宝
ORD106412,2026-06-13,S04,P11,1,26.00,会员储值
ORD109508,2026-07-04,S03,P08,2,50.00,支付宝
ORD105096,2026-06-04,S02,P13,1,20.00,银行卡
ORD101598,2026-05-11,S02,P04,1,38.00,会员储值
ORD108362,2026-06-27,S01,P02,1,30.00,支付宝
ORD100875,2026-05-06,S04,P10,1,24.00,微信
ORD110998,2026-07-14,S01,P01,1,32.00,支付宝
ORD106215,2026-06-12,S04,P03,2,52.00,支付宝
ORD108694,2026-06-28,S04,P03,1,26.00,银行卡
ORD103357,2026-05-23,S04,P01,3,96.00,微信
ORD115259,2026-08-12,S01,P06,1,45.00,支付宝
ORD102653,2026-05-18,S02,P04,1,38.00,现金
ORD117201,2026-08-25,S03,P08,1,25.00,会员储值
ORD110043,2026-07-07,S05,P01,3,96.00,银行卡
ORD111923,2026-07-20,S01,P08,1,25.00,支付宝
ORD116602,2026-08-21,S05,P10,2,48.00,支付宝
ORD102801,2026-05-19,S03,P07,1,22.00,现金
ORD106938,2026-06-17,S02,P05,1,34.00,银行卡
ORD117286,2026-08-26,S02,P20,2,44.00,微信
ORD101796,2026-05-12,S05,P19,1,15.00,会员储值
ORD117419,2026-08-27,S02,P18,3,54.00,微信
ORD101850,2026-05-13,S02,P09,1,18.00,银行卡
ORD107018,2026-06-18,S01,P09,1,18.00,现金
ORD106201,2026-06-12,S03,P07,3,66.00,现金
ORD114287,2026-08-05,S04,P03,2,52.00,银行卡
ORD109099,2026-07-01,S03,P04,1,38.00,支付宝
ORD111937,2026-07-20,S02,P06,1,45.00,支付宝
ORD104879,2026-06-02,S04,P10,1,24.00,银行卡
ORD100455,2026-05-03,S04,P15,2,12.00,现金
ORD110777,2026-07-12,S04,P11,1,26.00,微信
ORD109008,2026-06-30,S05,P10,2,48.00,支付宝
ORD114459,2026-08-06,S05,P21,1,16.00,微信
ORD102814,2026-05-19,S04,P17,1,12.00,微信
ORD115235,2026-08-11,S05,P07,1,22.00,微信
ORD114262,2026-08-05,S03,P04,3,114.00,微信
ORD112407,2026-07-23,S05,P09,0,18.00,银行卡
ORD117415,2026-08-27,S01,P02,1,30.00,现金
ORD102126,2026-05-15,S02,P06,1,42.00,会员储值
ORD116890,2026-08-23,S03,P16,1,5.00,现金
ORD104771,2026-06-01,S05,P14,2,20.00,会员储值
ORD116250,18-08-2026,S05,P21,2,32.00,微信
ORD105516,2026-06-07,S01,P02,1,30.00,会员储值
ORD106510,2026-06-14,S02,P04,1,38.00,会员储值
ORD109128,2026-07-01,S04,P18,1,18.00,支付宝
ORD108566,2026-06-28,S01,P12,1,8.00,支付宝
ORD116458,2026-08-20,S05,P08,3,75.00,银行卡
ORD112408,2026-07-23,S05,P20,1,22.00,会员储值
ORD111003,2026-07-14,S01,P02,1,30.00,现金
ORD117632,2026-08-28,S05,P03,1,26.00,现金
ORD101609,2026-05-11,S03,P07,2,44.00,支付宝
ORD105766,2026-06-08,S02,P05,2,68.00,微信
ORD103768,2026-05-26,S01,P09,1,18.00,银行卡
ORD104155,2026-05-29,S01,P14,1,10.00,微信
ORD111116,2026-07-15,S01,P20,1,22.00,支付宝
ORD106547,2026/6/14,S03,P02,2,60.00,现金
ORD104544,2026-05-31,S02,P09,1,,现金
ORD109252,2026-07-02,S04,P06,1,45.00,微信
ORD101840,2026-05-13,S01,P07,2,44.00,微信
ORD103014,2026-05-21,S02,P17,1,12.00,现金
ORD114572,2026-08-07,S05,P11,1,26.00,现金
ORD101510,2026-05-10,S04,P08,1,25.00,会员储值
ORD114911,2026-08-09,S03,P09,1,18.00,微信
ORD105469,2026-06-06,S04,P05,2,68.00,现金
ORD103790,2026-05-26,S02,P19,3,45.00,现金
ORD116630,2026-08-22,S01,P12,1,8.00,微信
ORD112773,2026-07-26,S03,P07,2,44.00,会员储值
ORD107707,2026-06-21,S05,P09,1,¥18.00,会员储值
ORD114082,2026-08-04,S01,P21,1,16.00,微信
ORD117022,2026-08-24,S01,P01,1,32.00,现金
ORD101833,2026-05-13,S01,P18,1,18.00,微信
ORD103242,2026-05-23,S01,P16,1,5.00,微信
ORD109872,2026-07-06,S03,P03,3,78.00,银行卡
ORD110433,2026-07-10,S05,P20,2,44.00,银行卡
ORD111829,2026-07-19,S04,P11,2,52.00,支付宝
ORD101280,2026-05-09,S04,P10,3,72.00,支付宝
ORD100442,2026-05-03,S03,P12,1,8.00,微信
ORD107791,2026-06-22,S03,P14,1,10.00,微信
ORD105108,2026-06-04,S03,P09,2,36.00,微信
ORD108342,2026-06-26,S05,P12,1,8.00,银行卡
ORD105762,2026-06-08,S02,P04,1,38.00,支付宝
ORD115365,2026-08-12,S05,P20,2,44.00,微信
ORD114535,2026-08-07,S03,P07,1,22.00,银行卡
ORD116281,2026-08-19,S03,P15,1,6.00,会员储值
ORD114409,2026-08-06,S03,P06,1,45.00,银行卡
ORD112193,2026-07-22,S02,P11,1,26.00,微信
ORD110136,2026-07-08,S03,P12,3,24.00,现金
ORD106964,2026-06-17,S04,P03,1,26.00,支付宝
ORD110508,2026-07-11,S02,P03,1,26.00,微信
ORD101536,2026-05-10,S05,P03,1,26.00,银行卡
ORD111868,2026-07-19,S05,P19,2,30.00,支付宝
ORD105571,2026-06-07,S02,P05,2,68.00,现金
ORD107172,2026-06-18,S04,P15,2,12.00,会员储值
ORD112654,2026-07-25,S05,P04,2,76.00,支付宝
ORD102363,2026-05-16,S04,P15,2,12.00,支付宝
ORD114175,2026-08-04,S04,P10,1,24.00,微信
ORD103217,2026-05-22,S05,P15,1,6.00,会员储值
ORD104128,2026-05-28,S05,P20,1,22.00,微信
ORD103627,2026-05-25,S01,P01,3,96.00,现金
ORD102953,2026-05-20,S04,P02,1,30.00,银行卡
ORD110922,2026-07-13,S03,P07,2,44.00,支付宝
ORD105852,2026-06-09,S02,P17,1,12.00,会员储值
ORD111974,2026-07-20,S03,P15,2,12.00,银行卡
ORD109074,2026-07-01,S02,P20,3,66.00,支付宝
ORD109223,2026-07-02,S03,P19,1,15.00,会员储值
ORD105467,2026-06-06,S04,P10,1,24.00,现金
ORD112494,2026-07-25,S01,P08,1,25.00,银行卡
ORD118094,2026-08-31,S03,P13,1,20.00,微信
ORD110766,2026-07-12,S04,P13,2,40.00,会员储值
ORD110180,2026-07-08,S05,P20,1,22.00,微信
ORD108175,2026-06-25,S03,P08,1,25.00,微信
ORD103313,2026-05-24,S03,P13,2,-40.00,支付宝
ORD113450,2026-07-31,S02,P05,1,34.00,现金
ORD116305,2026-08-19,S04,P10,3,72.00,现金
ORD104178,2026-05-29,S02,P13,1,20.00,支付宝
ORD100543,2026-05-04,S01,P02,1,30.00,银行卡
ORD110849,2026-07-13,S01,P01,3,96.00,现金
ORD102059,2026-05-14,S05,P08,1,25.00,会员储值
ORD109604,2026-07-04,S05,P19,2,30.00,银行卡
ORD114356,2026-08-06,S01,P08,1,25.00,会员储值
ORD116053,2026-08-17,S01,P01,3,96.00,微信
ORD116584,2026-08-21,S05,P03,2,52.00,微信
ORD116322,2026-08-19,S04,P15,2,12.00,会员储值
ORD115082,2026-08-10,S04,P10,1,24.00,微信
ORD106582,2026-06-14,S04,P10,1,24.00,现金
ORD103663,2026-05-25,S02,P05,1,34.00,现金
ORD107383,2026-06-20,S02,P03,1,26.00,支付宝
ORD111707,2026-07-19,S01,P12,1,8.00,现金
ORD105891,2026-06-09,S04,P10,3,72.00,现金
ORD108433,2026-06-27,S02,P06,2,84.00,银行卡
ORD108841,2026-06-29,S04,P11,2,52.00,会员储值
ORD109119,2026-07-01,S04,P15,1,6.00,银行卡
ORD100202,2026-05-02,S02,P06,1,42.00,支付宝
ORD105138,2026-06-04,S04,P10,1,¥24.00,微信
ORD117373,2026-08-26,S05,P14,1,10.00,银行卡
ORD116213,2026-08-18,S04,P10,1,24.00,现金
ORD106263,2026-06-12,S05,P01,3,96.00,现金
ORD106782,2026-06-16,S01,P01,2,64.00,现金
ORD105893,2026-06-09,S04,P14,1,10.00,支付宝
ORD113066,2026-07-28,S03,P18,2,36.00,银行卡
ORD101324,2026-05-09,S05,P03,1,26.00,会员储值
ORD110598,2026-07-11,S04,P11,1,26.00,微信
ORD116406,2026-08-20,S03,P08,2,50.00,银行卡
ORD113826,2026-08-02,S03,P06,2,90.00,现金
ORD117836,2026-08-29,S05,P07,2,44.00,支付宝
ORD105073,2026-06-04,S02,P05,2,68.00,支付宝
ORD106242,2026-06-12,S05,P05,3,102.00,现金
ORD102614,2026-05-18,S01,P02,2,60.00,支付宝
ORD101066,2026-05-08,S02,P04,2,76.00,银行卡
ORD100959,2026-05-07,S03,P06,2,84.00,银行卡
ORD105740,2026-06-08,S02,P05,2,68.00,微信
ORD115801,2026-08-15,S04,P03,2,52.00,现金
ORD109449,2026-07-04,S01,P01,1,32.00,现金
ORD104144,2026-05-29,S01,P01,2,64.00,银行卡
ORD106739,2026-06-15,S04,P11,1,26.00,现金
ORD113836,2026-08-02,S03,P01,1,32.00,银行卡
ORD102986,2026-05-21,S01,P15,1,6.00,现金
ORD106145,2026-06-12,S01,P06,1,42.00,支付宝
ORD117016,2026-08-24,S01,P13,3,60.00,支付宝
ORD102351,2026-05-16,S04,P12,1,8.00,支付宝
ORD115234,2026-08-11,S05,P14,1,10.00,现金
ORD114616,2026-08-08,S01,P18,2,36.00,现金
ORD102791,2026-05-19,S03,P20,1,22.00,现金
ORD117207,2026-08-25,S04,P13,3,60.00,会员储值
ORD102309,2026-05-16,S03,P07,1,22.00,会员储值
ORD107291,2026-06-19,S04,P08,1,25.00,微信
ORD105558,2026-06-07,S02,P06,1,42.00,会员储值
ORD100535,2026-05-04,S01,P02,2,60.00,现金
ORD104345,2026-05-30,S02,P05,3,102.00,微信
ORD108218,2026-06-25,S05,P09,1,18.00,银行卡
ORD108232,2026-06-26,S01,P02,1,30.00,银行卡
ORD108520,2026-06-27,S04,P18,1,18.00,支付宝
ORD113024,2026-07-28,S01,P12,1,8.00,支付宝
ORD103377,2026-05-23,S04,P10,1,24.00,会员储值
ORD100568,2026-05-04,S02,P06,1,42.00,支付宝
ORD105775,2026-06-08,S04,P20,1,22.00,支付宝
ORD112618,2026-07-25,S04,P09,2,36.00,微信
ORD110530,2026-07-11,S02,P05,1,34.00,会员储值
ORD100013,2026-05-01,S01,P02,1,30.00,支付宝
ORD107726,2026-06-22,S01,P02,1,30.00,会员储值
ORD103041,2026-05-21,S03,P07,1,22.00,微信
ORD114376,2026-08-06,S02,P04,1,38.00,银行卡
ORD105498,2026-06-06,S05,P01,1,,现金
ORD112438,2026-07-24,S01,P02,1,30.00,现金
ORD115352,2026-08-12,S04,P14,2,20.00,微信
ORD115088,2026-08-10,S04,P10,1,24.00,会员储值
ORD101981,2026-05-14,S02,P02,2,60.00,银行卡
ORD118014,2026-08-30,S05,P19,1,15.00,支付宝
ORD106993,2026-06-17,S05,P04,1,38.00,支付宝
ORD103039,2026-05-21,S03,P09,1,18.00,支付宝
ORD103052,2026-05-21,S03,P05,2,68.00,微信
ORD114587,2026-08-07,S05,P04,1,38.00,现金
ORD111042,2026-07-14,S03,P19,2,30.00,银行卡
ORD100770,2026-05-05,S05,P06,1,42.00,会员储值
ORD114281,2026-08-05,S03,P03,3,78.00,银行卡
ORD111430,2026-07-17,S03,P16,1,5.00,银行卡
ORD108548,2026-06-27,S05,P18,1,18.00,现金
ORD104437,2026-05-30,S05,P07,1,22.00,会员储值
ORD109949,2026-07-07,S01,P16,1,5.00,微信
ORD108299,2026-06-26,S03,P18,2,36.00,支付宝
ORD118085,2026-08-31,S03,P07,2,44.00,微信
ORD104606,2026-05-31,S04,P10,1,24.00,支付宝
ORD102915,2026-05-20,S03,P17,1,12.00,银行卡
ORD104075,2026-05-28,S03,P08,1,25.00,微信
ORD112096,2026-07-21,S03,P08,2,50.00,银行卡
ORD102404,2026-05-16,S05,P03,1,26.00,微信
ORD110077,2026-07-08,S01,P01,3,96.00,会员储值
ORD117687,2026-08-29,S02,P04,1,38.00,银行卡
ORD101921,2026-05-13,S04,P09,1,18.00,现金
ORD108996,2026-06-30,S04,P05,1,34.00,微信
ORD103752,2026-05-25,S05,P15,1,6.00,银行卡
ORD103625,2026-05-24,S05,P19,1,15.00,支付宝
ORD111049,2026-07-14,S03,P07,3,,现金
ORD115512,2026-08-13,S05,P02,1,30.00,会员储值
ORD115509,2026-08-13,S05,P19,2,30.00,微信
ORD100618,2026-05-04,S04,P09,2,36.00,支付宝
ORD108925,2026-06-30,S02,P06,2,84.00,微信
ORD109754,2026-07-05,S04,P08,1,25.00,微信
ORD115982,2026-08-16,S04,P08,2,50.00,银行卡
ORD109981,2026-07-07,S02,P03,1,26.00,支付宝
ORD113689,2026-08-01,S04,P10,2,48.00,银行卡
ORD115019,2026-08-10,S01,P13,1,20.00,支付宝
ORD100925,2026-05-07,S01,P17,2,24.00,现金
ORD116748,2026-08-22,S04,P21,1,16.00,会员储值
ORD113813,2026-08-02,S02,P04,1,38.00,银行卡
ORD117217,2026-08-25,S04,P03,1,26.00,现金
ORD100982,2026-05-07,S03,P07,3,66.00,银行卡
ORD117163,2026-08-25,S02,P18,1,18.00,现金
ORD112422,2026-07-23,S05,P20,3,66.00,现金
ORD110053,2026-07-07,S05,P19,2,30.00,现金
ORD105209,2026-06-05,S02,P10,3,72.00,会员储值
ORD117866,2026-08-30,S01,P17,2,24.00,会员储值
ORD106178,2026-06-12,S02,P04,2,76.00,会员储值
ORD106279,2026-06-13,S01,P07,1,22.00,会员储值
ORD116877,2026-08-23,S02,P10,2,48.00,会员储值
ORD104807,2026-06-02,S01,P15,3,18.00,会员储值
ORD116958,2026-08-23,S04,P17,1,12.00,现金
ORD109864,2026-07-06,S03,P06,1,45.00,会员储值
ORD100867,2026-05-06,S04,P10,2,48.00,现金
ORD106670,2026-06-15,S02,P04,1,38.00,会员储值
ORD115621,2026-08-14,S05,P19,1,15.00,微信
ORD113771,2026-08-02,S01,P03,1,26.00,会员储值
ORD108535,2026-06-27,S05,P03,1,26.00,微信
ORD110182,2026-07-08,S05,P19,3,45.00,银行卡
ORD115209,2026-08-11,S04,P19,2,30.00,会员储值
ORD111784,2026-07-19,S03,P10,2,48.00,微信
ORD118104,2026-08-31,S03,P07,2,44.00,微信
ORD108294,2026-06-26,S03,P07,1,22.00,微信
ORD113698,2026-08-01,S05,P09,2,36.00,会员储值
ORD107125,2026-06-18,S03,P03,1,26.00,银行卡
ORD101699,2026-05-12,S01,P02,1,30.00,会员储值
ORD110499,2026-07-11,S02,P13,2,40.00,会员储值
ORD115706,2026-08-15,S02,P19,1,15.00,支付宝
ORD101408,2026-05-10,S02,P04,2,76.00,微信
ORD106031,2026-06-11,S01,P09,2,36.00,微信
ORD106955,2026-06-17,S03,P03,1,26.00,会员储值
ORD113184,2026-07-29,S02,P12,1,8.00,现金
ORD111345,2026-07-16,S04,P13,1,20.00,银行卡
ORD106456,2026-06-14,S01,P01,1,32.00,现金
ORD109708,2026-07-05,S03,P09,1,18.00,现金
ORD115507,2026/8/13,S05,P01,3,96.00,现金
ORD111021,2026-07-14,S02,P01,3,96.00,会员储值
ORD115317,2026-08-12,S03,P09,1,18.00,会员储值
ORD109778,2026-07-05,S05,P17,1,12.00,支付宝
ORD101292,2026-05-09,S04,P13,1,20.00,微信
ORD100076,2026-05-01,S03,P08,1,25.00,支付宝
ORD107517,2026-06-20,S05,P11,1,26.00,支付宝
ORD108385,2026-06-27,S01,P06,3,126.00,会员储值
ORD114037,2026-08-03,S04,P09,1,18.00,银行卡
ORD112293,2026-07-22,S05,P16,1,5.00,银行卡
ORD115979,2026-08-16,S04,P08,2,50.00,会员储值
ORD111203,2026-07-15,S04,P11,1,26.00,银行卡
ORD112203,2026-07-22,S02,P04,1,38.00,银行卡
ORD110137,2026/7/8,S03,P09,1,18.00,微信
ORD100955,2026-05-07,S02,P16,1,5.00,现金
ORD103569,2026-05-24,S04,P12,2,16.00,支付宝
ORD117763,2026-08-29,S04,P10,1,24.00,微信
ORD117972,2026-08-30,S04,P10,1,24.00,会员储值
ORD114787,2026-08-08,S05,P07,3,66.00,微信
ORD102565,2026-05-17,S04,P10,1,24.00,银行卡
ORD114655,2026-08-08,S02,P05,1,34.00,支付宝
ORD102047,2026-05-14,S04,P15,1,6.00,银行卡
ORD103330,2026-05-23,S03,P09,3,54.00,现金
ORD109918,2026-07-06,S05,P17,1,12.00,微信
ORD103793,2026-05-26,S02,P05,3,102.00,银行卡
ORD115039,2026-08-10,S02,P20,1,22.00,支付宝
ORD109597,2026-07-04,S05,P13,1,20.00,银行卡
ORD101911,2026-05-13,S04,P15,1,6.00,支付宝
ORD116807,2026-08-23,S01,P12,1,8.00,微信
ORD103008,2026-05-21,S02,P07,2,44.00,微信
ORD111044,2026-07-14,S03,P12,1,8.00,微信
ORD114396,2026-08-06,S03,P19,1,15.00,微信
ORD117300,2026-08-26,S02,P06,1,45.00,支付宝
ORD106074,2026-06-11,S04,P10,2,48.00,现金
ORD117087,2026/8/24,S04,P10,1,24.00,支付宝
ORD105043,2026-06-04,S01,P13,1,20.00,支付宝
ORD115436,2026-08-13,S02,P18,1,18.00,现金
ORD111016,2026-07-14,S02,P06,3,135.00,会员储值
ORD114149,2026-08-04,S03,P11,1,26.00,现金
ORD115102,2026-08-10,S05,P05,2,68.00,会员储值
ORD117304,2026-08-26,S02,P04,1,38.00,会员储值
ORD103960,2026-05-27,S03,P09,1,18.00,支付宝
ORD109134,2026-07-01,S05,P19,2,30.00,现金
ORD112763,2026-07-26,S03,P02,2,60.00,现金
ORD101022,2026-05-07,S05,P03,1,26.00,支付宝
ORD117295,2026-08-26,S02,P14,2,20.00,微信
ORD109050,2026-07-01,S01,P01,1,32.00,银行卡
ORD117555,2026-08-28,S02,P04,2,76.00,银行卡
ORD114521,2026-08-07,s03,P08,2,50.00,微信
ORD104219,2026-05-29,S03,P08,1,25.00,会员储值
ORD107756,2026-06-22,S02,P04,1,38.00,会员储值
ORD107081,2026-06-18,S02,P06,3,87.00,微信
ORD111714,2026-07-19,S01,P14,1,10.00,会员储值
ORD111370,2026-07-16,S05,P13,1,20.00,银行卡
ORD113183,2026-07-29,S02,P06,3,135.00,支付宝
ORD109425,2026-07-04,S01,P15,1,6.00,支付宝
ORD117705,2026-08-29,S02,P04,2,76.00,现金
ORD101080,2026-05-08,S02,P15,1,6.00,银行卡
ORD107009,2026-06-17,S05,P08,1,25.00,现金
ORD107351,2026-06-20,S01,P02,2,60.00,支付宝
ORD113675,2026-08-01,S04,P03,1,26.00,微信
ORD115681,2026-08-15,S01,P02,1,30.00,现金
ORD116466,2026-08-20,S05,P01,3,96.00,银行卡
ORD115949,2026-08-16,S03,P04,2,76.00,微信
ORD114532,2026-08-07,S03,P06,1,45.00,会员储值
ORD106477,2026-06-14,S01,P09,1,18.00,支付宝
ORD116403,2026-08-20,S03,P08,2,50.00,会员储值
ORD115218,2026-08-11,S04,P08,1,25.00,会员储值
ORD107283,2026-06-19,S04,P03,3,78.00,银行卡
ORD109087,2026-07-01,S03,P08,1,25.00,会员储值
ORD100505,2026-05-03,S05,P02,1,30.00,银行卡
ORD110062,2026-07-07,S05,P20,1,22.00,支付宝
ORD117018,2026-08-24,S01,P02,1,30.00,微信
ORD104758,2026-06-01,S04,P17,1,12.00,会员储值
ORD113079,2026-07-28,S03,P08,1,25.00,支付宝
ORD115277,2026-08-12,S01,P02,1,30.00,银行卡
ORD111643,2026-07-18,S04,P17,1,12.00,会员储值
ORD114335,2026-08-05,S05,P11,1,26.00,会员储值
ORD112933,2026-07-27,S03,P09,3,54.00,微信
ORD113023,2026-07-28,S01,P10,3,72.00,微信
ORD114931,2026-08-09,S04,P18,1,18.00,银行卡
ORD110387,2026-07-10,S03,P08,1,25.00,现金
ORD107322,2026-06-19,S05,P13,2,40.00,银行卡
ORD102857,2026-05-19,S05,P10,2,48.00,会员储值
ORD103465,2026-05-24,S01,P14,2,20.00,银行卡
ORD104986,2026-06-03,S04,P10,2,48.00,银行卡
ORD100841,2026-05-06,S03,P05,2,68.00,微信
ORD113550,2026-08-01,S01,P15,1,6.00,银行卡
ORD109098,2026-07-01,S03,P18,1,18.00,银行卡
ORD101673,2026-05-11,S05,P12,1,8.00,微信
ORD110509,2026-07-11,S02,P10,3,72.00,支付宝
ORD115447,2026-08-13,S03,P21,1,16.00,会员储值
ORD107340,2026-06-20,S01,P00,1,32.00,现金
ORD103054,2026-05-21,S03,P07,1,22.00,会员储值
ORD108016,2026-06-24,S02,P06,1,42.00,现金
ORD116291,2026-08-19,S03,P21,1,16.00,现金
ORD106223,2026-06-12,S04,P10,1,24.00,支付宝
ORD109644,05-07-2026,S01,P19,1,15.00,会员储值
ORD118136,2026-08-31,S05,P07,1,22.00,微信
ORD108137,2026-06-25,S02,P01,1,32.00,银行卡
ORD105250,2026-06-05,S03,P16,2,10.00,现金
ORD108029,2026-06-24,S02,P18,2,36.00,支付宝
ORD110141,2026-07-08,S03,P18,1,18.00,支付宝
ORD117066,2026-08-24,S03,P17,1,12.00,会员储值
ORD108993,2026-06-30,S04,P18,2,36.00,会员储值
ORD101099,2026-05-08,S03,P07,1,22.00,现金
ORD107539,2026-06-21,S01,P17,1,12.00,会员储值
ORD115900,2026-08-16,S02,P16,1,5.00,现金
ORD104574,2026-05-31,S03,P07,1,22.00,微信
ORD109640,2026-07-05,S01,P01,2,64.00,支付宝
ORD107589,2026-06-21,S02,P05,2,68.00,银行卡
ORD110852,2026-07-13,S01,P05,1,34.00,支付宝
ORD103112,2026-05-22,S01,P02,2,60.00,会员储值
ORD107297,2026-06-19,S04,P16,1,-5.00,支付宝
ORD103553,2026-05-24,S04,P10,1,24.00,会员储值
ORD103978,2026-05-27,S04,P10,1,24.00,银行卡
ORD109300,2026-07-03,S01,P02,1,30.00,现金
ORD111686,2026-07-18,S05,P03,1,26.00,支付宝
ORD101286,2026-05-09,S04,P10,1,24.00,支付宝
ORD115005,2026-08-10,S01,P12,1,8.00,支付宝
ORD117417,2026-08-27,S02,P14,2,20.00,现金
ORD105044,2026-06-04,S01,P14,1,10.00,银行卡
ORD115389,2026-08-13,S01,P03,3,78.00,现金
ORD109446,2026-07-04,S01,P15,1,6.00,微信
ORD111601,2026-07-18,S03,P08,2,50.00,支付宝
ORD107408,2026-06-20,S03,P07,1,22.00,银行卡
ORD101142,2026-05-08,S05,P19,1,15.00,现金
ORD111102,2026-07-14,S05,P18,1,18.00,微信
ORD103799,2026-05-26,S02,P06,1,42.00,现金
ORD116851,2026-08-23,S02,P06,1,45.00,会员储值
ORD102214,2026-05-16,S01,P12,2,16.00,银行卡
ORD102316,2026-05-16,S03,P08,2,50.00,会员储值
ORD116934,2026-08-23,S04,P15,1,6.00,支付宝
ORD107415,2026-06-20,S03,P08,1,25.00,会员储值
ORD113051,2026-07-28,S02,P03,1,26.00,现金
ORD115871,2026/8/16,S01,P17,1,12.00,会员储值
ORD104793,2026-06-02,S01,P02,1,30.00,支付宝
ORD100082,2026-05-01,S04,P08,2,50.00,会员储值
ORD106212,2026-06-12,S04,P11,1,26.00,会员储值
ORD115520,2026-08-14,S01,P11,1,26.00,现金
ORD118117,2026-08-31,S04,P10,2,48.00,支付宝
ORD104897,2026-06-02,S05,P19,1,15.00,现金
ORD112218,2026-07-22,S03,P08,1,25.00,现金
ORD109013,2026-06-30,S05,P09,2,36.00,微信
ORD108382,2026-06-27,S01,P02,2,60.00,微信
ORD103921,2026-05-27,S02,P03,3,78.00,支付宝
ORD112343,2026-07-23,S02,P16,1,-5.00,银行卡
ORD116390,2026-08-20,S02,P18,2,36.00,会员储值
ORD107554,2026-06-21,S01,P03,1,26.00,银行卡
ORD111412,2026-07-17,S02,P05,0,34.00,现金
ORD115742,2026-08-15,S03,P07,1,22.00,会员储值
ORD116268,2026-08-19,S01,P02,1,30.00,支付宝
ORD106884,2026-06-16,S05,P08,1,25.00,会员储值
ORD117605,2026-08-28,S04,P99,1,5.00,现金
ORD117784,2026-08-29,S04,P14,1,10.00,银行卡
ORD103983,2026-05-27,S04,P10,2,48.00,微信
ORD104212,2026-05-29,S03,P17,1,12.00,微信
ORD112488,2026-07-25,S01,P09,3,54.00,银行卡
ORD102401,2026-05-16,S05,P18,1,18.00,会员储值
ORD107734,2026-06-22,S01,P03,3,78.00,支付宝
ORD104580,2026-05-31,S03,P20,2,44.00,微信
ORD103821,2026-05-26,S03,P06,2,84.00,银行卡
ORD117116,2026-08-24,S05,P03,1,26.00,会员储值
ORD115043,2026-08-10,S02,P05,1,34.00,现金
ORD109101,2026-07-01,S03,P14,1,10.00,支付宝
ORD113204,2026-07-29,S03,P17,1,12.00,银行卡
ORD112935,2026-07-27,S03,P10,1,24.00,支付宝
ORD102661,2026-05-18,S03,P18,1,18.00,支付宝
ORD103356,2026/5/23,S04,P03,1,,银行卡
ORD106181,2026-06-12,S02,P05,1,34.00,现金
ORD110175,2026-07-08,S05,P03,1,26.00,微信
ORD111309,2026-07-16,S03,P02,1,30.00,微信
ORD104746,2026-06-01,S04,P11,1,26.00,银行卡
ORD115299,2026-08-12,S02,P06,2,90.00,支付宝
ORD102628,2026-05-18,S01,P02,1,30.00,会员储值
ORD104120,2026-05-28,S05,P19,1,15.00,支付宝
ORD117824,2026-08-29,S05,P09,1,18.00,现金
ORD100881,2026-05-06,S04,P10,1,24.00,会员储值
ORD111555,2026-07-18,S02,P05,1,34.00,现金
ORD102692,2026-05-18,S04,P11,2,52.00,支付宝
ORD108616,2026-06-28,S02,P06,1,42.00,现金
ORD109115,2026-07-01,S04,P02,2,60.00,支付宝
ORD117937,2026-08-30,S03,P02,1,30.00,银行卡
ORD114128,2026-08-04,S03,P03,1,26.00,现金
ORD101488,2026/5/10,S04,P05,1,34.00,会员储值
ORD107905,2026-06-23,S03,P01,1,32.00,微信
ORD100822,2026-05-06,S02,P19,3,45.00,现金
ORD115604,2026-08-14,S04,P21,2,32.00,银行卡
ORD104900,2026-06-02,S05,P17,1,12.00,现金
ORD115689,2026-08-15,S02,P06,1,45.00,支付宝
ORD111966,2026-07-20,S03,P03,2,52.00,银行卡
ORD117615,2026-08-28,S05,P14,1,10.00,会员储值
ORD102028,2026-05-14,S04,P11,1,26.00,银行卡
ORD103290,2026-05-23,S02,P18,2,36.00,支付宝
ORD107690,2026-06-21,S05,P04,3,114.00,银行卡
ORD109909,2026-07-06,S04,P06,3,135.00,银行卡
ORD106586,2026-06-14,S04,P10,1,24.00,现金
ORD106713,2026-06-15,S03,P05,1,34.00,银行卡
ORD102183,2026-05-15,S04,P13,3,60.00,会员储值
ORD105110,2026-06-04,S03,P08,1,25.00,银行卡
ORD116242,2026-08-18,S05,P21,3,48.00,现金
ORD111221,2026-07-15,S05,P19,1,15.00,会员储值
ORD110608,2026-07-11,S04,P17,1,12.00,支付宝
ORD107658,2026-06-21,S04,P10,1,24.00,银行卡
ORD112285,2026-07-22,S05,P02,1,30.00,微信
ORD108907,2026-06-30,S01,P09,1,18.00,现金
ORD117938,2026-08-30,S03,P11,2,52.00,会员储值
ORD102557,2026-05-17,S04,P09,2,36.00,微信
ORD117619,2026-08-28,S05,P07,2,44.00,会员储值
ORD109732,2026-07-05,S03,P08,2,50.00,支付宝
ORD113432,2026-07-31,S02,P05,2,68.00,银行卡
ORD112832,2026-07-26,S04,P10,1,24.00,支付宝
ORD113116,2026-07-28,S05,P11,1,26.00,会员储值
ORD115498,2026-08-13,S05,P01,1,32.00,微信
ORD103380,2026-05-23,S04,P14,2,20.00,支付宝
ORD104932,2026-06-03,S01,P12,2,16.00,会员储值
ORD117517,2026-08-28,S01,P20,3,66.00,支付宝
ORD101291,2026-05-09,S04,P15,1,6.00,银行卡
ORD105863,2026-06-09,S02,P16,2,10.00,微信
ORD113213,2026-07-29,S03,P12,1,8.00,微信
ORD114605,2026-08-08,S01,P19,1,15.00,会员储值
ORD106166,2026-06-12,S02,P04,2,76.00,支付宝
ORD110910,2026-07-13,S03,P08,1,25.00,会员储值
ORD109974,2026-07-07,S02,P06,3,135.00,会员储值
ORD103237,2026-05-23,S01,P10,2,48.00,支付宝
ORD116761,2026-08-22,S05,P18,1,18.00,支付宝
ORD102648,2026-05-18,S02,P05,1,34.00,会员储值
ORD107999,2026-06-24,S01,P03,1,26.00,银行卡
ORD101884,2026-05-13,S03,P15,3,18.00,会员储值
ORD113947,2026-08-03,S01,P01,1,32.00,支付宝
ORD104323,2026-05-30,S02,P04,3,114.00,支付宝
ORD113216,2026-07-29,S03,P09,2,36.00,会员储值
ORD100748,2026-05-05,S04,P10,1,24.00,支付宝
ORD105045,2026-06-04,S01,P15,1,6.00,现金
ORD104776,2026-06-01,S05,P12,1,8.00,银行卡
ORD107516,2026-06-20,S05,P05,2,68.00,会员储值
ORD104151,2026-05-29,S01,P19,1,15.00,银行卡
ORD116686,2026-08-22,S02,P14,1,10.00,支付宝
ORD109675,2026-07-06,S02,P12,1,-8.00,支付宝
ORD106584,2026-06-14,S04,P13,1,20.00,银行卡
ORD116495,2026-08-21,S01,P02,1,30.00,现金
ORD106326,2026-06-13,S02,P04,1,38.00,支付宝
ORD113144,2026-07-29,S01,P02,1,30.00,会员储值
ORD100117,2026-05-01,S05,P19,2,30.00,会员储值
ORD111948,2026-07-20,S02,P04,2,76.00,支付宝
ORD112692,2026-07-26,S01,P06,1,45.00,微信
ORD116781,2026-08-22,S05,P20,1,22.00,会员储值
ORD105646,2026-06-07,S04,P02,1,30.00,微信
ORD112735,2026-07-26,S02,P10,2,48.00,现金
ORD110463,2026-07-11,S01,P15,1,6.00,银行卡
ORD100469,2026-05-03,S04,P10,1,24.00,银行卡
ORD113224,2026-07-29,S04,P03,1,26.00,微信
ORD105325,2026-06-06,S01,P16,1,5.00,支付宝
ORD102574,2026-05-17,S05,P03,1,26.00,会员储值
ORD100573,2026-05-04,S02,P04,3,114.00,银行卡
ORD100424,2026-05-03,S03,P07,1,22.00,支付宝
ORD112178,2026-07-22,S01,P05,1,34.00,现金
ORD115125,2026-08-11,S01,P13,1,20.00,支付宝
ORD100491,2026-05-03,S05,P20,1,22.00,会员储值
ORD103992,2026-05-27,S05,P15,2,12.00,银行卡
ORD106603,2026-06-14,S04,P11,1,26.00,现金
ORD101429,2026-05-10,S02,P05,1,34.00,会员储值
ORD105289,2026-06-05,S05,P18,1,18.00,支付宝
ORD100784,2026-05-06,S01,P08,2,50.00,现金
ORD111487,2026-07-17,S05,P10,1,24.00,银行卡
ORD111089,2026-07-14,S05,P05,3,102.00,会员储值
ORD110152,2026-07-08,S04,P13,1,20.00,微信
ORD106743,2026-06-15,S05,P10,2,48.00,银行卡
ORD116964,2026-08-23,S05,P07,3,66.00,现金
ORD109040,2026-07-01,S01,P15,2,12.00,支付宝
ORD109816,2026-07-06,S01,P08,2,50.00,银行卡
ORD108011,2026-06-24,S02,P04,1,38.00,微信
ORD109107,2026-07-01,S03,P09,3,54.00,微信
ORD111423,2026-07-17,S02,P03,1,26.00,现金
ORD109196,2026-07-02,S02,P05,1,34.00,现金
ORD115945,2026-08-16,S03,P02,2,60.00,现金
ORD111348,2026-07-16,S05,P07,1,22.00,会员储值
ORD101323,2026-05-09,S05,P10,2,48.00,支付宝
ORD109881,2026-07-06,S03,P07,1,22.00,会员储值
ORD112326,2026-07-23,S02,P03,1,26.00,现金
ORD100241,2026-05-02,S03,P08,3,75.00,微信
ORD110314,2026-07-09,S05,P03,1,26.00,会员储值
ORD101006,2026-05-07,S04,P10,2,48.00,会员储值
ORD101577,2026-05-11,S01,P01,3,96.00,现金
ORD109929,2026-07-06,S05,P07,2,44.00,支付宝
ORD110231,2026-07-09,S02,P06,1,45.00,现金
ORD108411,2026-06-27,S02,P14,2,20.00,会员储值
ORD104751,2026-06-01,S04,P11,1,26.00,微信
ORD114291,2026-08-05,S04,P10,1,24.00,银行卡
ORD112461,2026-07-24,S03,P14,1,10.00,会员储值
ORD113061,2026-07-28,S03,P09,1,18.00,微信
ORD106681,2026-06-15,S02,P04,1,38.00,支付宝
ORD106958,2026-06-17,S03,P09,1,18.00,支付宝
ORD108785,2026-06-29,S01,P20,2,44.00,支付宝
ORD117776,2026-08-29,S04,P10,2,48.00,微信
ORD107300,2026-06-19,S04,P07,2,44.00,现金
ORD106335,2026-06-13,S02,P04,2,76.00,会员储值
ORD112783,2026-07-26,S03,P07,3,66.00,现金
ORD102964,2026-05-20,S05,P20,2,44.00,微信
ORD108186,2026-06-25,S04,P10,1,24.00,银行卡
ORD103677,2026-05-25,S03,P14,1,10.00,现金
ORD113982,2026-08-03,S02,P04,1,38.00,微信
ORD105540,2026-06-07,S01,P05,2,68.00,会员储值
ORD111130,2026-07-15,S01,P02,1,30.00,会员储值
ORD114642,2026-08-08,S02,P17,1,12.00,支付宝
ORD114407,2026-08-06,S03,P21,1,16.00,银行卡
ORD106204,2026-06-12,S03,P13,2,40.00,会员储值
ORD102107,2026-05-15,S01,P16,2,10.00,微信
ORD107284,2026-06-19,S04,P18,2,36.00,微信
ORD110587,2026-07-11,S04,P11,1,26.00,银行卡
ORD104703,2026-06-01,S02,P05,1,34.00,支付宝
ORD106352,2026-06-13,S03,P07,2,44.00,银行卡
ORD102244,2026-05-16,S01,P02,1,30.00,银行卡
ORD105920,2026-06-09,S05,P11,1,26.00,银行卡
ORD103942,2026-05-27,S03,P09,1,18.00,银行卡
ORD108764,2026-06-28,S05,P05,2,68.00,会员储值
ORD102611,2026-05-18,S01,P01,1,32.00,微信
ORD108208,2026-06-25,S05,P08,1,25.00,会员储值
ORD108873,2026-06-29,S05,P02,2,60.00,银行卡
ORD115921,2026-08-16,S03,P11,3,   ,银行卡
ORD100508,2026-05-03,S05,P05,2,68.00,银行卡
ORD103127,2026-05-22,S01,P04,2,76.00,现金
ORD102850,2026-05-19,S05,P20,1,22.00,银行卡
ORD116596,2026-08-21,S05,P21,2,32.00,会员储值
ORD116125,2026-08-17,S05,P01,1,32.00,支付宝
ORD109247,2026-07-02,S04,P19,2,30.00,微信
ORD102282,2026-05-16,S02,P04,1,38.00,会员储值
ORD100574,2026-05-04,S02,P04,1,38.00,微信
ORD111222,2026-07-15,S05,P07,1,22.00,支付宝
ORD105310,05-06-2026,S05,P99,1,32.00,银行卡
ORD100015,2026-05-01,S01,P02,3,90.00,现金
ORD117962,2026-08-30,S04,P06,1,45.00,微信
ORD106568,2026-06-14,S04,P08,2,50.00,现金
ORD116069,2026-08-17,S03,P08,1,25.00,会员储值
ORD115181,2026-08-11,S03,P08,1,25.00,会员储值
ORD117245,2026-08-25,S05,P10,1,24.00,现金
ORD114012,2026-08-03,S03,P09,1,18.00,会员储值
ORD109026,2026-06-30,S05,P15,1,6.00,微信
ORD103871,2026-05-26,S05,P20,1,22.00,支付宝
ORD107232,2026-06-19,S02,P04,1,38.00,微信
ORD115173,2026-08-11,S02,P05,1,34.00,会员储值
ORD107258,2026-06-19,S03,P08,2,50.00,支付宝
ORD103965,2026-05-27,S04,P07,2,44.00,现金
ORD104871,2026-06-02,S04,P18,1,18.00,会员储值
ORD110171,2026-07-08,S05,P09,2,36.00,支付宝
ORD109400,2026-07-03,S05,P17,1,12.00,银行卡
ORD116505,2026-08-21,S02,P04,2,76.00,微信
ORD117831,2026-08-29,S05,P21,1,16.00,微信
ORD104760,2026-06-01,S05,P19,1,15.00,会员储值
ORD111553,2026-07-18,S02,P06,2,90.00,现金
ORD105449,2026-06-06,S04,P11,1,26.00,会员储值
ORD113463,2026-07-31,S03,P05,3,102.00,微信
ORD113509,2026-07-31,S04,P10,2,48.00,微信
ORD117899,2026-08-30,S02,P21,1,16.00,现金
ORD115605,2026-08-14,S04,P17,1,12.00,会员储值
ORD110606,2026-07-11,S04,P16,2,10.00,支付宝
ORD100698,2026-05-05,S02,P04,1,38.00,银行卡
ORD112440,2026-07-24,S01,P09,1,18.00,现金
ORD105829,2026-06-09,S01,P04,2,76.00,现金
ORD112095,2026-07-21,S03,P08,3,75.00,现金
ORD103637,2026-05-25,S01,P01,1,32.00,支付宝
ORD103024,2026-05-21,S02,P06,1,42.00,支付宝
ORD103474,2026-05-24,S02,P16,1,5.00,微信
ORD107764,2026-06-22,S02,P05,1,34.00,支付宝
ORD105347,2026-06-06,S01,P18,1,18.00,银行卡
ORD116365,2026-08-20,S01,P14,1,10.00,微信
ORD108654,2026-06-28,S03,P03,3,78.00,银行卡
ORD113857,2026-08-02,S03,P15,2,,会员储值
ORD115390,2026-08-13,S01,P12,2,16.00,会员储值
ORD105536,2026-06-07,S01,P02,1,30.00,银行卡
ORD105706,2026-06-07,S05,P20,1,22.00,支付宝
ORD104238,2026-05-29,S04,P10,2,48.00,支付宝
ORD112971,2026-07-27,S04,P10,1,24.00,支付宝
ORD107890,2026-06-23,S02,P02,1,30.00,现金
ORD115599,2026/8/14,S04,P13,3,60.00,会员储值
ORD116072,2026-08-17,S03,P08,1,25.00,银行卡
ORD100004,2026-05-01,S01,P05,2,68.00,微信
ORD100007,2026-05-01,S01,P16,1,5.00,银行卡
ORD104710,2026-06-01,S03,P07,1,22.00,微信
ORD114514,2026-08-07,S02,P17,2,24.00,支付宝
ORD104916,2026-06-03,S01,P01,1,32.00,支付宝
ORD117850,2026-08-30,S01,P19,1,15.00,银行卡
ORD117637,2026-08-28,S05,P01,2,64.00,微信
ORD105271,2026-06-05,S04,P16,1,5.00,会员储值
ORD110834,2026-07-12,S05,P18,3,54.00,银行卡
ORD113095,2026-07-28,S04,P07,1,22.00,现金
ORD106068,2026/6/11,S02,P04,1,,支付宝
ORD108860,2026-06-29,S04,P11,1,26.00,现金
ORD103235,2026-05-23,S01,P15,2,12.00,支付宝
ORD114139,2026-08-04,S03,P09,1,18.00,现金
ORD114350,2026-08-06,S01,P17,1,12.00,现金
ORD114536,2026-08-07,S03,P07,2,44.00,现金
ORD101665,2026-05-11,S05,P03,1,26.00,会员储值
ORD106073,2026-06-11,S04,P10,2,48.00,微信
ORD113943,2026-08-03,S01,P06,1,45.00,会员储值
ORD112301,2026-07-23,S01,P01,1,32.00,微信
ORD112421,2026-07-23,S05,P09,1,18.00,现金
ORD110966,2026-07-13,S05,P12,1,8.00,支付宝
ORD112194,2026-07-22,S02,P01,1,32.00,现金
ORD102861,2026-05-20,S01,P02,1,30.00,现金
ORD108408,2026-06-27,S02,P17,2,24.00,银行卡
ORD106310,2026-06-13,S02,P04,2,76.00,银行卡
ORD103273,2026-05-23,S02,P11,1,26.00,现金
ORD114964,2026-08-09,S05,P19,3,45.00,银行卡
ORD115239,2026-08-11,S05,P15,1,6.00,微信
ORD101062,2026-05-08,S02,P04,1,38.00,微信
ORD111694,2026-07-18,S05,P03,1,26.00,现金
ORD106202,2026-06-12,S03,P01,2,64.00,支付宝
ORD106771,2026-06-16,S01,P01,1,32.00,微信
ORD103918,2026-05-27,S02,P16,1,5.00,银行卡
ORD117400,2026-08-27,S01,P14,1,10.00,会员储值
ORD104880,2026-06-02,S04,P07,2,44.00,微信
ORD105120,2026-06-04,S03,P19,2,30.00,支付宝
ORD107237,2026-06-19,S02,P06,2,84.00,微信
ORD108753,2026-06-28,S05,P10,2,48.00,微信
ORD111812,2026-07-19,S03,P07,1,22.00,微信
ORD113501,2026-07-31,S04,P10,2,48.00,会员储值
ORD113478,2026-07-31,S03,P19,2,30.00,微信
ORD111204,2026-07-15,S04,P11,1,26.00,支付宝
ORD106049,2026-06-11,S02,P13,1,20.00,银行卡
ORD117160,2026-08-25,S02,P14,1,10.00,现金
ORD104050,2026-05-28,S02,P07,1,22.00,微信
ORD100305,2026-05-02,S05,P05,1,34.00,支付宝
ORD106426,13-06-2026,S05,P03,1,26.00,支付宝
ORD114358,2026-08-06,S01,P21,2,32.00,现金
ORD105500,2026-06-06,S05,P05,1,34.00,银行卡
ORD106235,2026-06-12,S04,P14,1,10.00,会员储值
ORD104812,2026-06-02,S02,P14,2,20.00,银行卡
ORD106500,2026-06-14,S02,P06,1,42.00,会员储值
ORD112484,24-07-2026,S05,P06,1,45.00,会员储值
ORD100326,2026-05-03,S01,P11,1,26.00,会员储值
ORD109398,2026-07-03,S05,P09,1,18.00,现金
ORD107827,2026-06-22,S05,P07,3,66.00,现金
ORD112057,2026-07-21,S02,P04,2,76.00,微信
ORD111595,2026-07-18,S03,P02,1,30.00,现金
ORD114983,2026-08-09,S05,P09,1,18.00,支付宝
ORD111963,2026-07-20,S03,P04,2,76.00,支付宝
ORD106390,2026-06-13,S04,P20,1,22.00,会员储值
ORD117693,2026-08-29,S02,P04,1,38.00,会员储值
ORD105004,2026-06-03,S04,P13,1,20.00,现金
ORD112827,2026-07-26,S04,P19,1,15.00,微信
ORD100328,2026-05-03,S01,P02,1,30.00,微信
ORD117464,2026-08-27,S03,P03,1,26.00,会员储值
ORD104038,2026-05-28,S01,P02,2,60.00,现金
ORD100345,2026-05-03,S01,P18,3,54.00,支付宝
ORD104016,2026-05-28,S01,P17,3,36.00,现金
ORD104317,2026-05-30,S02,P03,1,26.00,现金
ORD110443,2026-07-10,S05,P20,2,44.00,微信
ORD111684,2026-07-18,S05,P11,1,¥26.00,会员储值
ORD106968,2026-06-17,S04,P18,2,36.00,银行卡
ORD112938,2026-07-27,S03,P02,1,30.00,现金
ORD109666,2026-07-05,S02,P20,2,44.00,会员储值
ORD111459,2026-07-17,S04,P03,3,78.00,支付宝
ORD101059,2026-05-08,S02,P05,1,34.00,银行卡
ORD116152,2026-08-18,S01,P01,1,32.00,支付宝
ORD101898,2026-05-13,S04,P10,1,24.00,支付宝
ORD109019,2026-06-30,S05,P01,2,64.00,现金
ORD116502,2026-08-21,S01,P06,1,45.00,银行卡
ORD117957,2026-08-30,S04,P03,2,52.00,会员储值
ORD113866,2026-08-02,S04,P10,2,48.00,现金
ORD110725,2026-07-12,S03,P09,1,18.00,支付宝
ORD109200,2026-07-02,S02,P09,1,18.00,会员储值
ORD103705,2026-05-25,S04,P18,1,18.00,支付宝
ORD103459,2026-05-24,S01,P01,2,64.00,银行卡
ORD103420,2026-05-23,S05,P03,1,26.00,支付宝
ORD101903,2026-05-13,S04,P01,1,32.00,会员储值
ORD106058,2026-06-11,S02,P14,2,20.00,微信
ORD102469,2026-05-17,S02,P18,2,36.00,会员储值
ORD112010,2026-07-20,S05,P03,1,26.00,支付宝
ORD113030,2026-07-28,S01,P01,3,96.00,支付宝
ORD116585,2026-08-21,S05,P03,2,52.00,支付宝
ORD104412,2026-05-30,S04,P10,3,72.00,微信
ORD117764,2026-08-29,S04,P10,2,48.00,银行卡
ORD109815,2026-07-06,S01,P17,1,12.00,支付宝
ORD115677,2026-08-15,S01,P01,2,64.00,支付宝
ORD116169,2026-08-18,S01,P18,1,18.00,银行卡
ORD104438,2026-05-30,S05,P03,1,26.00,支付宝
ORD112199,2026-07-22,S02,P04,1,38.00,现金
ORD112069,2026-07-21,S02,P02,1,30.00,会员储值
ORD110521,2026-07-11,S02,P06,1,45.00,现金
ORD103995,2026-05-27,S05,P05,2,68.00,银行卡
ORD115335,2026-08-12,S04,P14,2,20.00,现金
ORD103729,2026-05-25,S05,P01,2,64.00,现金
ORD110913,2026-07-13,S03,P09,2,36.00,银行卡
ORD112179,2026-07-22,S01,P13,1,20.00,支付宝
ORD111296,2026-07-16,S03,P08,1,25.00,现金
ORD100115,2026-05-01,S05,P05,2,68.00,微信
ORD100730,2026-05-05,S04,P10,1,24.00,现金
ORD106880,2026-06-16,S05,P20,2,44.00,支付宝
ORD111767,2026-07-19,S02,P14,1,10.00,现金
ORD107425,2026/6/20,S03,P07,3,,会员储值
ORD111550,2026-07-18,S02,P04,1,38.00,会员储值
ORD112563,2026-07-25,S03,P07,1,22.00,微信
ORD110260,2026-07-09,S03,P09,1,18.00,会员储值
ORD106250,2026-06-12,S05,P13,1,20.00,微信
ORD116521,2026-08-21,S02,P21,1,16.00,银行卡
ORD108959,2026-06-30,S03,P01,2,64.00,支付宝
ORD103441,2026-05-24,S01,P01,2,64.00,现金
ORD115897,2026-08-16,S02,P05,1,34.00,现金
ORD115804,2026-08-15,S04,P10,2,48.00,银行卡
ORD102369,2026-05-16,S04,P16,1,5.00,会员储值
ORD117936,2026-08-30,S03,P09,2,36.00,银行卡
ORD114658,2026-08-08,S02,P04,1,38.00,微信
ORD103567,2026-05-24,S04,P03,2,52.00,支付宝
ORD104896,2026-06-02,S05,P11,1,26.00,支付宝
ORD111147,2026-07-15,S02,P06,1,45.00,现金
ORD108587,2026-06-28,S01,P02,2,60.00,现金
ORD105954,2026-06-10,S02,P06,1,42.00,支付宝
ORD103697,2026-05-25,S04,P15,1,6.00,支付宝
ORD114570,2026-08-07,S05,P03,2,52.00,银行卡
ORD118150,2026-08-31,S05,P03,1,26.00,银行卡
ORD109502,2026-07-04,S02,P17,1,12.00,微信
ORD116669,2026-08-22,S02,P05,2,68.00,微信
ORD108406,2026-06-27,S02,P17,1,12.00,微信
ORD111310,2026-07-16,S03,P19,1,15.00,微信
ORD100187,2026-05-02,S02,P05,2,68.00,支付宝
ORD114399,2026-08-06,S03,P07,1,22.00,银行卡
ORD113762,2026-08-02,S01,P21,2,32.00,银行卡
ORD106729,2026-06-15,S04,P05,2,68.00,现金
ORD116493,2026-08-21,S01,P02,1,30.00,现金
ORD107943,2026-06-23,S04,P07,1,22.00,支付宝
ORD106818,2026-06-16,S03,P01,3,96.00,现金
ORD115805,2026-08-15,S04,P21,1,16.00,现金
ORD111271,2026-07-16,S02,P05,1,34.00,微信
ORD105656,2026-06-07,S04,P11,1,26.00,现金
ORD105578,2026-06-07,S02,P06,1,42.00,会员储值
ORD101087,2026-05-08,S03,P02,2,60.00,现金
ORD106158,2026-06-12,S02,P15,1,6.00,现金
ORD117573,2026-08-28,S03,P08,2,50.00,银行卡
ORD107195,2026-06-18,S05,P09,1,18.00,会员储值
ORD108054,2026-06-24,S03,P08,1,25.00,现金
ORD111796,2026-07-19,S03,P14,1,10.00,支付宝
ORD110811,2026-07-12,S05,P02,1,30.00,银行卡
ORD112706,2026-07-26,S01,P13,1,20.00,现金
ORD117466,2026-08-27,S04,P10,2,48.00,现金
ORD104154,2026-05-29,S01,P04,3,114.00,支付宝
ORD113308,2026-07-30,S02,P05,1,34.00,会员储值
ORD110838,2026-07-12,S05,P03,3,78.00,会员储值
ORD117294,2026-08-26,S02,P06,1,45.00,微信
ORD117166,2026-08-25,S02,P20,2,44.00,支付宝
ORD109706,2026-07-05,S03,P09,1,18.00,微信
ORD112516,2026-07-25,S01,P02,1,30.00,微信
ORD108885,2026-06-29,S05,P14,1,10.00,银行卡
ORD103987,2026-05-27,S05,P06,2,84.00,会员储值
ORD103624,2026-05-24,S05,P08,1,25.00,微信
ORD115275,2026-08-12,S01,P13,1,20.00,现金
ORD100533,2026-05-04,S01,P02,1,30.00,现金
ORD106849,2026-06-16,S04,P11,2,52.00,会员储值
ORD116583,2026-08-21,S05,P19,1,15.00,银行卡
ORD113661,2026-08-01,S04,P03,1,26.00,会员储值
ORD104881,2026-06-02,S04,P18,2,36.00,微信
ORD101795,2026-05-12,S05,P19,2,30.00,现金
ORD107781,2026-06-22,S03,P20,2,44.00,支付宝
ORD108499,2026-06-27,S04,P11,1,26.00,会员储值
ORD112886,2026-07-27,S01,P01,2,64.00,银行卡
ORD104301,2026-05-30,S01,P17,1,12.00,支付宝
ORD104426,2026-05-30,S04,P10,3,72.00,支付宝
ORD106446,2026-06-13,S05,P19,2,30.00,银行卡
ORD108057,2026-06-24,S04,P10,1,24.00,现金
ORD117318,2026-08-26,S03,P08,3,75.00,支付宝
ORD100236,2026-05-02,S03,P08,3,75.00,支付宝
ORD110280,2026-07-09,S04,P16,1,5.00,会员储值
ORD102189,2026-05-15,S04,P11,1,26.00,支付宝
ORD109213,2026-07-02,S03,P02,1,30.00,会员储值
ORD112331,2026-07-23,S02,P06,1,45.00,支付宝
ORD115844,2026-08-16,S01,P01,1,32.00,微信
ORD109570,2026-07-04,S04,P10,1,24.00,会员储值
ORD113667,2026-08-01,S04,P21,1,16.00,现金
ORD111366,2026-07-16,S05,P04,1,38.00,微信
ORD116084,2026-08-17,S03,P07,3,66.00,微信
ORD102683,2026-05-18,S04,P10,1,24.00,微信
ORD109241,2026-07-02,S04,P11,1,26.00,现金
ORD102355,2026-05-16,S04,P18,3,,会员储值
ORD115191,2026-08-11,S03,P17,1,12.00,支付宝
ORD104779,2026-06-01,S05,P19,2,30.00,现金
ORD116731,2026-08-22,S04,P07,1,22.00,现金
ORD112249,2026-07-22,S04,P11,1,26.00,支付宝
ORD103442,2026-05-24,S01,P15,1,6.00,现金
ORD114947,2026-08-09,S04,P10,2,48.00,支付宝
ORD103471,2026-05-24,S02,P05,3,102.00,支付宝
ORD101639,2026-05-11,S04,P11,1,26.00,支付宝
ORD114346,2026-08-06,S01,P13,1,20.00,支付宝
ORD109659,2026-07-05,S02,P06,1,45.00,会员储值
ORD111367,2026-07-16,S05,P09,1,18.00,微信
ORD117921,2026-08-30,S03,P17,1,12.00,现金
ORD108642,2026-06-28,S02,P10,1,24.00,银行卡
ORD101951,2026-05-13,S05,P19,1,15.00,会员储值
ORD108952,2026-06-30,S03,P07,2,44.00,会员储值
ORD113084,2026-07-28,S03,P08,1,25.00,支付宝
ORD102212,2026-05-15,S05,P19,1,15.00,银行卡
ORD101071,2026-05-08,S02,P04,1,38.00,会员储值
ORD104546,2026-05-31,S02,P06,1,42.00,银行卡
ORD104214,2026-05-29,S03,P08,2,50.00,会员储值
ORD113320,2026-07-30,S02,P03,3,78.00,会员储值
ORD100386,2026-05-03,S02,P06,1,42.00,支付宝
ORD116088,2026-08-17,S03,P17,3,36.00,支付宝
ORD104977,2026-06-03,S03,P07,1,22.00,会员储值
ORD116772,2026-08-22,S05,P20,1,22.00,微信
ORD108996,2026-06-30,S04,P12,1,8.00,微信
ORD110021,2026-07-07,S04,P10,1,24.00,微信
ORD114304,2026-08-05,S04,P08,2,50.00,微信
ORD101100,2026-05-08,S03,P08,1,25.00,支付宝
ORD112844,2026-07-26,S05,P16,1,5.00,银行卡
ORD108263,2026-06-26,S02,P06,1,42.00,会员储值
ORD108196,2026-06-25,S04,P20,2,44.00,会员储值
ORD110659,2026-07-12,S01,P02,1,30.00,微信
ORD105019,2026-06-03,S05,P05,2,68.00,现金
ORD102447,2026-05-17,S01,P02,2,60.00,银行卡
ORD100688,2026-05-05,S02,P02,1,30.00,现金
ORD117399,2026-08-27,S01,P02,2,60.00,现金
ORD100167,2026-05-02,S02,P04,1,38.00,支付宝
ORD113753,2026-08-02,S01,P21,3,48.00,现金
ORD117529,2026-08-28,S01,P13,2,40.00,会员储值
ORD117628,2026-08-28,S05,P19,2,30.00,银行卡
ORD106330,2026-06-13,S02,P06,2,84.00,微信
ORD117299,2026/8/26,S02,P16,2,,现金
ORD105676,2026-06-07,S05,P03,1,26.00,现金
ORD103478,2026-05-24,S02,P14,1,10.00,微信
ORD115238,2026-08-11,S05,P21,1,16.00,支付宝
ORD100175,2026-05-02,S02,P06,1,42.00,银行卡
ORD105759,2026-06-08,S02,P12,1,8.00,支付宝
ORD111128,2026-07-15,S01,P15,1,6.00,银行卡
ORD100456,2026-05-03,S04,P03,1,26.00,微信
ORD117942,2026-08-30,S03,P12,1,8.00,现金
ORD114320,2026-08-05,S05,P21,3,48.00,现金
ORD100708,2026-05-05,S03,P08,1,25.00,会员储值
ORD107808,2026-06-22,S04,P16,0,10.00,银行卡
ORD107659,2026-06-21,S04,P10,1,24.00,银行卡
ORD113474,2026-07-31,S03,P08,1,25.00,会员储值
ORD102933,2026-05-20,S04,P11,2,52.00,会员储值
ORD104204,2026-05-29,S03,P09,1,18.00,支付宝
ORD112076,2026-07-21,S02,P19,1,15.00,支付宝
ORD112611,2026-07-25,S04,P16,1,5.00,会员储值
ORD109458,2026-07-04,S01,P15,1,6.00,现金
ORD112916,2026-07-27,S02,P06,2,90.00,银行卡
ORD105340,2026-06-06,S01,P12,3,24.00,会员储值
ORD107141,2026-06-18,S03,P18,1,18.00,现金
ORD101832,2026-05-13,S01,P02,1,30.00,微信
ORD113091,2026-07-28,S04,P13,2,40.00,现金
ORD114005,2026-08-03,S03,P21,2,32.00,现金
ORD112469,2026-07-24,S04,P11,1,26.00,会员储值
ORD101660,2026-05-11,S05,P06,1,42.00,会员储值
ORD111085,2026-07-14,S04,P16,2,10.00,支付宝
ORD104445,2026-05-30,S05,P20,1,22.00,银行卡
ORD107380,2026-06-20,S02,P09,1,18.00,现金
ORD104694,2026-06-01,S02,P05,1,34.00,支付宝
ORD107065,2026-06-18,S02,P04,1,38.00,银行卡
ORD113087,2026-07-28,S04,P10,1,24.00,会员储值
ORD117840,2026-08-29,S05,P01,1,32.00,支付宝
ORD111589,2026-07-18,S03,P07,2,44.00,会员储值
ORD110516,2026-07-11,S02,P16,1,5.00,会员储值
ORD110967,2026-07-13,S05,P04,2,76.00,现金
ORD100083,2026-05-01,S04,P10,1,24.00,微信
ORD108431,2026-06-27,S02,P02,1,30.00,支付宝
ORD108901,2026-06-30,S01,P01,3,96.00,支付宝
ORD115913,2026-08-16,S02,P05,1,34.00,支付宝
ORD106871,2026-06-16,S05,P18,2,36.00,微信
ORD116565,2026-08-21,S04,P03,1,26.00,会员储值
ORD112776,2026-07-26,S03,P07,1,22.00,会员储值
ORD104677,2026-06-01,S01,P01,1,32.00,支付宝
ORD105846,2026-06-09,S02,P19,2,30.00,支付宝
ORD106848,2026/6/16,S04,P11,1,26.00,会员储值
ORD108950,2026-06-30,S03,P18,1,18.00,微信
ORD107358,2026-06-20,S01,P12,1,,会员储值
ORD100120,2026-05-01,S05,P03,2,52.00,现金
ORD101316,2026-05-09,S04,P11,3,78.00,银行卡
ORD103483,2026-05-24,S02,P05,1,34.00,支付宝
ORD100701,2026-05-05,S02,P09,3,54.00,会员储值
ORD107201,2026-06-19,S01,P01,2,64.00,微信
ORD112429,2026-07-23,S05,P03,1,26.00,银行卡
ORD112829,2026-07-26,S04,P11,2,52.00,支付宝
ORD114814,2026-08-09,S01,P21,1,16.00,支付宝
ORD101422,2026-05-10,S02,P05,1,34.00,银行卡
ORD103488,2026-05-24,S02,P04,2,76.00,微信
ORD117378,2026-08-26,S05,P03,2,¥ 52.00,微信
ORD107932,2026-06-23,S04,P10,2,48.00,现金
ORD109360,2026-07-03,S03,P17,1,12.00,会员储值
ORD107501,2026-06-20,S05,P20,2,44.00,现金
ORD100727,2026-05-05,S04,P12,2,16.00,支付宝
ORD110177,2026-07-08,S05,P01,2,64.00,会员储值
ORD108335,2026-06-26,S04,P18,2,36.00,支付宝
ORD115976,2026-08-16,S04,P05,1,34.00,现金
ORD103227,2026-05-22,S05,P19,2,30.00,会员储值
ORD111112,2026-07-14,S05,P05,1,34.00,微信
ORD103048,2026-05-21,S03,P09,1,18.00,微信
ORD102723,2026-05-18,S05,P06,2,84.00,微信
ORD110066,07-07-2026,S05,P15,1,6.00,支付宝
ORD109497,2026-07-04,S02,P18,2,36.00,银行卡
ORD104278,2026-05-30,S01,P01,1,32.00,支付宝
ORD101097,2026-05-08,S03,P16,3,15.00,会员储值
ORD109826,2026-07-06,S01,P01,1,32.00,支付宝
ORD116753,2026-08-22,S04,P20,1,22.00,现金
ORD111356,2026-07-16,S05,P16,2,10.00,银行卡
ORD100251,2026-05-02,S04,P10,1,24.00,现金
ORD113955,2026-08-03,S01,P01,2,64.00,支付宝
ORD102402,2026-05-16,S05,P11,2,52.00,会员储值
ORD111759,2026-07-19,S02,P02,1,30.00,银行卡
ORD101697,2026-05-12,S01,P01,2,64.00,微信
ORD101007,2026-05-07,S05,P20,2,44.00,现金
ORD117790,2026-08-29,S04,P13,1,20.00,银行卡
ORD109829,2026-07-06,S01,P13,2,40.00,银行卡
ORD106951,2026/6/17,S03,P07,1,22.00,微信
ORD109931,06-07-2026,S05,P20,1,22.00,现金
ORD100383,2026-05-03,S02,P05,1,34.00,银行卡
ORD114971,2026-08-09,S05,P19,1,15.00,微信
ORD105257,2026-06-05,S03,P09,1,18.00,银行卡
ORD101762,2026-05-12,S04,P10,2,48.00,会员储值
ORD109783,2026-07-05,S05,P06,1,45.00,支付宝
ORD101844,2026-05-13,S01,P01,2,64.00,现金
ORD104164,2026-05-29,S01,P01,1,32.00,会员储值
ORD109734,2026-07-05,S03,P07,1,22.00,支付宝
ORD108214,2026-06-25,S05,P02,2,60.00,银行卡
ORD108975,2026-06-30,S03,P14,2,20.00,现金
ORD107622,2026-06-21,S03,P05,1,34.00,会员储值
ORD107708,2026-06-21,S05,P04,1,38.00,支付宝
ORD100671,2026-05-05,S01,P01,1,32.00,银行卡
ORD116826,2026-08-23,S01,P21,3,48.00,会员储值
ORD103184,2026-05-22,S04,P19,1,15.00,支付宝
ORD100432,2026-05-03,S03,P07,2,44.00,会员储值
ORD105651,2026-06-07,S04,P10,2,48.00,现金
ORD114726,2026-08-08,S04,P11,3,78.00,现金
ORD110033,2026-07-07,S04,P13,1,20.00,支付宝
ORD107779,2026-06-22,S03,P20,1,22.00,银行卡
ORD109910,2026-07-06,S04,P11,1,26.00,银行卡
ORD107541,2026-06-21,S01,P01,1,32.00,现金
ORD113097,2026-07-28,S04,P03,3,78.00,银行卡
ORD105946,2026-06-10,S01,P12,3,24.00,银行卡
ORD101592,2026-05-11,S02,P20,1,22.00,现金
ORD107608,2026-06-21,S03,P08,2,50.00,现金
ORD106931,2026-06-17,S02,P06,2,84.00,微信
ORD113529,2026-07-31,S05,P12,1,8.00,会员储值
ORD113814,2026-08-02,S02,P06,1,45.00,支付宝
ORD106638,2026-06-14,S05,P04,2,76.00,会员储值
ORD109809,2026-07-05,S05,P17,1,12.00,微信
ORD102956,2026-05-20,S05,P07,2,44.00,银行卡
ORD107306,2026-06-19,S05,P02,3,90.00,支付宝
ORD115174,2026-08-11,S02,P04,2,76.00,现金
ORD117368,2026-08-26,S05,P12,3,24.00,会员储值
ORD112235,2026-07-22,S03,P09,2,36.00,会员储值
ORD116559,2026-08-21,S04,P03,1,26.00,现金
ORD116858,2026-08-23,S02,P15,1,-6.00,会员储值
ORD106082,2026-06-11,S04,P10,1,24.00,现金
ORD113516,2026-07-31,S05,P04,3,114.00,现金
ORD105052,2026-06-04,S01,P03,2,52.00,会员储值
ORD109941,2026-07-07,S01,P02,2,60.00,会员储值
ORD104847,2026-06-02,S03,P04,1,38.00,支付宝
ORD117096,2026-08-24,S04,P15,1,6.00,微信
ORD102346,2026-05-16,S04,P10,1,,会员储值
ORD110708,2026-07-12,S02,P13,1,20.00,银行卡
ORD103435,2026-05-24,S01,P18,1,18.00,银行卡
ORD103805,2026-05-26,S02,P07,1,22.00,微信
ORD113832,2026-08-02,S03,P07,2,44.00,银行卡
ORD107262,2026-06-19,S03,P09,1,18.00,会员储值
ORD105213,2026-06-05,S02,P06,1,42.00,现金
ORD110579,2026-07-11,S04,P03,1,26.00,银行卡
ORD110072,2026-07-08,S01,P01,2,64.00,银行卡
ORD115827,2026-08-15,S05,P21,1,16.00,现金
ORD104803,2026-06-02,S01,P13,1,20.00,微信
ORD112151,2026-07-21,S05,P19,1,15.00,现金
ORD111458,2026-07-17,S04,P11,2,52.00,现金
ORD108821,2026-06-29,S03,P14,3,30.00,现金
ORD107467,2026-06-20,S04,P13,2,40.00,支付宝
ORD117887,2026-08-30,S02,P05,1,34.00,现金
ORD109713,2026-07-05,S03,P08,1,25.00,支付宝
ORD111687,2026-07-18,S05,P02,1,30.00,支付宝
ORD114225,2026-08-05,S01,P01,2,64.00,银行卡
ORD100504,2026-05-03,S05,P10,3,72.00,现金
ORD110167,2026-07-08,S04,P09,1,18.00,支付宝
ORD112728,2026-07-26,S02,P16,1,5.00,现金
ORD114783,2026-08-08,S05,P21,1,16.00,支付宝
ORD110169,2026-07-08,S04,P05,2,68.00,现金
ORD102618,2026-05-18,S01,P12,1,8.00,现金
ORD117129,2026-08-25,S01,P02,1,30.00,现金
ORD114584,2026-08-07,S05,P04,1,38.00,银行卡
ORD111976,2026-07-20,S03,P12,2,16.00,微信
ORD115719,2026-08-15,S02,P06,1,45.00,银行卡
ORD105526,2026-06-07,S01,P08,1,25.00,微信
ORD106896,2026-06-17,S01,P20,1,22.00,会员储值
ORD103856,2026-05-26,S05,P09,2,36.00,微信
ORD107550,2026-06-21,S01,P12,1,8.00,微信
ORD101301,2026-05-09,S04,P11,1,26.00,支付宝
ORD107503,2026-06-20,S05,P19,1,15.00,会员储值
ORD101190,2026-05-09,S01,P02,1,30.00,现金
ORD112371,2026-07-23,S03,P08,2,50.00,会员储值
ORD101996,2026-05-14,S02,P06,2,84.00,现金
ORD106433,2026-06-13,S05,P03,1,26.00,银行卡
ORD108734,2026-06-28,S05,P20,2,44.00,支付宝
ORD101969,2026-05-14,S01,P16,1,5.00,微信
ORD100818,2026-05-06,S02,P05,1,34.00,现金
ORD107245,2026-06-19,S02,P06,2,84.00,会员储值
ORD108547,2026-06-27,S05,P01,2,64.00,现金
ORD114040,2026-08-03,S04,P10,2,48.00,银行卡
ORD107645,2026-06-21,S04,P11,2,52.00,微信
ORD109588,2026-07-04,S05,P19,1,15.00,现金
ORD115664,2026-08-15,S01,P03,1,26.00,微信
ORD101020,2026-05-07,S05,P04,2,76.00,微信
ORD110287,2026-07-09,S04,P11,1,26.00,银行卡
ORD111264,2026-07-16,S01,P02,2,60.00,支付宝
ORD110799,2026-07-12,S04,P17,1,12.00,银行卡
ORD108987,2026-06-30,S04,P15,2,12.00,会员储值
ORD101379,2026-05-10,S01,P01,1,32.00,现金
ORD117838,2026-08-29,S05,P01,1,32.00,支付宝
ORD100735,2026-05-05,S04,P13,1,20.00,现金
ORD111429,2026-07-17,S03,P09,1,18.00,会员储值
ORD114024,2026-08-03,S04,P10,1,24.00,现金
ORD109204,2026-07-02,S02,P06,1,45.00,现金
ORD100209,2026-05-02,S03,P07,2,44.00,现金
ORD104522,2026-05-31,S02,P16,2,10.00,现金
ORD101327,2026-05-09,S05,P11,1,26.00,银行卡
ORD109888,2026-07-06,S04,P10,2,48.00,现金
ORD111335,2026-07-16,S04,P10,2,48.00,支付宝
ORD110156,2026-07-08,S04,P11,1,26.00,银行卡
ORD117649,2026-08-29,S01,P02,1,30.00,会员储值
ORD100526,2026-05-03,S05,P03,1,26.00,微信
ORD103638,2026-05-25,S01,P18,1,18.00,会员储值
ORD100906,06-05-2026,S05,P06,2,84.00,会员储值
ORD115300,2026-08-12,S02,P01,1,32.00,会员储值
ORD111790,2026-07-19,S03,P03,1,26.00,支付宝
ORD103185,2026-05-22,S04,P06,1,42.00,支付宝
ORD110321,2026-07-09,S05,P03,2,52.00,银行卡
ORD116022,2026-08-16,S05,P01,1,32.00,微信
ORD110733,2026-07-12,S03,P02,2,60.00,会员储值
ORD118071,2026-08-31,S02,P06,1,45.00,支付宝
ORD112740,2026-07-26,S02,P11,3,78.00,支付宝
ORD116078,2026-08-17,S03,P07,1,22.00,现金
ORD118133,2026-08-31,S05,P06,1,45.00,支付宝
ORD111180,2026-07-15,S03,P09,1,18.00,银行卡
ORD100831,2026-05-06,S03,P01,1,32.00,支付宝
ORD115146,2026-08-11,S01,P10,3,72.00,现金
ORD103453,2026-05-24,S01,P01,1,32.00,现金
ORD100301,2026-05-02,S05,P01,2,64.00,支付宝
ORD107299,2026-06-19,S04,P05,2,68.00,银行卡
ORD116182,2026-08-18,S03,P21,2,32.00,现金
ORD108295,2026-06-26,S03,P19,1,15.00,银行卡
ORD107527,2026-06-20,S05,P01,1,32.00,会员储值
ORD108677,2026-06-28,S03,P02,1,30.00,银行卡
ORD107958,2026-06-23,S05,P01,1,32.00,银行卡
ORD114944,2026-08-09,S04,P06,1,45.00,会员储值
ORD111210,2026-07-15,S04,P10,3,72.00,会员储值
ORD106098,2026-06-11,S04,P10,2,48.00,支付宝
ORD109780,2026-07-05,S05,P17,1,12.00,微信
ORD115207,2026-08-11,S04,P10,1,24.00,支付宝
ORD101377,2026-05-10,S01,P01,3,96.00,微信
ORD109172,2026-07-02,S01,P16,2,10.00,支付宝
ORD106291,2026-06-13,S01,P15,1,6.00,现金
ORD100842,2026-05-06,S03,P20,1,22.00,现金
ORD101010,07-05-2026,S05,P07,1,22.00,支付宝
ORD116617,2026-08-22,S01,P03,1,26.00,微信
ORD113040,2026-07-28,S02,P19,3,45.00,微信
ORD103878,2026-05-27,S01,P01,3,96.00,支付宝
ORD106784,2026-06-16,S01,P12,1,8.00,会员储值
ORD115771,2026-08-15,S04,P19,1,15.00,会员储值
ORD108233,2026-06-26,S01,P01,1,32.00,现金
ORD110185,2026-07-08,S05,P02,2,60.00,支付宝
ORD113928,2026-08-02,S05,P10,2,48.00,会员储值
ORD105589,2026-06-07,S02,P11,1,26.00,支付宝
ORD114559,2026-08-07,S04,P03,1,26.00,会员储值
ORD108067,2026-06-24,S04,P99,1,24.00,银行卡
ORD111773,2026-07-19,S02,P04,2,76.00,会员储值
ORD112271,2026-07-22,S05,P01,1,32.00,银行卡
ORD115726,2026-08-15,S03,P19,2,30.00,支付宝
ORD115111,2026-08-10,S05,P12,1,8.00,微信
ORD106925,2026-06-17,S02,P03,2,52.00,现金
ORD104422,2026-05-30,S04,P11,1,26.00,现金
ORD112639,2026-07-25,S04,P03,3,78.00,银行卡
ORD111267,2026-07-16,S02,P03,2,52.00,支付宝
ORD103944,2026-05-27,S03,P03,1,26.00,银行卡
ORD104518,2026-05-31,S02,P05,1,34.00,微信
ORD116589,2026-08-21,S05,P13,1,20.00,支付宝
ORD112536,2026-07-25,S02,P06,1,45.00,微信
ORD114966,2026-08-09,S05,P02,3,90.00,会员储值
ORD110065,2026-07-07,S05,P02,1,30.00,银行卡
ORD106498,2026-06-14,S02,P03,2,52.00,现金
ORD108482,2026-06-27,S04,P07,2,44.00,微信
ORD116461,2026-08-20,S05,P09,1,18.00,会员储值
ORD101088,2026-05-08,S03,P08,1,25.00,银行卡
ORD108628,2026-06-28,S02,P04,1,38.00,银行卡
ORD101826,2026-05-13,S01,P17,2,24.00,微信
ORD104870,2026-06-02,S04,P15,2,12.00,银行卡
ORD109642,2026-07-05,S01,P02,1,30.00,支付宝
ORD105099,2026-06-04,S03,P09,1,18.00,会员储值
ORD109892,2026-07-06,S04,P10,3,72.00,会员储值
ORD103618,2026-05-24,S05,P19,1,15.00,微信
ORD106144,2026-06-12,S01,P02,1,30.00,现金
ORD117411,2026-08-27,S01,P02,1,30.00,现金
ORD104761,2026-06-01,S05,P02,1,30.00,会员储值
ORD110605,2026-07-11,S04,P10,1,24.00,支付宝
ORD108106,2026-06-24,S05,P06,2,84.00,支付宝
ORD116358,2026-08-20,S01,P02,1,30.00,现金
ORD100057,2026-05-01,S03,P07,1,22.00,微信
ORD112806,2026-07-26,S04,P17,1,12.00,现金
ORD111192,2026-07-15,S04,P10,1,24.00,现金
ORD113138,2026-07-28,S05,P11,1,¥26.00,银行卡
ORD110110,2026-07-08,S02,P06,1,45.00,微信
ORD110467,2026-07-11,S01,P01,3,96.00,微信
ORD107191,2026-06-18,S05,P20,1,22.00,微信
ORD108746,2026-06-28,S05,P20,1,22.00,现金
ORD100466,2026-05-03,S04,P10,1,24.00,现金
ORD111194,2026-07-15,S04,P10,1,24.00,现金
ORD101426,2026-05-10,S02,P06,1,42.00,支付宝
ORD109161,2026-07-02,S01,P05,1,34.00,现金
ORD115651,2026-08-15,S01,P16,2,,支付宝
ORD101803,2026-05-12,S05,P06,1,42.00,银行卡
ORD109962,2026-07-07,S01,P15,1,6.00,银行卡
ORD101304,2026-05-09,S04,P02,1,30.00,现金
ORD105130,2026-06-04,S04,P10,1,24.00,支付宝
ORD103696,2026-05-25,S03,P03,1,26.00,支付宝
ORD116694,2026-08-22,S03,P21,3,48.00,现金
ORD112077,2026-07-21,S02,P06,1,45.00,微信
ORD106842,2026-06-16,S04,P14,1,10.00,微信
ORD100754,2026/5/5,S04,P11,1,26.00,会员储值
ORD115129,2026-08-11,S01,P03,1,26.00,会员储值
ORD117155,2026-08-25,S02,P03,1,26.00,微信
ORD111883,2026-07-19,S05,P20,2,44.00,银行卡
ORD102559,2026-05-17,S04,P11,2,52.00,支付宝
ORD115725,2026-08-15,S03,P09,1,18.00,银行卡
ORD114854,2026-08-09,S02,P06,1,45.00,现金
ORD105855,2026-06-09,S02,P06,2,84.00,支付宝
ORD107194,2026-06-18,S05,P06,1,42.00,现金
ORD107833,2026-06-22,S05,P04,1,38.00,银行卡
ORD101698,2026/5/12,S01,P13,1,20.00,银行卡
ORD104466,2026-05-30,S05,P02,1,30.00,微信
ORD114273,2026-08-05,S03,P21,1,16.00,会员储值
ORD100662,2026-05-05,S01,P17,2,24.00,支付宝
ORD102242,2026-05-16,S01,P02,2,60.00,会员储值
ORD104974,2026-06-03,S03,P15,2,12.00,银行卡
ORD106238,2026-06-12,S04,P07,2,44.00,微信
ORD116100,2026-08-17,S04,P16,3,15.00,银行卡
ORD110154,2026-07-08,S04,P07,1,22.00,微信
ORD111038,2026-07-14,S03,P12,2,16.00,微信
ORD109726,2026-07-05,S03,P06,1,45.00,银行卡
ORD114677,2026-08-08,S03,P19,2,30.00,会员储值
ORD109803,2026-07-05,S05,P19,2,30.00,会员储值
ORD117795,2026-08-29,S04,P15,1,6.00,现金
ORD102677,2026-05-18,S03,P07,2,44.00,现金
ORD103118,2026-05-22,S01,P19,3,45.00,会员储值
ORD116091,2026-08-17,S03,P21,3,48.00,会员储值
ORD104833,2026-06-02,S02,P04,1,38.00,微信
ORD109485,2026-07-04,S02,P11,2,52.00,银行卡
ORD104523,2026-05-31,S02,P09,1,18.00,支付宝
ORD105758,2026-06-08,S02,P04,1,38.00,支付宝
ORD114893,2026-08-09,S03,P21,1,16.00,现金
ORD109045,2026-07-01,S01,P07,1,22.00,会员储值
ORD114504,2026-08-07,S02,P03,1,26.00,银行卡
ORD110492,2026-07-11,S01,P02,2,60.00,微信
ORD117418,2026-08-27,S02,P05,1,34.00,银行卡
ORD111690,2026-07-18,S05,P02,1,30.00,微信
ORD110017,2026-07-07,S04,P10,2,48.00,微信
ORD104352,2026-05-30,S02,P04,1,38.00,微信
ORD117483,2026-08-27,S04,P10,2,48.00,现金
ORD118026,2026-08-30,S05,P21,1,16.00,会员储值
ORD102606,2026-05-17,S05,P02,2,60.00,银行卡
ORD117203,2026-08-25,S04,P21,1,16.00,微信
ORD105791,2026-06-08,S04,P11,1,26.00,会员储值
ORD100265,2026-05-02,S04,P03,1,26.00,支付宝
ORD104240,2026-05-29,S04,P11,1,26.00,微信
ORD108648,2026-06-28,S03,P07,3,66.00,银行卡
ORD100512,2026-05-03,S05,P19,1,15.00,会员储值
ORD112911,2026-07-27,S02,P06,2,90.00,现金
ORD113607,2026-08-01,S02,P15,2,12.00,支付宝
ORD100633,2026-05-04,S05,P14,2,20.00,现金
ORD113740,2026-08-02,S01,P14,3,30.00,现金
ORD112418,2026-07-23,S05,P05,1,34.00,支付宝
ORD101955,2026-05-14,S01,P09,3,54.00,会员储值
ORD108271,2026-06-26,S02,P15,1,6.00,微信
ORD112990,2026-07-27,S05,P01,2,64.00,微信
ORD117697,2026-08-29,S02,P16,3,15.00,会员储值
ORD100644,2026-05-04,S05,P20,1,22.00,支付宝
ORD107953,2026-06-23,S05,P03,3,78.00,现金
ORD104813,2026-06-02,S02,P05,1,34.00,支付宝
ORD101586,2026-05-11,S02,P04,1,38.00,会员储值
ORD101664,2026-05-11,S05,P17,1,12.00,微信
ORD107110,2026-06-18,S02,P06,2,58.00,现金
ORD102730,2026-05-18,S05,P18,1,18.00,银行卡
ORD111206,2026-07-15,S04,P10,1,24.00,现金
ORD111123,2026-07-15,S01,P16,1,5.00,现金
ORD101976,2026-05-14,S01,P19,2,30.00,微信
ORD106434,2026-06-13,S05,P20,2,44.00,会员储值
ORD105435,2026-06-06,S03,P07,2,44.00,现金
ORD112904,2026-07-27,S02,P05,2,68.00,现金
ORD100489,2026-05-03,S05,P03,2,52.00,会员储值
ORD106142,2026-06-12,S01,P09,1,18.00,现金
ORD111739,2026-07-19,S01,P01,1,32.00,会员储值
ORD114177,2026-08-04,S04,P15,2,12.00,会员储值
ORD116699,2026-08-22,S03,P19,1,15.00,现金
ORD117186,2026-08-25,S03,P15,1,6.00,会员储值
ORD117623,2026-08-28,S05,P16,1,5.00,微信
ORD112233,2026-07-22,S03,P08,2,50.00,会员储值
ORD113126,2026-07-29,S05,P03,1,-26.00,银行卡
ORD111461,2026-07-17,S04,P06,2,90.00,会员储值
ORD107089,2026-06-18,S02,P06,2,58.00,支付宝
ORD107604,2026-06-21,S02,P20,1,22.00,会员储值
ORD109218,2026-07-02,S03,P08,2,50.00,会员储值
ORD105430,2026-06-06,S03,P02,3,90.00,会员储值
ORD110829,2026-07-12,S05,P08,2,50.00,现金
ORD105517,2026-06-07,S01,P03,-1,26.00,现金
ORD106408,2026-06-13,S04,P11,3,78.00,微信
ORD100603,2026-05-04,S03,P07,2,44.00,支付宝
ORD110857,2026-07-13,S01,P02,2,60.00,会员储值
ORD103074,2026-05-21,S04,P19,2,30.00,支付宝
ORD101351,2026-05-09,S05,P12,2,16.00,现金
ORD111215,2026-07-15,S05,P04,1,38.00,支付宝
ORD109638,2026-07-05,S01,P03,2,52.00,银行卡
ORD109190,2026-07-02,S02,P02,1,30.00,现金
ORD114372,2026-08-06,S02,P04,1,38.00,银行卡
ORD110983,2026-07-14,S01,P01,2,64.00,现金
ORD107475,2026-06-20,S04,P10,1,24.00,支付宝
ORD109008,2026-06-30,S05,P13,1,20.00,支付宝
ORD111551,2026-07-18,S02,P06,2,,会员储值
ORD117722,2026-08-29,S02,P04,1,38.00,会员储值
ORD115254,2026-08-11,S05,P19,1,15.00,会员储值
ORD103423,2026-05-23,S05,P14,3,30.00,会员储值
ORD111218,2026-07-15,S05,P19,1,15.00,支付宝
ORD114544,2026-08-07,S04,P03,1,26.00,银行卡
ORD112334,2026-07-23,S02,P03,1,26.00,现金
ORD113214,2026-07-29,S03,P17,3,36.00,银行卡
ORD109559,2026-07-04,S04,P10,1,24.00,会员储值
ORD105838,2026-06-09,S01,P17,2,24.00,现金
ORD115611,2026-08-14,S04,P10,2,48.00,会员储值
ORD105013,2026-06-03,S05,P03,1,26.00,银行卡
ORD108998,2026-06-30,S04,P13,2,40.00,支付宝
ORD113090,2026-07-28,S04,P03,2,52.00,微信
ORD100904,2026-05-06,S05,P04,1,38.00,银行卡
ORD101727,2026-05-12,S02,P18,1,,微信
ORD104971,2026-06-03,S03,P13,2,40.00,银行卡
ORD102006,2026-05-14,S03,P14,1,10.00,银行卡
ORD115089,2026-08-10,S04,P21,2,32.00,支付宝
ORD109114,2026-07-01,S04,P01,1,32.00,银行卡
ORD117733,2026-08-29,S03,P08,1,25.00,会员储值
ORD104108,2026-05-28,S04,P10,2,48.00,微信
ORD109326,2026-07-03,S02,P04,1,38.00,支付宝
ORD100666,2026-05-05,S01,P19,2,,会员储值
ORD103763,2026-05-26,S01,P02,2,60.00,支付宝
ORD112547,2026-07-25,S02,P11,1,26.00,会员储值
ORD111103,2026-07-14,S05,P03,1,26.00,支付宝
ORD101564,2026-05-11,S01,P02,1,30.00,会员储值
ORD117335,2026-08-26,S03,P14,2,20.00,微信
ORD110958,2026-07-13,S05,P02,2,60.00,支付宝
ORD113176,2026-07-29,S02,P05,3,102.00,微信
ORD102828,2026-05-19,S04,P11,1,26.00,现金
ORD101820,2026-05-13,S01,P03,2,52.00,会员储值
ORD100969,2026-05-07,S03,P08,1,25.00,会员储值
ORD110561,2026-07-11,S03,P01,2,64.00,会员储值
ORD115685,2026-08-16,S02,P06,1,-45.00,现金
ORD111917,2026-07-20,S01,P05,1,34.00,微信
ORD100742,2026-05-05,S04,P18,1,18.00,银行卡
ORD104686,2026-06-01,S02,P01,1,32.00,微信
ORD109108,2026-07-01,S04,P11,1,26.00,现金
ORD113373,2026-07-30,S04,P10,1,24.00,支付宝
ORD114691,2026-08-08,S03,P07,3,66.00,现金
ORD102570,2026-05-17,S04,P05,1,,现金
ORD117432,2026-08-27,S02,P09,3,54.00,会员储值
ORD111439,2026-07-17,S03,P09,3,54.00,支付宝
ORD110710,2026-07-12,S02,P06,1,45.00,会员储值
ORD100652,2026-05-04,S05,P20,1,22.00,现金
ORD110363,2026-07-10,S02,P06,1,45.00,现金
ORD106435,2026-06-13,S05,P13,1,20.00,支付宝
ORD112960,2026-07-27,S04,P16,2,10.00,会员储值
ORD110557,2026-07-11,S03,P01,1,32.00,现金
ORD109820,2026-07-06,S01,P16,3,15.00,现金
ORD110357,2026-07-10,S02,P05,2,68.00,银行卡
ORD113345,2026-07-30,S03,P07,1,22.00,微信
ORD117359,2026-08-26,S04,P10,1,24.00,会员储值
ORD109141,2026-07-01,S05,P19,1,15.00,支付宝
ORD109911,2026-07-06,S04,P10,3,72.00,会员储值
ORD103033,2026-05-21,S03,P08,1,25.00,微信
ORD102577,2026-05-17,S05,P19,2,30.00,银行卡
ORD100134,2026-05-02,S01,P02,3,90.00,支付宝
ORD100416,2026-05-03,S03,P07,1,22.00,会员储值
ORD105190,2026-06-05,S01,P03,1,26.00,支付宝
ORD108908,2026-06-30,S01,P02,1,30.00,支付宝
ORD109271,2026-07-02,S05,P03,1,26.00,支付宝
ORD117659,2026-08-29,S01,P17,1,12.00,会员储值
ORD111055,2026-07-14,S03,P07,1,22.00,现金
ORD110168,2026-07-08,S04,P10,1,24.00,现金
ORD110555,2026-07-11,S03,P20,2,44.00,会员储值
ORD107168,2026-06-18,S04,P03,1,26.00,支付宝
ORD106795,2026-06-16,S02,P06,2,84.00,微信
ORD102903,2026-05-20,S02,P20,1,22.00,银行卡
ORD105239,2026-06-05,S03,P09,2,36.00,会员储值
ORD101213,2026-05-09,S02,P05,3,102.00,现金
ORD102489,2026-05-17,S02,P04,2,76.00,现金
ORD113707,2026-08-01,S05,P18,1,18.00,微信
ORD104990,2026-06-03,S04,P11,2,52.00,支付宝
ORD108710,2026-06-28,S04,P04,1, ¥38.00 ,现金
ORD114575,2026-08-07,S05,P01,2,64.00,银行卡
ORD104011,2026-05-27,S05,P02,1,30.00,微信
ORD112495,2026-07-25,S01,P06,3,135.00,现金
ORD116265,2026-08-19,S01,P08,1,25.00,支付宝
ORD111610,2026-07-18,S03,P04,1,38.00,会员储值
ORD100979,2026-05-07,S03,P02,2,60.00,现金
ORD108513,2026-06-27,S04,P11,1,26.00,现金
ORD115718,2026-08-15,S02,P17,1,12.00,银行卡
ORD100944,2026-05-07,S02,P08,2,50.00,银行卡
ORD115162,2026-08-11,S02,P03,1,26.00,银行卡
ORD110539,2026-07-11,S03,P08,1,25.00,支付宝
ORD113558,2026-08-01,S01,P05,1,34.00,微信
ORD107029,2026-06-18,S01,P01,1,32.00,现金
ORD116952,2026-08-23,S04,P21,1,16.00,会员储值
ORD102954,2026-05-20,S04,P13,1,20.00,会员储值
ORD105370,2026-06-06,S02,P04,1,38.00,现金
ORD104639,2026-05-31,S05,P06,1,42.00,支付宝
ORD100314,2026-05-02,S05,P09,1,18.00,会员储值
ORD108384,2026-06-27,S01,P13,2,40.00,微信
ORD107398,2026-06-20,S02,P05,3,102.00,会员储值
ORD100280,2026-05-02,S04,P10,3,72.00,现金
ORD114991,2026-08-09,S05,P08,3,75.00,微信
ORD104251,2026-05-29,S05,P18,2,36.00,银行卡
ORD117905,2026-08-30,S02,P14,1,10.00,银行卡
ORD103414,2026-05-23,S05,P13,1,20.00,支付宝
ORD102208,2026-05-15,S05,P19,1,15.00,银行卡
ORD115212,2026-08-11,S04,P03,2,52.00,支付宝
ORD117616,2026-08-28,S05,P17,1,12.00,会员储值
ORD115554,2026-08-14,S02,P16,3,15.00,现金
ORD116933,2026-08-23,S04,P07,1,22.00,会员储值
ORD106114,2026-06-11,S05,P20,2,44.00,银行卡
ORD105640,2026-06-07,S04,P15,1,6.00,微信
ORD115062,2026-08-10,S03,P11,1,26.00,会员储值
ORD104063,2026-05-28,S02,P13,1,20.00,微信
ORD106249,2026-06-12,S05,P03,1,26.00,支付宝
ORD114789,2026-08-08,S05,P11,1,26.00,现金
ORD111299,2026-07-16,S03,P16,1,5.00,支付宝
ORD104860,2026-06-02,S04,P13,3,60.00,会员储值
ORD110496,2026-07-11,S02,P06,1,45.00,现金
ORD115197,2026-08-11,S03,P02,1,30.00,支付宝
ORD104162,2026-05-29,S01,P02,1,30.00,支付宝
ORD114937,2026-08-09,S04,P12,2,16.00,银行卡
ORD105530,2026-06-07,S01,P01,2,64.00,支付宝
ORD117595,2026-08-28,S04,P19,1,15.00,支付宝
ORD118126,2026-08-31,S04,P10,2,48.00,银行卡
ORD114260,2026-08-05,S03,P08,2,50.00,微信
ORD107692,2026-06-21,S05,P20,1,22.00,银行卡
ORD114579,2026-08-07,S05,P11,1,26.00,微信
ORD105665,2026-06-07,S04,P11,1,26.00,微信
ORD104006,2026-05-27,S05,P13,1,20.00,支付宝
ORD105444,2026-06-06,S04,P11,2,52.00,现金
ORD106003,2026-06-10,S05,P20,2,44.00,银行卡
ORD114607,2026-08-08,S01,P15,1,6.00,银行卡
ORD101335,2026-05-09,S05,P12,1,8.00,银行卡
ORD112668,2026-07-25,S05,P04,2,   ,银行卡
ORD105156,2026-06-04,S05,P03,1,26.00,银行卡
ORD103836,2026-05-26,S04,P11,1,26.00,支付宝
ORD116140,2026-08-17,S05,P11,1,26.00,现金
ORD113650,2026-08-01,S03,P07,1,22.00,会员储值
ORD113951,2026-08-03,S01,P21,1,16.00,银行卡
ORD112595,2026-07-25,S03,P99,2,10.00,现金
ORD100359,2026-05-03,S01,P02,1,30.00,现金
ORD100219,2026-05-02,S03,P03,1,26.00,银行卡
ORD111758,2026-07-19,S02,P16,3,15.00,银行卡
ORD114985,2026-08-09,S05,P02,2,60.00,支付宝
ORD107140,2026-06-18,S03,P16,1,5.00,银行卡
ORD113460,2026-07-31,S03,P18,1,18.00,现金
ORD110593,2026-07-11,S04,P03,1,26.00,现金
ORD112078,2026-07-21,S02,P18,3,54.00,会员储值
ORD116431,2026-08-20,S04,P07,2,44.00,会员储值
ORD113862,2026-08-02,S04,P10,1,24.00,微信
ORD103973,2026-05-27,S04,P10,1,24.00,银行卡
ORD111256,2026-07-16,S01,P19,2,30.00,会员储值
ORD111395,2026-07-17,S01,P15,2,12.00,现金
ORD105783,2026-06-08,S04,P10,1,24.00,支付宝
ORD109591,2026-07-04,S05,P14,2,20.00,现金
ORD105645,2026-06-07,S04,P02,1,30.00,银行卡
ORD113356,2026-07-30,S04,P10,1,24.00,银行卡
ORD111951,2026-07-20,S02,P15,1,6.00,微信
ORD107193,2026-06-18,S05,P01,1,32.00,银行卡
ORD116825,2026-08-23,S01,P17,1,12.00,现金
ORD102528,2026-05-17,S03,P04,1,38.00,银行卡
ORD108624,2026-06-28,S02,P04,1,38.00,银行卡
ORD112707,2026/7/26,S01,P06,3,,会员储值
ORD104304,2026-05-30,S01,P02,2,60.00,银行卡
ORD111117,2026-07-15,S01,P18,3,54.00,银行卡
ORD113343,2026-07-30,S03,P09,2,36.00,微信
ORD116605,2026-08-22,S01,P01,1,32.00,会员储值
ORD100623,2026-05-04,S04,P13,2,40.00,现金
ORD105789,2026-06-08,S04,P07,1,22.00,现金
ORD114914,2026-08-09,S04,P15,2,12.00,现金
ORD105856,2026-06-09,S02,P06,2,84.00,微信
ORD108777,2026-06-29,S01,P12,2,16.00,支付宝
ORD117686,2026-08-29,S02,P21,2,32.00,会员储值
ORD111170,2026-07-15,S03,P13,1,20.00,现金
ORD115794,2026-08-15,S04,P03,1,26.00,银行卡
ORD109370,2026-07-03,S04,P18,1,18.00,银行卡
ORD112645,2026-07-25,S05,P11,1,26.00,会员储值
ORD116328,2026-08-19,S05,P04,1,38.00,会员储值
ORD111281,2026-07-16,S02,P06,1,45.00,会员储值
ORD115441,2026-08-13,S03,P14,2,20.00,支付宝
ORD103666,2026-05-25,S02,P12,2,16.00,银行卡
ORD107197,2026-06-18,S05,P11,2,52.00,微信
ORD101331,2026-05-09,S05,P17,3,36.00,现金
ORD100948,2026-05-07,S02,P15,1,6.00,微信
ORD111314,2026-07-16,S03,P08,1,25.00,会员储值
ORD108369,2026-06-27,S01,P07,1,22.00,支付宝
ORD105879,2026-06-09,S04,P01,2,64.00,银行卡
ORD100532,2026-05-04,S01,P07,1,22.00,支付宝
ORD116341,2026-08-19,S05,P04,1,38.00,微信
ORD113297,2026-07-30,S01,P19,2,30.00,现金
ORD105698,2026-06-07,S05,P19,1,15.00,支付宝
ORD101284,2026-05-09,S04,P09,1,18.00,现金
ORD111953,2026-07-20,S03,P09,1,18.00,银行卡
ORD112322,2026-07-23,S01,P01,2,64.00,支付宝
ORD107369,2026-06-20,S02,P03,2,52.00,微信
ORD106036,2026-06-11,S01,P12,2,16.00,银行卡
ORD107092,2026-06-18,S02,P06,1,29.00,会员储值
ORD113238,2026-07-29,S04,P10,1,24.00,银行卡
ORD112228,2026-07-22,S03,P09,1,18.00,微信
ORD111347,2026-07-16,S05,P03,1,26.00,会员储值
ORD104712,2026-06-01,S03,P09,1,18.00,支付宝
ORD102695,2026-05-18,S04,P14,3,30.00,微信
ORD113048,2026-07-28,S02,P17,1,12.00,银行卡
ORD105187,2026-06-05,S01,P01,3,96.00,会员储值
ORD108035,2026-06-24,S03,P09,1,18.00,会员储值
ORD105090,2026-06-04,S02,P02,1,30.00,会员储值
ORD110845,2026-07-12,S05,P03,1,26.00,支付宝
ORD106218,2026-06-12,S04,P10,2,48.00,现金
ORD109999,2026-07-07,S03,P09,3,54.00,现金
ORD104706,2026-06-01,S02,P05,1,34.00,微信
ORD102073,2026-05-14,S05,P12,1,8.00,银行卡
ORD116070,2026-08-17,S03,P18,1,18.00,现金
ORD112941,2026-07-27,S03,P16,1,5.00,银行卡
ORD115793,2026-08-15,S04,P06,1,45.00,支付宝
ORD104903,2026-06-02,S05,P20,2,44.00,会员储值
ORD104921,2026-06-03,S01,P12,2,16.00,微信
ORD108715,2026-06-28,S04,P10,3,72.00,支付宝
ORD113499,2026-07-31,S04,P11,2,52.00,会员储值
ORD109884,2026-07-06,S03,P07,1,22.00,微信
ORD115995,2026-08-16,S04,P19,2,30.00,微信
ORD101568,2026-05-11,S01,P08,1,25.00,支付宝
ORD115333,2026-08-12,S04,P21,1,16.00,现金
ORD105961,2026-06-10,S02,P05,1,34.00,现金
ORD109349,2026-07-03,S03,P03,1,26.00,现金
ORD102037,2026-05-14,S04,P11,1,26.00,会员储值
ORD101098,2026-05-08,S03,P08,1,25.00,支付宝
ORD109032,2026-07-01,S01,P05,1,34.00,支付宝
ORD115054,2026-08-10,S03,P09,1,18.00,会员储值
ORD101449,2026-05-10,S03,P08,2,50.00,银行卡
ORD106281,2026-06-13,S01,P01,1,32.00,支付宝
ORD113005,2026-07-27,S05,P12,2,16.00,支付宝
ORD113703,2026-08-01,S05,P09,2,36.00,银行卡
ORD112858,2026-07-26,S05,P20,1,22.00,微信
ORD108922,2026-06-30,S02,P06,1,42.00,支付宝
ORD100629,2026-05-04,S04,P11,2,52.00,现金
ORD114919,2026-08-09,S04,P21,1,¥16.00,现金
ORD105940,2026-06-10,S01,P17,3,36.00,银行卡
ORD115832,2026-08-15,S05,P03,2,52.00,支付宝
ORD108714,2026-06-28,S04,P03,2,52.00,微信
ORD108516,2026-06-27,S04,P17,1,12.00,会员储值
ORD102650,2026-05-18,S02,P05,1,34.00,微信
ORD107278,2026-06-19,S04,P06,1,42.00,银行卡
ORD115462,2026-08-13,S03,P08,1,25.00,会员储值
ORD112690,2026-07-26,S01,P01,1,32.00,会员储值
ORD100447,2026-05-03,S03,P13,1,20.00,银行卡
ORD110228,2026-07-09,S02,P05,1,34.00,支付宝
ORD105028,2026-06-03,S05,P06,2,84.00,微信
ORD116267,2026-08-19,S01,P15,1,6.00,银行卡
ORD115541,2026-08-14,S01,P07,1,22.00,银行卡
ORD117858,2026-08-30,S01,P21,1,16.00,银行卡
ORD103400,2026-05-23,S05,P07,1,22.00,银行卡
ORD116797,2026-08-22,S05,P08,1,25.00,会员储值
ORD100884,2026-05-06,S05,P20,1,22.00,会员储值
ORD103844,2026-05-26,S04,P10,2,48.00,支付宝
ORD109662,2026-07-05,S02,P12,1,8.00,现金
ORD100935,2026-05-07,S02,P05,2,68.00,现金
ORD109372,2026-07-03,S04,P07,1,22.00,支付宝
ORD105132,2026-06-04,S04,P03,1,26.00,微信
ORD101292,2026/5/9,S04,P13,1,20.00,微信
ORD102146,2026-05-15,S03,P07,1,22.00,微信
ORD114143,2026-08-04,S03,P04,1,38.00,银行卡
ORD102980,2026-05-20,S05,P06,2,84.00,银行卡
ORD107535,2026-06-21,S01,P03,1,26.00,现金
ORD109151,2026-07-01,S05,P09,2,36.00,现金
ORD108304,2026-06-26,S03,P03,2,52.00,支付宝
ORD107109,2026-06-18,S02,P06,3,¥87.00,会员储值
ORD117478,2026-08-27,S04,P10,1,24.00,现金
ORD112898,2026-07-27,S01,P03,1,26.00,会员储值
ORD111895,2026-07-19,S05,P17,3,36.00,银行卡
ORD113902,2026-08-02,S05,P03,2,52.00,会员储值
ORD101230,2026-05-09,S02,P16,1,5.00,现金
ORD104221,2026-05-29,S04,P17,3,36.00,微信
ORD106260,2026-06-12,S05,P03,1,26.00,支付宝
ORD116484,2026-08-21,S01,P16,1,5.00,微信
ORD109621,2026-07-05,S01,P02,1,30.00,现金
ORD117388,2026-08-26,S05,P19,3,45.00,现金
ORD110022,2026-07-07,S04,P10,1,24.00,会员储值
ORD107483,2026-06-20,S04,P18,3,54.00,支付宝
ORD110672,2026-07-12,S01,P02,1,30.00,支付宝
ORD100576,2026-05-04,S03,P17,2,24.00,支付宝
ORD108496,2026-06-27,S04,P11,1,26.00,微信
ORD108583,2026-06-28,S01,P11,1,26.00,支付宝
ORD105137,2026-06-04,S04,P20,1,22.00,支付宝
ORD106371,2026-06-13,S03,P04,2,76.00,现金
ORD113497,2026-07-31,S04,P10,1,24.00,支付宝
ORD102152,2026-05-15,S03,P07,1,22.00,支付宝
ORD113900,2026-08-02,S05,P20,1,22.00,支付宝
ORD114392,2026-08-06,S03,P06,3,135.00,支付宝
ORD102241,2026-05-16,S01,P13,1,20.00,支付宝
ORD103254,2026-05-23,S01,P01,3,96.00,现金
ORD113785,2026-08-02,S02,P16,2,10.00,银行卡
ORD113796,2026-08-02,S02,P16,1,5.00,现金
ORD116080,2026-08-17,S03,P16,1,5.00,银行卡
ORD110773,2026-07-12,S04,P17,1,12.00,现金
ORD118070,2026-08-31,S02,P06,1,45.00,现金
ORD103927,2026-05-27,S02,P04,2,76.00,支付宝
ORD117906,30-08-2026,S02,P07,1,22.00,会员储值
ORD102321,2026-05-16,S03,P09,2,36.00,会员储值
ORD108517,2026-06-27,S04,P16,3,15.00,现金
ORD101770,2026-05-12,S04,P16,1,5.00,微信
ORD117856,2026-08-30,S01,P21,3,48.00,支付宝
ORD109195,2026-07-02,S02,P15,1,6.00,现金
ORD115584,2026-08-14,S03,P08,2,50.00,现金
ORD116438,2026-08-20,S04,P19,2,30.00,微信
ORD117935,2026-08-30,S03,P07,1,22.00,微信
ORD110410,2026-07-10,S04,P06,1,45.00,银行卡
ORD101242,2026-05-09,S03,P06,1,42.00,微信
ORD114156,2026-08-04,S04,P05,1,34.00,支付宝
ORD117584,2026-08-28,S03,P07,2,44.00,会员储值
ORD102749,2026-05-19,S01,P02,2,60.00,支付宝
ORD102291,2026-05-16,S02,P06,1,42.00,银行卡
ORD109417,2026-07-03,S05,P19,3,45.00,现金
ORD103349,2026-05-23,S04,P13,3,60.00,微信
ORD105744,2026-06-08,S02,P03,1,26.00,银行卡
ORD105450,2026-06-06,S04,P14,1,10.00,微信
ORD100493,2026-05-03,S05,P03,2,52.00,支付宝
ORD112506,2026-07-25,S01,P01,1,32.00,微信
ORD110830,2026-07-12,S05,P03,2,52.00,现金
ORD115515,2026-08-14,S01,P13,3,60.00,现金
ORD109936,2026-07-06,S05,P11,2,52.00,微信
ORD100467,2026-05-03,S04,P11,1,26.00,银行卡
ORD112507,2026-07-25,S01,P02,1,30.00,微信
ORD102343,2026-05-16,S04,P10,1,24.00,支付宝
ORD110800,2026-07-12,S04,P18,1,18.00,会员储值
ORD107625,2026-06-21,S03,P07,2,44.00,银行卡
ORD115068,2026-08-10,S03,P21,1,16.00,会员储值
ORD100161,2026/5/2,S01,P17,1,12.00,微信
ORD102904,2026-05-20,S02,P06,2,84.00,银行卡
ORD116618,2026-08-24,S01,P02,2,-60.00,现金
ORD111504,2026-07-17,S05,P05,1,34.00,现金
ORD113008,2026-07-28,S01,P08,1,25.00,微信
ORD117817,2026-08-29,S05,P01,2,64.00,现金
ORD115551,2026-08-14,S02,P06,1,45.00,会员储值
ORD112743,2026-07-26,S02,P13,2,40.00,银行卡
ORD104234,2026-05-29,S04,P07,1,22.00,支付宝
ORD108633,2026-06-28,S02,P13,1,20.00,微信
ORD106112,2026-06-11,S05,P03,1,26.00,现金
ORD100008,2026-05-01, s01,P17,2,24.00,会员储值
ORD105807,2026-06-08,S05,P10,2,48.00,银行卡
ORD100630,2026-05-04,S05,P17,1,12.00,银行卡
ORD111010,2026-07-14,S02,P17,3,36.00,会员储值
ORD115449,2026-08-13,S03,P15,3,18.00,现金
ORD106357,2026-06-13,S03,P15,1,6.00,现金
ORD101177,2026-05-09,S01,P01,1,32.00,微信
ORD101773,2026-05-12,S04,P15,3,18.00,银行卡
ORD115252,2026-08-11,S05,P20,1,22.00,现金
ORD113774,2026-08-02,S01,P13,2,40.00,会员储值
ORD116909,2026-08-23,S03,P08,1,25.00,现金
ORD101716,2026-05-12,S02,P04,3,114.00,现金
ORD102371,2026-05-16,S04,P11,1,26.00,支付宝
ORD109308,2026-07-03,S01,P13,2,40.00,支付宝
ORD108237,2026-06-26,S01,P02,1,30.00,会员储值
ORD108813,2026-06-29,S03,P99,1,18.00,会员储值
ORD105712,07-06-2026,S05,P10,1,24.00,微信
ORD108884,2026-06-29,S05,P19,1,15.00,微信
ORD110237,2026-07-09,S02,P06,2,90.00,银行卡
ORD108848,2026-06-29,S04,P18,1,18.00,现金
ORD102998,2026-05-21,S01,P06,1,42.00,会员储值
ORD100826,2026-05-06,S02,P06,1,42.00,支付宝
ORD103924,2026-05-27,S02,P04,1,38.00,微信
ORD110446,2026-07-10,S05,P18,1,18.00,会员储值
ORD101262,2026-05-09,S03,P14,1,10.00,微信
ORD115203,2026-08-11,S04,P21,1,16.00,会员储值
ORD117714,2026-08-29,S02,P02,1,30.00,支付宝
ORD103880,2026-05-27,S01,P02,2,60.00,会员储值
ORD113977,2026-08-03,S02,P05,2,68.00,会员储值
ORD105395,2026-06-06,S03,P06,1,42.00,会员储值
ORD116717,2026-08-22,S03,P21,2,32.00,会员储值
ORD106919,2026-06-17,S02,P04,2,76.00,现金
ORD103888,2026-05-27,S01,P12,1,8.00,现金
ORD115617,2026-08-14,S04,P01,1,32.00,微信
ORD117375,2026-08-26,S05,P20,1,22.00,会员储值
ORD108822,2026-06-29,S03,P13,1,20.00,支付宝
ORD111842,2026-07-19,S04,P11,3,78.00,银行卡
ORD102517,2026-05-17,S03,P07,2,44.00,微信
ORD116106,2026-08-17,S04,P10,3,72.00,银行卡
ORD104969,2026-06-03,S03,P09,1,18.00,会员储值
ORD108227,2026-06-25,S05,P09,2,36.00,支付宝
ORD100761,2026-05-05,S05,P07,2,44.00,会员储值
ORD112273,2026-07-22,S05,P20,1,22.00,现金
ORD113489,2026-07-31,S04,P11,1,26.00,会员储值
ORD110536,2026-07-11,S03,P08,1,25.00,银行卡
ORD116758,2026-08-22,S04,P18,3,54.00,银行卡
ORD113608,2026-08-01,S02,P03,1,26.00,支付宝
ORD112105,2026-07-21,S03,P07,1,22.00,银行卡
ORD105799,2026-06-08,S05,P03,2,52.00,微信
ORD100143,2026-05-02,S01,P10,1,24.00,支付宝
ORD117633,2026-08-28,S05,P19,2,30.00,银行卡
ORD107013,2026-06-17,S05,P12,1,8.00,银行卡
ORD107051,2026-06-18,S02,P11,2,52.00,现金
ORD112170,2026-07-22,S01,P14,1,10.00,支付宝
ORD114764,2026-08-08,S05,P19,1,15.00,会员储值
ORD108117,2026-06-25,S01,P16,1,5.00,银行卡
ORD111826,2026-07-19,S04,P16,1,5.00,会员储值
ORD102276,2026-05-16,S02,P04,1,38.00,微信
ORD105768,2026-06-08,S04,P15,1,6.00,支付宝
ORD116555,2026-08-21,S03,P08,1,25.00,支付宝
ORD104962,2026-06-03,S03,P08,1,25.00,支付宝
ORD104649,2026-05-31,S05,P18,1,18.00,支付宝
ORD106090,2026-06-11,S04,P10,2,48.00,会员储值
ORD115888,2026-08-16,S02,P06,1,45.00,会员储值
ORD112464,2026-07-24,S04,P20,1,22.00,银行卡
ORD105215,2026-06-05,S02,P06,1,42.00,会员储值
ORD116478,2026-08-20,S05,P21,1,16.00,支付宝
ORD109467,2026-07-04,S02,P18,1,18.00,支付宝
ORD101420,2026-05-10,S02,P06,1,42.00,支付宝
ORD111749,2026-07-19,S02,P06,1,45.00,现金
ORD109265,2026-07-02,S05,P19,3,45.00,现金
ORD108045,2026-06-24,S03,P05,1,34.00,会员储值
ORD109359,2026-07-03,S03,P07,1,22.00,支付宝
ORD109339,2026-07-03,S02,P06,2,90.00,微信
ORD105684,2026-06-07,S05,P03,1,26.00,现金
ORD116658,2026-08-22,S02,P20,1,22.00,现金
ORD114530,2026-08-07,S03,P09,1,18.00,会员储值
ORD111862,2026-07-19,S05,P02,1,30.00,会员储值
ORD108686,2026-06-28,S03,P17,3,36.00,会员储值
ORD107835,2026-06-22,S05,P01,1,32.00,现金
ORD109335,2026-07-03,S02,P03,2,52.00,支付宝
ORD103596,2026-05-24,S05,P11,1,26.00,支付宝
ORD107347,2026-06-20,S01,P02,1,30.00,会员储值
ORD112987,2026-07-27,S05,P12,1,8.00,会员储值
ORD116368,2026-08-20,S01,P04,1,38.00,银行卡
ORD100946,2026-05-07,S02,P15,1,6.00,微信
ORD118007,2026-08-30,S05,P20,1,22.00,会员储值
ORD105925,2026-06-10,S01,P12,1,8.00,微信
ORD115208,2026-08-11,S04,P16,3,15.00,现金
ORD112081,2026-07-21,S03,P09,2,36.00,微信
ORD105308,2026-06-05,S05,P20,2,44.00,银行卡
ORD109602,2026-07-04,S05,P03,1,26.00,会员储值
ORD114979,2026-08-09,S05,P20,2,44.00,支付宝
ORD101500,2026-05-10,S04,P11,2,52.00,微信
ORD112976,2026-07-27,S04,P10,1,24.00,微信
ORD112613,2026-07-25,S04,P10,2,48.00,银行卡
ORD100854,2026-05-06,S03,P03,1,26.00,现金
ORD100834,2026-05-06,S03,P18,1,18.00,现金
ORD105894,2026-06-09,S04,P14,2,20.00,微信
ORD117777,2026-08-29,S04,P15,1,6.00,支付宝
ORD100762,2026-05-05,S05,P09,1,18.00,支付宝
ORD105112,2026-06-04,S03,P07,2,44.00,现金
ORD112298,2026-07-23,S01,P13,2,40.00,银行卡
ORD111001,2026-07-14,S01,P02,1,30.00,会员储值
ORD103491,2026-05-24,S02,P05,1,34.00,微信
ORD108407,2026-06-27,S02,P17,2,24.00,现金
ORD105140,2026-06-04,S04,P14,1,10.00,微信
ORD102384,2026-05-16,S05,P00,2,10.00,会员储值
ORD102508,2026-05-17,S03,P18,1,18.00,银行卡
ORD112114,2026-07-21,S04,P19,2,30.00,现金
ORD103101,2026-05-21,S05,P19,2,30.00,现金
ORD102231,2026-05-16,S01,P16,2,10.00,会员储值
ORD112501,2026-07-25,S01,P13,2,40.00,现金
ORD108735,2026-06-28,S05,P19,1,15.00,会员储值
ORD110374,2026-07-10,S02,P17,3,36.00,银行卡
ORD114513,2026-08-07,S02,P04,2,76.00,微信
ORD112714,2026-07-26,S01,P18,1,18.00,会员储值
ORD106140,2026-06-12,S01,P14,1,10.00,现金
ORD113254,2026-07-29,S05,P14,1,10.00,支付宝
ORD111881,2026-07-19,S05,P09,1,18.00,微信
ORD107414,2026-06-20,S03,P10,2,48.00,支付宝
ORD112559,2026-07-25,S03,P09,1,18.00,微信
ORD112734,2026-07-26,S02,P06,1,45.00,现金
ORD113309,2026-07-30,S02,P04,1,38.00,会员储值
ORD109343,2026-07-03,S03,P09,1,18.00,现金
ORD112720,2026-07-26,S02,P06,1,45.00,会员储值
ORD111957,2026-07-20,S03,P08,1,25.00,银行卡
ORD114713,2026-08-08,S04,P11,3,78.00,微信
ORD116139,2026-08-17,S05,P04,1,38.00,会员储值
ORD105975,2026-06-10,S04,P03,1,26.00,微信
ORD112566,2026-07-25,S03,P01,1,32.00,支付宝
ORD107121,2026-06-18,S03,P03,1,26.00,会员储值
ORD108716,2026-06-28,S04,P10,1,24.00,会员储值
ORD110669,2026-07-12,S01,P03,1,26.00,微信
ORD100832,2026-05-06,S03,P02,1,30.00,银行卡
ORD112239,2026-07-22,S03,P12,1,8.00,会员储值
ORD100652,2026-05-04,S05,P18,1,18.00,现金
ORD109217,2026-07-02,S03,P07,1,22.00,银行卡
ORD108349,2026-06-26,S05,P05,1,34.00,支付宝
ORD114394,2026-08-06,S03,P18,2,36.00,微信
ORD108700,2026-06-28,S04,P12,1,8.00,微信
ORD107664,2026-06-21,S04,P08,1,25.00,会员储值
ORD109364,2026-07-03,S03,P07,3,66.00,现金
ORD114277,2026/8/5,S03,P01,2,64.00,现金
ORD108684,2026-06-28,S03,P07,1,22.00,支付宝
ORD108080,2026-06-24,S04,P17,2,24.00,银行卡
ORD110774,2026-07-12,S04,P10,1,24.00,会员储值
ORD101459,2026-05-10,S03,P14,1,10.00,银行卡
ORD114278,2026-08-05,S03,P21,2,32.00,会员储值
ORD104276,2026-05-30,S01,P02,1,30.00,微信
ORD105848,2026-06-09,S02,P05,2,68.00,支付宝
ORD109670,2026-07-05,S02,P15,1,6.00,现金
ORD101554,2026-05-11,S01,P20,3,66.00,微信
ORD101140,2026-05-08,S05,P03,1,26.00,微信
ORD112964,2026-07-27,S04,P10,1,24.00,现金
ORD114849,2026-08-09,S02,P18,1,18.00,微信
ORD105229,2026-06-05,S02,P02,2,60.00,微信
ORD110364,2026-07-10,S02,P13,1,20.00,支付宝
ORD103932,2026-05-27,S02,P04,1,38.00,支付宝
ORD111926,2026-07-20,S02,P06,1,45.00,银行卡
ORD107600,2026-06-21,S02,P06,1,42.00,银行卡
ORD107954,2026-06-23,S05,P02,2,60.00,微信
ORD101048,2026-05-08,S01,P02,1,30.00,银行卡
ORD117442,2026-08-27,S03,P09,1,18.00,支付宝
ORD117660,2026-08-29,S01,P01,2,64.00,现金
ORD101343,2026-05-09,S05,P20,1,22.00,银行卡
ORD107817,2026-06-22,S04,P19,1,15.00,现金
ORD107053,2026-06-18,S02,P14,3,30.00,会员储值
ORD104777,2026-06-01,S05,P08,1,25.00,微信
ORD116443,2026-08-20,S04,P16,2,10.00,银行卡
ORD109438,2026-07-04,S01,P02,1,30.00,支付宝
ORD116309,2026-08-19,S04,P13,2,40.00,现金
ORD106941,2026-06-17,S03,P07,2,44.00,支付宝
ORD116241,2026-08-18,S05,P21,2,32.00,现金
ORD110470,2026-07-11,S01,P02,1,30.00,现金
ORD114672,2026-08-08,S02,P12,1,8.00,支付宝
ORD111261,2026-07-16,S01,P01,2,64.00,银行卡
ORD116771,2026-08-22,S05,P14,1,10.00,会员储值
ORD112931,2026-07-27,S03,P07,1,22.00,支付宝
ORD115694,2026-08-15,S02,P06,1,45.00,会员储值
ORD104119,2026-05-28,S05,P10,1,24.00,会员储值
ORD115033,2026-08-10,S02,P06,2,90.00,银行卡
ORD112851,2026-07-26,S05,P03,1,26.00,支付宝
ORD113195,2026-07-29,S03,P19,3,45.00,银行卡
ORD101289,2026-05-09,S04,P19,1,15.00,微信
ORD105306,2026-06-05,S05,P19,1,15.00,支付宝
ORD108300,2026-06-26,S03,P08,1,25.00,微信
ORD112624,2026/7/25,S04,P08,1,25.00,会员储值
ORD111646,2026-07-18,S04,P17,1,12.00,会员储值
ORD117491,2026-08-27,S05,P03,2,52.00,会员储值
ORD117845,2026-08-30,S01,P15,1,6.00,支付宝
ORD107713,2026-06-21,S05,P02,1,30.00,现金
ORD100438,2026-05-03,S03,P08,2,50.00,现金
ORD116576,2026-08-21,S04,P10,1,24.00,现金
ORD106793,2026-06-16,S02,P02,1,30.00,银行卡
ORD106042,2026-06-11,S01,P01,1,32.00,现金
ORD103269,2026-05-23,S02,P03,1,26.00,银行卡
ORD113545,2026-08-01,S01,P02,1,30.00,支付宝
ORD100722,2026-05-05,S03,P14,1,10.00,银行卡
ORD108833,2026-06-29,S03,P07,3,66.00,微信
ORD100746,2026-05-05,S04,P11,2,52.00,现金
ORD104065,2026-05-28,S03,P15,1,6.00,微信
ORD117642,2026-08-29,S01,P12,1,8.00,现金
ORD117692,2026-08-29,S02,P03,1,26.00,会员储值
ORD105491,2026-06-06,S05,P04,3,114.00,现金
ORD104490,2026-05-31,S01,P12,1,8.00,支付宝
ORD110954,2026-07-13,S05,P20,1,22.00,支付宝
ORD109842,2026-07-06,S02,P05,2,68.00,现金
ORD115887,2026-08-16,S02,P06,1,45.00,银行卡
ORD102787,2026-05-19,S03,P02,1,30.00,银行卡
ORD111149,2026-07-15,S02,P04,1,38.00,会员储值
ORD110962,2026-07-13,S05,P11,1,26.00,银行卡
ORD112560,2026-07-25,S03,P13,1,20.00,支付宝
ORD105934,2026-06-10,S01,P08,3,75.00,支付宝
ORD106995,2026-06-17,S05,P16,2,10.00,微信
ORD117366,2026-08-26,S05,P19,1,15.00,银行卡
ORD112267,2026-07-22,S04,P03,1,26.00,会员储值
ORD107480,2026-06-20,S04,P08,2,50.00,微信
ORD110455,2026-07-11,S01,P12,2,16.00,现金
ORD112398,2026-07-23,S04,P10,1,24.00,支付宝
ORD117979,2026-08-30,S04,P10,1,24.00,支付宝
ORD100439,2026-05-03,S03,P05,2,68.00,支付宝
ORD100680,2026-05-05,S02,P05,1,34.00,银行卡
ORD105636,2026-06-07,S04,P07,3,66.00,支付宝
ORD117514,2026-08-28,S01,P12,1,8.00,现金
ORD108090,2026-06-24,S05,P08,3,75.00,银行卡
ORD110979,2026-07-13,S05,P13,1,20.00,会员储值
ORD117507,2026-08-27,S05,P13,1,20.00,会员储值
ORD100197,2026-05-02,S02,P06,1,42.00,现金
ORD100246,2026-05-02,S03,P19,1,15.00,微信
ORD107864,2026-06-23,S01,P16,1,5.00,现金
ORD113527,2026-07-31,S05,P01,1,32.00,支付宝
ORD104843,2026-06-02,S03,P04,2,76.00,微信
ORD100406,2026-05-03,S02,P03,1,26.00,银行卡
ORD106056,2026-06-11,S02,P06,1,42.00,支付宝
ORD102506,2026-05-17,S03,P09,1,18.00,现金
ORD106413,2026-06-13,S04,P03,2,52.00,银行卡
ORD114639,2026-08-08,S02,P21,1,16.00,支付宝
ORD106023,2026-06-11,S01,P06,2,84.00,微信
ORD107846,2026-06-22,S05,P19,1,15.00,支付宝
ORD117809,2026-08-29,S05,P15,1,6.00,现金
ORD108840,2026-06-29,S03,P08,1,25.00,现金
ORD115592,2026-08-14,S04,P13,2,40.00,会员储值
ORD103382,2026-05-23,S04,P07,2,44.00,现金
ORD103179,2026-05-22,S03,P08,1,25.00,现金
ORD117361,2026-08-26,S04,P10,1,24.00,银行卡
ORD103935,2026-05-27,S03,P08,2,50.00,银行卡
ORD106170,2026-06-12,S02,P02,2,60.00,支付宝
ORD114884,2026-08-09,S03,P17,2,24.00,微信
ORD101205,2026-05-09,S02,P04,2,76.00,支付宝
ORD107431,2026-06-20,S03,P20,1,22.00,会员储值
ORD111004,2026-07-14,S01,P02,1,30.00,银行卡
ORD115688,2026-08-15,S02,P05,1,34.00,会员储值
ORD102403,2026-05-16,S05,P12,1,8.00,现金
ORD105735,2026-06-08,S01,P14,2,20.00,微信
ORD105259,2026-06-05,S04,P99,1,18.00,会员储值
ORD108199,2026-06-25,S04,P05,1,34.00,现金
ORD113417,2026-07-31,S01,P01,2,64.00,支付宝
ORD102167,2026-05-15,S04,P14,1,10.00,支付宝
ORD104690,2026-06-01,S02,P18,1,18.00,会员储值
ORD116067,2026-08-17,S01,P19,2,30.00,会员储值
ORD111867,2026-07-19,S05,P05,2,68.00,银行卡
ORD109215,2026-07-02,S03,P10,1,24.00,会员储值
ORD115202,2026-08-11,S03,P12,1,8.00,支付宝
ORD112223,2026-07-22,S03,P07,1,22.00,会员储值
ORD106418,2026-06-13,S05,P14,3,30.00,现金
ORD105364,2026-06-06,S02,P17,2,24.00,现金
ORD105601,2026-06-07,S03,P07,2,44.00,现金
ORD103215,2026-05-22,S05,P01,2,64.00,微信
ORD103205,2026-05-22,S05,P17,2,24.00,支付宝
ORD115122,2026-08-10,S05,P20,1,22.00,会员储值
ORD114591,2026-08-07,S05,P04,1,38.00,现金
ORD110129,2026-07-08,S03,P07,2,44.00,现金
ORD103282,2026-05-23,S02,P01,1,32.00,银行卡
ORD100796,2026-05-06,S01,P03,3,78.00,银行卡
ORD100429,2026-05-03,S03,P03,1,26.00,支付宝
ORD112435,2026-07-24,S01,P02,1,30.00,会员储值
ORD113311,2026-07-30,S02,P06,1,45.00,现金
ORD114423,2026-08-06,S04,P15,1,   ,银行卡
ORD102148,2026-05-15,S03,P01,2,64.00,银行卡
ORD107919,2026-06-23,S03,P09,1,18.00,现金
ORD117504,2026-08-27,S05,P12,1,8.00,支付宝
ORD107073,2026-06-18,S02,P06,3,87.00,现金
ORD100866,2026-05-06,S04,P10,1,24.00,微信
ORD100876,2026-05-06,S04,P04,1,38.00,会员储值
ORD101102,2026-05-08,S03,P08,1,25.00,现金
ORD105957,2026-06-10,S02,P05,3,102.00,银行卡
ORD112432,2026-07-24,S01,P01,1,32.00,支付宝
ORD116025,2026-08-16,S05,P19,1,15.00,银行卡
ORD111805,2026-07-19,S03,P08,1,25.00,会员储值
ORD110014,2026-07-07,S03,P07,2,44.00,支付宝
ORD106033,2026-06-11,S01,P09,2,36.00,支付宝
ORD117208,2026-08-25,S04,P10,1,24.00,会员储值
ORD106008,2026-06-10,S05,P07,2,44.00,银行卡
ORD114913,2026-08-09,S04,P06,1,45.00,银行卡
ORD111623,2026-07-18,S04,P15,1,6.00,银行卡
ORD103818,2026-05-26,S03,P09,2,36.00,支付宝
ORD102024,2026-05-14,S03,P19,1,15.00,支付宝
ORD108579,2026-06-28,S01,P10,1,24.00,银行卡
ORD100030,2026-05-01,S02,P06,2,84.00,会员储值
ORD107830,2026-06-22,S05,P19,2,30.00,银行卡
ORD111011,2026-07-14,S02,P04,1,38.00,微信
ORD111246,2026-07-16,S01,P09,1,18.00,会员储值
ORD111649,2026-07-18,S04,P18,1,18.00,会员储值
ORD106129,2026-06-12,S01,P18,2,36.00,现金
ORD100810,2026-05-06,S02,P05,1,34.00,银行卡
ORD117766,2026-08-29,S04,P03,2,52.00,支付宝
ORD118006,2026-08-30,S05,P12,2,16.00,微信
ORD113037,2026-07-28,S02,P06,2,90.00,会员储值
ORD102743,2026-05-19,S01,P02,2,60.00,支付宝
ORD109490,2026-07-04,S02,P04,1,38.00,银行卡
ORD110731,2026-07-12,S03,P09,1,18.00,支付宝
ORD110288,2026-07-09,S04,P02,1,30.00,微信
ORD108359,2026-06-26,S05,P12,1,8.00,现金
ORD116986,2026-08-23,S05,P16,1,5.00,支付宝
ORD116621,2026-08-22,S01,P18,2,36.00,支付宝
ORD114625,2026-08-08,S01,P02,2,60.00,银行卡
ORD115946,2026-08-16,S03,P21,3,48.00,微信
ORD116889,2026-08-23,S03,P03,2,52.00,支付宝
ORD104340,2026-05-30,S02,P13,1,20.00,支付宝
ORD106502,2026-06-14,S02,P17,1,12.00,现金
ORD108329,2026-06-26,S04,P14,1,10.00,银行卡
ORD115247,2026-08-11,S05,P21,1,16.00,支付宝
ORD104111,2026-05-28,S04,P11,2,52.00,支付宝
ORD106850,2026-06-16,S04,P10,2,48.00,现金
ORD108882,2026-06-29,S05,P19,1,15.00,现金
ORD115420,2026-08-13,S02,P04,2,76.00,现金
ORD106722,2026-06-15,S04,P11,2,52.00,微信
ORD110074,2026-07-08,S01,P09,1,18.00,现金
ORD103734,2026-05-25,S05,P03,3,78.00,支付宝
ORD103028,2026-05-21,S02,P04,2,76.00,现金
ORD103926,2026-05-27,S02,P17,1,12.00,银行卡
ORD112304,2026-07-23,S01,P03,2,52.00,银行卡
ORD118127,2026-08-31,S04,P10,2,48.00,微信
ORD102635,2026-05-18,S01,P01,2,64.00,会员储值
ORD117907,2026-08-30,S02,P06,1,45.00,银行卡
ORD111035,2026-07-14,S03,P16,1,5.00,银行卡
ORD111238,2026-07-15,S05,P02,1,30.00,银行卡
ORD113684,2026-08-01,S04,P10,3,72.00,会员储值
ORD114114,2026-08-04,S02,P01,1,32.00,会员储值
ORD108512,2026-06-27,S04,P03,1,26.00,现金
ORD113540,2026-08-01,S01,P12,1,8.00,支付宝
ORD113452,2026-07-31,S02,P06,2,90.00,银行卡
ORD104717,2026-06-01,S03,P08,2,50.00,支付宝
ORD116590,2026-08-21,S05,P07,1,22.00,银行卡
ORD113046,2026-07-28,S02,P15,1,6.00,会员储值
ORD101119,2026-05-08,S04,P17,1,12.00,会员储值
ORD112860,2026-07-26,S05,P03,2,52.00,支付宝
ORD101930,2026-05-13,S05,P07,1,22.00,支付宝
ORD100887,2026-05-06,S05,P03,1,26.00,银行卡
ORD107984,2026-06-24,S01,P01,1,32.00,现金
ORD115305,2026-08-12,S02,P06,1,45.00,支付宝
ORD105773,2026-06-08,S04,P10,1,24.00,现金
ORD110037,2026-07-07,S04,P11,3,78.00,支付宝
ORD109280,2026-07-02,S05,P01,1,32.00,现金
ORD105974,2026-06-10,S04,P10,1,24.00,现金
ORD117724,2026-08-29,S03,P07,1,22.00,现金
ORD116494,2026-08-21,S01,P08,3,75.00,现金
ORD105796,2026-06-08,S05,P11,2,52.00,支付宝
ORD101063,2026-05-08,S02,P05,1,34.00,会员储值
ORD115505,2026-08-13,S05,P17,1,12.00,现金
ORD113338,2026-07-30,S03,P02,1,30.00,微信
ORD104365,2026-05-30,S03,P07,1,22.00,微信
ORD104806,2026-06-02,S01,P17,1,12.00,会员储值
ORD111745,2026-07-19,S02,P04,1,38.00,微信
ORD101631,2026-05-11,S03,P03,1,26.00,会员储值
ORD100352,2026-05-03,S01,P02,1,30.00,银行卡
ORD106063,2026-06-11,S02,P20,1,22.00,会员储值
ORD101109,2026-05-08,S03,P16,1,5.00,银行卡
ORD106653,2026-06-15,S01,P03,2,52.00,支付宝
ORD112841,2026-07-26,S05,P03,1,26.00,微信
ORD117027,2026-08-24,S02,P21,1,16.00,支付宝
ORD113449,2026-07-31,S02,P18,2,36.00,支付宝
ORD113440,2026-07-31,S02,P03,1,26.00,现金
ORD104941,2026-06-03,S02,P06,1,42.00,银行卡
ORD104780,2026-06-01,S05,P01,2,64.00,银行卡
ORD111493,2026-07-17,S05,P07,1,22.00,会员储值
ORD101654,2026-05-11,S04,P09,1,18.00,微信
ORD107778,2026-06-22,S03,P02,1,30.00,现金
ORD109058,2026-07-01,S02,P03,2,52.00,会员储值
ORD104851,2026-06-02,S03,P09,2,36.00,现金
ORD108381,2026-06-27,S01,P01,1,32.00,现金
ORD114873,2026-08-09,S02,P21,1,16.00,微信
ORD113100,2026-07-28,S04,P09,1,18.00,支付宝
ORD111532,2026-07-18,S01,P01,1,32.00,银行卡
ORD112934,2026-07-27,S03,P09,1,18.00,现金
ORD113103,2026-07-28,S04,P01,2,64.00,银行卡
ORD109709,2026-07-05,S03,P07,1,22.00,微信
ORD104264,2026-05-29,S05,P03,3,78.00,现金
ORD114557,2026-08-07,S04,P04,1,¥38.00,会员储值
ORD111409,2026-07-17,S02,P04,1,38.00,会员储值
ORD114131,2026-08-04,S03,P08,1,25.00,支付宝
ORD103648,2026-05-25,S01,P02,2,60.00,支付宝
ORD110776,2026-07-12,S04,P18,1,18.00,微信
ORD100213,2026-05-02,S03,P07,1,22.00,银行卡
ORD112411,2026-07-23,S05,P07,1,22.00,银行卡
ORD114226,2026-08-05,S01,P08,1,25.00,现金
ORD102134,2026-05-15,S02,P17,1,12.00,支付宝
ORD114563,2026-08-07,S04,P11,1,26.00,银行卡
ORD110690,2026-07-12,S02,P12,2,16.00,微信
ORD113081,2026-07-28,S03,P07,1,,支付宝
ORD112531,2026-07-25,S02,P05,3,102.00,会员储值
ORD104838,2026-06-02,S03,P09,2,36.00,会员储值
ORD112956,2026-07-27,S04,P10,1,24.00,现金
ORD113210,,S03,P17,1,12.00,会员储值
ORD107615,2026/6/21,S03,P08,1,,现金
ORD113712,2026-08-01,S05,P11,1,26.00,微信
ORD115168,2026-08-11,S02,P06,1,45.00,银行卡
ORD107743,2026-06-22,S01,P01,1,32.00,微信
ORD113918,2026-08-02,S05,P19,1,15.00,会员储值
ORD100836,2026-05-06,S03,P07,1,22.00,现金
ORD107500,2026-06-20,S05,P03,1,26.00,会员储值
ORD114445,2026-08-06,S05,P19,2,30.00,银行卡
ORD100446,2026-05-03,S03,P08,2,50.00,现金
ORD108279,2026-06-26,S02,P18,1,18.00,会员储值
ORD100104,2026-05-01,S04,P10,1,24.00,会员储值
ORD104832,2026-06-02,S02,P05,2,68.00,银行卡
ORD112450,2026-07-24,S02,P06,1,45.00,会员储值
ORD114213,2026-08-05,S01,P18,2,36.00,会员储值
ORD114471,2026-08-07,S01,P02,1,30.00,现金
ORD109433,2026-07-04,S01,P06,3,135.00,现金
ORD116880,2026-08-23,S02,P01,3,96.00,银行卡
ORD104898,2026-06-02,S05,P02,3,90.00,现金
ORD107473,2026-06-20,S04,P03,1,26.00,会员储值
ORD100335,2026-05-03,S01,P01,1,32.00,现金
ORD107036,2026-06-18,S01,P19,3,45.00,微信
ORD105394,06-06-2026,S03,P06,2,,银行卡
ORD107102,2026-06-18,S02,P06,2,58.00,微信
ORD109997,2026-07-07,S03,P20,1,22.00,现金
ORD110233,2026-07-09,S02,P06,2,90.00,银行卡
ORD114706,2026-08-08,S03,P07,1,22.00,银行卡
ORD105105,2026-06-04,S03,P08,1,25.00,微信
ORD115497,2026-08-13,S05,P20,1,22.00,银行卡
ORD107842,2026-06-22,S05,P08,1,25.00,会员储值
ORD116183,2026-08-18,S03,P21,2,32.00,会员储值
ORD117511,2026-08-28,S01,P15,1,6.00,现金
ORD105188,2026-06-05,S01,P18,1,18.00,现金
ORD113808,2026-08-02,S02,P14,1,10.00,现金
ORD108483,2026-06-27,S04,P16,2,10.00,银行卡
ORD115529,2026-08-14,S01,P03,2,52.00,微信
ORD106695,2026-06-15,S03,P07,1,22.00,微信
ORD103320,2026-05-23,S03,P17,2,24.00,现金
ORD107762,2026-06-22,S02,P05,2,68.00,会员储值
ORD117463,2026-08-27,S03,P09,1,18.00,银行卡
ORD114813,2026-08-09,S01,P12,1,8.00,会员储值
ORD116821,2026-08-23,S01,P18,1,18.00,会员储值
ORD113078,2026-07-28,S03,P08,1,25.00,现金
ORD115337,2026-08-12,S04,P20,1,22.00,现金
ORD115140,2026-08-11,S01,P02,1,30.00,微信
ORD111515,2026-07-18,S01,P01,1,32.00,银行卡
ORD101572,2026-05-11,S01,P04,1,38.00,会员储值
ORD117644,2026-08-29,S01,P02,2,60.00,现金
ORD110435,2026-07-10,S05,P19,1,15.00,银行卡
ORD108581,2026-06-28,S01,P02,3,90.00,会员储值
ORD101561,2026-05-11,S01,P02,1,30.00,会员储值
ORD108466,2026-06-27,S03,P19,1,15.00,现金
ORD106551,2026-06-14,S03,P07,2,44.00,支付宝
ORD115609,2026-08-14,S04,P04,1,38.00,现金
ORD101008,2026-05-07,S05,P16,2,10.00,微信
ORD105603,2026-06-07,S03,P05,1,34.00,银行卡
ORD110724,2026-07-12,S03,P07,3,66.00,现金
ORD111186,2026-07-15,S04,P03,2,52.00,支付宝
ORD110788,2026-07-12,S04,P11,1,26.00,银行卡
ORD101514,2026-05-10,S05,P20,2,44.00,银行卡
ORD100376,2026-05-03,S02,P10,2,48.00,支付宝
ORD110274,2026-07-09,S03,P07,1,22.00,微信
ORD105751,2026-06-08,S02,P05,1,34.00,会员储值
ORD108165,2026-06-25,S03,P02,2,60.00,支付宝
ORD100331,2026-05-03,S01,P01,3,96.00,现金
ORD102427,2026-05-17,S01,P02,2,60.00,银行卡
ORD114882,2026-08-09,S03,P16,2,10.00,现金
ORD117356,2026-08-26,S04,P10,2,48.00,银行卡
ORD101861,2026-05-13,S02,P05,2,68.00,现金
ORD101463,2026-05-10,S03,P10,1,24.00,微信
ORD101499,2026-05-10,S04,P15,1,6.00,会员储值
ORD113937,2026-08-02,S05,P03,1,26.00,会员储值
ORD106664,2026-06-15,S01,P02,1,30.00,微信
ORD103121,2026-05-22,S01,P13,2,40.00,微信
ORD113246,2026-07-29,S05,P01,2,64.00,现金
ORD113778,2026-08-02,S02,P18,1,18.00,银行卡
ORD108289,2026-06-26,S03,P15,3,18.00,微信
ORD110493,2026-07-11,S01,P01,1,32.00,微信
ORD117835,2026-08-29,S05,P18,1,18.00,现金
ORD114073,2026-08-04,S01,P21,2,32.00,银行卡
ORD115752,2026-08-15,S03,P18,1,18.00,银行卡
ORD110210,2026-07-09,S01,P02,1,30.00,微信
ORD105839,2026-06-09,S01,P10,2,48.00,会员储值
ORD115458,2026-08-13,S03,P07,1,22.00,现金
ORD116147,2026-08-18,S01,P01,1,32.00,会员储值
ORD113676,2026-08-01,S04,P08,1,25.00,会员储值
ORD104048,2026-05-28,S02,P04,2,76.00,银行卡
ORD102949,2026-05-20,S04,P11,2,52.00,会员储值
ORD115963,2026-08-16,S04,P07,1,22.00,会员储值
ORD110991,2026-07-14,S01,P02,1,30.00,会员储值
ORD111718,2026-07-19,S01,P17,1,12.00,现金
ORD102663,2026-05-18,S03,P15,2,12.00,支付宝
ORD112048,2026-07-21,S01,P03,1,26.00,银行卡
ORD105763,2026-06-08,S02,P04,2,76.00,会员储值
ORD102718,2026-05-18,S05,P13,1,20.00,会员储值
ORD111529,2026-07-18,S01,P11,1,26.00,微信
ORD101004,2026-05-07,S04,P03,2,52.00,会员储值
ORD112152,2026-07-21,S05,P03,1,26.00,支付宝
ORD103430,24-05-2026,S01,P01,2,¥64.00,银行卡
ORD106323,2026-06-13,S02,P04,2,76.00,银行卡
ORD107494,2026-06-20,S05,P15,1,6.00,现金
ORD101721,2026-05-12,S02,P04,1,38.00,银行卡
ORD113892,2026-08-02,S04,P11,1,26.00,支付宝
ORD110061,2026-07-07,S05 ,P05,1,34.00,微信
ORD110720,2026-07-12,S02,P05,3,102.00,银行卡
ORD103703,2026/5/25,S04,P19,1,15.00,银行卡
ORD105718,2026-06-08,S01,P13,1,20.00,支付宝
ORD112084,2026-07-21,S03,P07,1,22.00,现金
ORD101634,2026-05-11,S03,P07,1,22.00,银行卡
ORD108963,2026-06-30,S03,P09,3,54.00,会员储值
ORD116071,2026-08-17,S03,P03,1,26.00,支付宝
ORD100815,2026-05-06,S02,P18,1,18.00,银行卡
ORD114534,2026-08-07,S03,P10,2,48.00,会员储值
ORD111754,2026-07-19,S02,P04,1,38.00,会员储值
ORD102965,2026-05-20,S05,P03,3,78.00,银行卡
ORD112617,2026-07-25,S04,P11,1,26.00,支付宝
ORD103961,2026-05-27,S03,P07,1,22.00,银行卡
ORD102913,2026-05-20,S03,P19,2,30.00,银行卡
ORD113331,2026-07-30,S03,P09,1,18.00,支付宝
ORD109410,2026-07-03,S05,P16,1,5.00,微信
ORD103050,2026-05-21,S03,P12,2,16.00,会员储值
ORD109390,2026-07-03,S04,P10,1,24.00,支付宝
ORD116530,2026-08-21,S03,P05,2,68.00,银行卡
ORD113250,2026-07-29,S05,P20,1,22.00,支付宝
ORD108786,2026-06-29,S01,P01,1,32.00,银行卡
ORD110551,2026-07-11,S03,P01,2,64.00,银行卡
ORD109451,2026-07-04,S01,P13,1,20.00,现金
ORD116977,2026-08-23,S05,P13,3,60.00,银行卡
ORD114205,2026-08-04,S05,P21,3,48.00,会员储值
ORD108476,2026-06-27,s03,P03,1,26.00,支付宝
ORD112308,2026-07-23,S01,P13,1,20.00,支付宝
ORD103283,2026-05-23,S02,P03,2,52.00,微信
ORD106364,2026-06-13,S03,P07,1,22.00,微信
ORD107681,2026-06-21,S05,P14,1,10.00,支付宝
ORD104595,2026-05-31,S04,P10,2,48.00,微信
ORD103141,2026-05-22,S02,P06,2,84.00,银行卡
ORD110247,2026-07-09,S02,P11,1,26.00,微信
ORD111548,2026-07-18,S02,P14,2,20.00,支付宝
ORD107210,2026-06-19,S01,P01,1,32.00,会员储值
ORD110382,2026-07-10,S02,P05,2,68.00,支付宝
ORD112025,2026-07-20,S05,P01,1,32.00,现金
ORD100079,2026-05-01,S03,P09,1,18.00,银行卡
ORD106286,2026-06-13,S01,P01,1,32.00,银行卡
ORD108534,2026-06-27,S05,P03,1,26.00,微信
ORD101760,2026-05-12,S04,P11,3,78.00,会员储值
ORD112868,2026-07-26,S05,P20,1,22.00,银行卡
ORD114781,2026-08-08,S05,P03,2,52.00,支付宝
ORD114630,2026-08-08,S02,P04,1,38.00,现金
ORD115542,2026-08-14,S02,P13,3,60.00,会员储值
ORD114266,2026-08-05,S03,P08,1,25.00,现金
ORD108814,2026-06-29,S03,P19,2,30.00,微信
ORD107242,2026-06-19,S02,P06,1,42.00,银行卡
ORD115357,2026-08-12,S04,P12,2,16.00,现金
ORD113351,2026-07-30,S03,P08,3,75.00,会员储值
ORD102418,2026-05-17,S01,P13,1,20.00,微信
ORD107367,2026-06-20,S02,P06,1,42.00,支付宝
ORD104794,2026-06-02,S01,P02,1,30.00,现金
ORD117311,2026-08-26,S03,P08,1,25.00,现金
ORD107296,2026-06-19,S04,P14,2,20.00,现金
ORD110780,2026-07-12,S04,P17,2,24.00,银行卡
ORD109833,2026-07-06,S01,P13,1,20.00,银行卡
ORD111078,2026-07-14,S04,P03,1,26.00,微信
ORD109402,2026-07-03,S05,P19,1,15.00,会员储值
ORD115586,2026-08-14,S03,P16,2,10.00,会员储值
ORD106632,2026-06-14,S05,P20,1,22.00,支付宝
ORD108026,2026-06-24,S02,P10,1,24.00,微信
ORD106704,2026-06-15,S03,P09,2,36.00,银行卡
ORD102894,2026-05-20,S02,P06,2,84.00,微信
ORD112478,2026-07-24,S05,P06,1,45.00,会员储值
ORD113472,2026-07-31,S03,P17,1,12.00,支付宝
ORD108723,2026-06-28,S04,P10,1,24.00,微信
ORD113416,2026-07-31,S01,P10,3,72.00,支付宝
ORD108602,2026-06-28,S01,P17,1,12.00,会员储值
ORD103105,2026-05-21,S05,P16,1,5.00,支付宝
ORD113869,2026-08-02,S04,P10,2,48.00,支付宝
ORD110558,2026-07-11,S03,P08,1,25.00,银行卡
ORD112053,2026-07-21,S01,P13,1,20.00,微信
ORD108968,2026-06-30,S03,P07,1,22.00,支付宝
ORD102356,2026-05-16,S04,P12,2,16.00,支付宝
ORD116544,2026-08-21,S03,P15,1,6.00,支付宝
ORD114093,2026-08-04,S01,P20,2,44.00,会员储值
ORD115403,2026-08-13,S01,P02,1,30.00,微信
ORD117599,2026-08-28,S04,P17,2,24.00,银行卡
ORD104283,2026-05-30,S01,P12,2,16.00,会员储值
ORD111611,2026-07-18,S03,P04,2,76.00,会员储值
ORD104256,2026-05-29,S05,P20,1,22.00,支付宝
ORD109156,2026-07-01,S05,P11,1,26.00,现金
ORD104778,2026-06-01,S05,P03,1,26.00,微信
ORD115878,2026-08-16,S02,P05,1,34.00,支付宝
ORD114758,2026-08-08,S05,P07,1,22.00,支付宝
ORD107738,2026-06-22,S01,P01,1,32.00,银行卡
ORD100218,2026-05-02,S03,P01,1,32.00,银行卡
ORD106243,2026-06-12,S05,P07,1,22.00,微信
ORD107746,2026-06-22,S01,P12,2,16.00,现金
ORD100799,2026-05-06,S01,P02,1,30.00,微信
ORD100953,2026-05-07,S02,P12,1,8.00,支付宝
ORD112257,2026-07-22,S04,P18,2,36.00,支付宝
ORD107680,2026-06-21,S04,P18,1,18.00,微信
ORD117070,2026-08-24,S03,P14,2,20.00,会员储值
ORD103948,2026-05-27,S03,P01,1,32.00,会员储值
ORD108425,2026-06-27,S02,P18,2,36.00,微信
ORD110641,2026-07-11,S05,P11,1,26.00,银行卡
ORD104480,2026-05-31,S01,P02,1,30.00,现金
ORD111247,2026-07-16,S01,P12,2,16.00,会员储值
ORD104840,2026-06-04,S03,P02,1,-30.00,银行卡
ORD101483,2026-05-10,S04,P15,3,18.00,支付宝
ORD112497,2026-07-25,S01,P15,2,12.00,会员储值
ORD109685,2026-07-05,S02,P12,1,8.00,银行卡
ORD110276,2026-07-09,S03,P13,1,20.00,会员储值
ORD101902,2026-05-13,S04,P10,2,48.00,支付宝
ORD114610,2026-08-08,S01,P02,1,30.00,会员储值
ORD107639,2026-06-21,S03,P07,1,22.00,会员储值
ORD105820,2026-06-08,S05,P10,1,24.00,会员储值
ORD117681,2026-08-29,S02,P05,2,68.00,银行卡
ORD115810,2026-08-15,S05,P20,1,22.00,会员储值
ORD109751,2026-07-05,S04,P18,1,18.00,银行卡
ORD103974,2026-05-27,S04,P08,1,25.00,现金
ORD117570,2026-08-28,S03,P12,1,8.00,会员储值
ORD112412,2026-07-23,S05,P15,2,12.00,支付宝
ORD110571,2026-07-11,S03,P09,1,18.00,会员储值
ORD112770,2026-07-26,S03,P08,1,25.00,微信
ORD110195,2026-07-09,S01,P12,1,8.00,现金
ORD109635,2026-07-05,S01,P02,2,60.00,微信
ORD108321,2026-06-26,S04,P10,1,24.00,会员储值
ORD102839,2026-05-19,S05,P05,1,34.00,会员储值
ORD111111,2026-07-14,S05,P20,1,22.00,微信
ORD108724,2026-06-28,S04,P11,1,26.00,现金
ORD117727,2026-08-29,S03,P16,1,5.00,支付宝
ORD101381,2026-05-10,S01,P15,1,6.00,微信
ORD108759,2026-06-28,S05,P01,2,64.00,现金
ORD105093,2026-06-04,S02,P17,3,36.00,支付宝
ORD102472,2026-05-17,S02,P04,1,38.00,现金
ORD116287,2026-08-19,S03,P09,3,54.00,会员储值
ORD107840,2026-06-22,S05,P06,1,42.00,银行卡
ORD114367,2026-08-06,S02,P04,2,76.00,微信
ORD116432,2026-08-20,S04,P10,1,24.00,现金
ORD110359,2026-07-10,S02,P06,1,45.00,会员储值
ORD106289,2026-06-13,S01,P02,3,90.00,支付宝
ORD116838,2026-08-23,S01,P14,2,,会员储值
ORD101979,2026-05-14,S02,P04,2,76.00,现金
ORD109124,2026-07-01,S04,P15,1,6.00,微信
ORD102878,2026-05-20,S01,P15,1,6.00,支付宝
ORD111283,2026-07-16,S02,P17,1,12.00,银行卡
ORD104187,2026-05-29,S02,P04,1,   ,微信
ORD100390,2026-05-03,S02,P07,2,44.00,银行卡
ORD104064,2026-05-28,S02,P05,1,34.00,会员储值
ORD103874,2026-05-26,S05,P03,1,26.00,银行卡
ORD102789,2026-05-19,S03,P08 ,2,50.00,微信
ORD113215,2026-07-29,S03,P10,1,24.00,会员储值
ORD108919,2026-06-30,S01,P04,1,38.00,银行卡
ORD115532,2026-08-14,S01,P16,2,10.00,银行卡
ORD110151,2026-07-08,S04,P20,1,22.00,微信
ORD107785,2026-06-22,S03,P09,1,18.00,支付宝
ORD114846,2026-08-09,S02,P03,1,26.00,微信
ORD114164,2026-08-04,S04,P10,1,24.00,会员储值
ORD117178,2026-08-25,S03,P06,1,45.00,会员储值
ORD118076,2026-08-31,S02,P21,2,32.00,支付宝
ORD105771,2026-06-08,S04,P10,3,72.00,会员储值
ORD115354,2026-08-12,S04,P21,1,16.00,支付宝
ORD115927,2026-08-16,S03,P06,1,45.00,银行卡
ORD108397,2026-06-27,S01,P04,1,38.00,会员储值
ORD103347,2026-05-23,S04,P11,3,78.00,微信
ORD117376,2026-08-26,S05,P15,1,6.00,银行卡
ORD111969,2026-07-20,S03,P07,1,22.00,微信
ORD103759,2026-05-26,S01,P12,3,24.00,银行卡
ORD113907,2026-08-02,S05,P03,1,26.00,支付宝
ORD102370,2026-05-16,S04,P10,1,24.00,微信
ORD112937,2026-07-27,S03,P18,3,54.00,现金
ORD112650,2026-07-25,S05,P06,1,45.00,微信
ORD107490,2026/6/20,S05,P14,2,,微信
ORD106725,2026-06-15,S04,P10,2,48.00,现金
ORD112603,2026-07-25,S04,P03,1,26.00,支付宝
ORD108762,2026-06-28,S05,P20,1,22.00,会员储值
ORD114218,2026-08-05,S01,P14,1,10.00,支付宝
ORD115594,2026-08-14,S04,P04,1,38.00,会员储值
ORD112338,2026-07-23,S02,P18,1,18.00,支付宝
ORD113780,2026-08-02,S02,P14,1,10.00,支付宝
ORD102921,2026-05-20,S03,P08,1,25.00,支付宝
ORD109963,2026-07-07,S01,P12,1,8.00,会员储值
ORD100668,2026-05-05,S01,P03,2,52.00,支付宝
ORD101617,2026-05-11,S03,P14,2,20.00,支付宝
ORD102324,2026-05-16,S03,P18,1,18.00,银行卡
ORD115463,13-08-2026,S03,P00,2,32.00,现金
ORD113270,2026-07-29,S05,P13,1,20.00,会员储值
ORD103473,2026-05-24,S02,P06,1,42.00,银行卡
ORD114977,2026-08-09,S05,P12,1,8.00,银行卡
ORD104059,2026-05-28,S02,P06,2,84.00,会员储值
ORD117486,2026-08-27,S04,P10,2,48.00,会员储值
ORD100340,2026-05-03,S01,P02,1,30.00,银行卡
ORD113721,2026-08-01,S05,P20,2,44.00,会员储值
ORD112229,2026-07-22,S03,P17,2,24.00,支付宝
ORD116819,2026-08-23,S01,P16,1,5.00,银行卡
ORD113490,2026-07-31,S04,P14,1,10.00,支付宝
ORD113510,2026-07-31,S05,P06,1,45.00,现金
ORD107839,2026-06-22,S05,P01,1,32.00,微信
ORD114377,2026-08-06,S02,P04,2,76.00,会员储值
ORD113524,2026-07-31,S05,P04,1,38.00,现金
ORD112146,2026-07-21,S05,P06,2,90.00,支付宝
ORD117592,2026-08-28,S04,P10,1,24.00,银行卡
ORD112479,2026-07-24,S05,P19,2,30.00,支付宝
ORD113360,2026-07-30,S04,P01,1,32.00,银行卡
ORD104943,2026-06-03,S02,P06,1,42.00,会员储值
ORD110941,2026-07-13,S04,P11,1,26.00,银行卡
ORD116591,2026-08-21,S05,P02,2,60.00,支付宝
ORD101845,2026-05-13,S01,P17,1,12.00,会员储值
ORD105513,2026-06-07,S01,P02,1,30.00,银行卡
ORD116902,2026-08-23,S03,P09,-1,54.00,支付宝
ORD111606,2026-07-18,S03,P08,3,75.00,银行卡
ORD103582,2026-05-24,S04,P19,1,15.00,银行卡
ORD108350,2026-06-26,s05,P03,2,52.00,银行卡
ORD101203,2026-05-09,S02,P15,2,12.00,现金
ORD101530,2026-05-10,S05,P03,1,26.00,会员储值
ORD117585,2026-08-28,S03,P03,1,26.00,微信
ORD108664,2026-06-28,S03,P01,1,32.00,微信
ORD115967,2026-08-16,S04,P15,1,6.00,会员储值
ORD109004,2026-06-30,S05,P03,2,52.00,现金
ORD115480,2026-08-13,S04,P10,2,48.00,会员储值
ORD109014,2026-06-30,S05,P19,1,15.00,支付宝
ORD115841,2026-08-16,S01,P12,1,8.00,现金
ORD113182,2026-07-29,S02,P08,1,25.00,支付宝
ORD113217,2026-07-29,S03,P09,1,18.00,会员储值
ORD106009,2026-06-10,S05,P13,1,20.00,现金
ORD111305,2026-07-16,S03,P06,3,135.00,支付宝
ORD106086,2026-06-11,S04,P11,1,26.00,现金
ORD104432,2026-05-30,S05,P19,2,30.00,银行卡
ORD113462,2026-07-31,S03,P07,1,22.00,现金
ORD109629,2026-07-05,S01,P02,2,60.00,支付宝
ORD111791,2026-07-19,S03,P08,1,25.00,支付宝
ORD102734,2026-05-18,S05,P11,1,26.00,会员储值
ORD112862,2026-07-26,S05,P06,1,45.00,会员储值
ORD101907,2026-05-13,S04,P10,2,48.00,支付宝
ORD112881,2026-07-27,S01,P12,1,8.00,现金
ORD117212,2026-08-25,S04,P17,2,24.00,微信
ORD106764,2026-06-16,S01,P02,1,30.00,现金
ORD117745,2026-08-29,S03,P09,2,36.00,支付宝
ORD108302,2026-06-26,S03,P09,1,18.00,现金
ORD105111,2026-06-04,S03,P02,2,60.00,微信
ORD101503,2026-05-10,S04,P08,3,75.00,现金
ORD101647,2026-05-11,S04,P03,1,26.00,微信
ORD113639,2026-08-01,S03,P16,1,5.00,会员储值
ORD105318,2026-06-06,S01,P11,1,26.00,现金
ORD105295,2026-06-05,S05,P04,1,38.00,银行卡
ORD114823,2026-08-09,S01,P03,3,78.00,会员储值
ORD117895,2026-08-30,S02,P19,1,15.00,现金
ORD107542,2026-06-21,S01,P15,1,6.00,现金
ORD111994,2026-07-20,S04,P09,1,18.00,微信
ORD106490,2026-06-14,S01,P01,1,32.00,支付宝
ORD113802,2026-08-02,S02,P06,1,45.00,现金
ORD114070,2026-08-03,S05,P11,2,52.00,现金
ORD110326,2026-07-09,S05,P02,1,30.00,银行卡
ORD108703,2026-06-28,S04,P16,0,5.00,现金
ORD101083,2026-05-10,S02,P06,1,-42.00,微信
ORD107553,2026-06-21,S01,P16,3,15.00,会员储值
ORD111585,2026-07-18,S03,P09,1,18.00,微信
ORD109968,2026-07-07,S02,P07,2,44.00,微信
ORD108947,2026-06-30,S02,P12,2,16.00,现金
ORD107406,2026-06-20,S03,P18,1,18.00,银行卡
ORD111787,2026-07-19,S03,P07,2,44.00,微信
ORD106409,2026-06-13,S04,P03,1,26.00,微信
ORD107323,2026-06-19,S05,P04,1,38.00,支付宝
ORD100973,2026-05-07,S03,P09,1,18.00,微信
ORD112280,2026-07-22,S05,P18,1,18.00,支付宝
ORD105071,2026-06-04,S02,P05,2,68.00,银行卡
ORD116881,2026-08-23,S03,P04,2,76.00,会员储值
ORD115154,2026-08-11,S02,P03,3,78.00,银行卡
ORD116629,2026-08-22,S01,P02,3,90.00,微信
ORD103954,2026-05-27,S03,P12,1,8.00,会员储值
ORD115342,2026-08-12,S04,P21,2,32.00,支付宝
ORD107694,2026-06-21,S05,P19,1,15.00,微信
ORD116657,2026-08-22,S02,P04,1,38.00,银行卡
ORD108983,2026-06-30,S04,P12,2,16.00,支付宝
ORD108434,2026-06-27,S02,P13,1,20.00,现金
ORD102081,2026-05-15,S01,P02,1,30.00,银行卡
ORD102428,2026-05-17,S01,P14,1,10.00,微信
ORD103748,2026-05-25,S05,P18,2,36.00,微信
ORD106414,2026-06-13,S04,P16,1,5.00,支付宝
ORD113867,2026-08-02,S04,P10,1,24.00,银行卡
ORD101706,2026-05-12,S01,P15,1,6.00,银行卡
ORD100538,2026-05-04,S01,P12,2,16.00,银行卡
ORD101159,2026-05-08,S05,P05,1,34.00,银行卡
ORD107904,2026-06-23,S03,P09,2,36.00,会员储值
ORD111104,2026-07-14,S05,P19,1,15.00,支付宝
ORD115772,2026-08-15,S04,P20,2,44.00,会员储值
ORD115766,2026-08-15,S03,P08,1,25.00,银行卡
ORD113067,2026-07-28,S03,P08,1,25.00,支付宝
ORD103803,2026-05-26,S02,P05,1,34.00,微信
ORD112296,2026-07-22,S05,P20,2,44.00,支付宝
ORD112388,2026-07-23,S04,P10,1,24.00,银行卡
ORD114184,2026-08-04,S05,P08,3,75.00,支付宝
ORD109807,2026-07-05,S05,P08,1,25.00,支付宝
ORD116348,2026-08-19,S05,P11,1,26.00,会员储值
ORD111427,2026-07-17,S03,P08,2,50.00,支付宝
ORD108755,2026-06-28,S05,P19,3,45.00,微信
ORD110073,2026-07-08,S01,P03,1,26.00,现金
ORD100514,2026-05-03,S05,P13,1,20.00,微信
ORD108235,2026-06-26,S01,P15,1,6.00,银行卡
ORD112581,2026-07-25,S03,P09,1,18.00,银行卡
ORD115872,2026-08-16,S01,P01,1,32.00,支付宝
ORD110370,2026-07-10,S02,P05,2,68.00,支付宝
ORD108306,2026-06-26,S03,P17,1,¥ 12.00,会员储值
ORD116299,2026-08-19,S03,P09,1,18.00,银行卡
ORD106273,2026-06-13,S01,P02,2,60.00,支付宝
ORD101517,2026-05-10,S05,P12,1,8.00,支付宝
ORD101714,2026-05-12,S02,P04,1,38.00,现金
ORD117844,2026-08-30,S01,P05,1,34.00,会员储值
ORD116176,2026-08-18,S03,P09,1,18.00,现金
ORD100452,2026-05-03,S04,P13,1,20.00,银行卡
ORD117755,2026-08-29,S03,P08,2,50.00,会员储值
ORD113824,2026-08-02,S03,P07,3,66.00,现金
ORD106192,2026-06-12,S03,P09,1,18.00,会员储值
ORD112685,2026-07-26,S01,P15,1,6.00,银行卡
ORD108608,2026-06-28,S02,P04,1,38.00,会员储值
ORD107856,2026-06-23,S01,P02,1,30.00,会员储值
ORD100703,2026-05-05,S02,P06,2,84.00,现金
ORD104850,2026-06-02,S03,P07,3,66.00,会员储值
ORD114306,2026-08-05,S04,P21,3,48.00,微信
ORD111160,2026-07-15,S02,P04,1,38.00,微信
ORD107938,2026-06-23,S04,P10,2,48.00,会员储值
ORD116859,2026-08-23,S02,P05,2,68.00,支付宝
ORD107612,2026-06-21,S03,P13,2,40.00,现金
ORD108834,2026-06-29,S03,P12,1,8.00,现金
ORD116086,2026-08-17,S03,P09,3,54.00,现金
ORD106555,2026-06-14,S03,P07,2,44.00,会员储值
ORD104975,2026-06-03,S03,P04,1,38.00,微信
ORD109466,2026-07-04,S02,P15,3,18.00,现金
ORD110815,2026-07-12,S05,P07,1,22.00,银行卡
ORD116522,2026-08-21,S02,P05,2,68.00,会员储值
ORD115423,2026-08-13,S02,P17,1,12.00,支付宝
ORD107459,2026-06-20,S04,P12,1,8.00,会员储值
ORD117383,2026-08-26,S05,P06,1,45.00,银行卡
ORD105275,2026-06-05,S04,P11,2,52.00,银行卡
ORD103383,2026-05-23,S04,P08,2,50.00,微信
ORD108001,2026-06-24,S01,P19,1,15.00,会员储值
ORD115285,2026-08-12,S02,P06,2,90.00,银行卡
ORD108522,2026-06-27,S04,P12,1,8.00,支付宝
ORD112622,2026-07-25,S04,P03,2,52.00,支付宝
ORD117990,2026-08-30,S04,P10,1,24.00,支付宝
ORD109226,2026-07-02,S03,P07,1,22.00,会员储值
ORD105098,2026-06-04,S03,P08,2,50.00,现金
ORD109064,2026-07-01,S02,P03,2,52.00,会员储值
ORD109413,2026-07-03,S05,P01,1,32.00,支付宝
ORD109520,2026-07-04,S03,P13,1,20.00,银行卡
ORD110656,2026-07-12,S01,P17,2,24.00,现金
ORD112032,2026-07-21,S01,P08,3,75.00,现金
ORD107962,2026-06-23,S05,P09,1,18.00,微信
ORD104814,2026-06-02,S02,P06,3,126.00,微信
ORD104343,2026-05-30,S02,P13,2,40.00,支付宝
ORD113443,2026-07-31,S02,P16,1,5.00,会员储值
ORD110159,2026-07-08,S04,P15,1,6.00,银行卡
ORD108030,2026-06-24,S02,P06,1,42.00,会员储值
ORD108130,2026-06-25,S01,P16,1,5.00,支付宝
ORD101268,2026-05-09,S03,P09,1,18.00,支付宝
ORD100392,2026-05-03,S02,P06,1,42.00,银行卡
ORD101562,2026-05-11,S01,P20,2,44.00,现金
ORD117174,2026-08-25,S02,P04,1,38.00,微信
ORD104907,2026-06-02,S05,P07,2,44.00,银行卡
ORD101453,2026-05-10,S03,P08,1,25.00,支付宝
ORD112254,2026-07-22,S04,P11,2,52.00,现金
ORD103895,2026-05-27,S01,P17,1,,微信
ORD110930,2026-07-13,S04,P10,1,24.00,微信
ORD112701,2026-07-26,S01,P99,1,32.00,微信
ORD112453,2026-07-24,S03,P05,1,34.00,微信
ORD107206,2026/6/19,S01,P02,1,30.00,现金
ORD100805,2026-05-06,S02,P17,1,12.00,银行卡
ORD102704,2026-05-18,S04,P16,2,10.00,银行卡
ORD114791,2026-08-08,S05,P06,1,45.00,微信
ORD110592,2026-07-11,S04,P11,3,78.00,会员储值
ORD103631,2026-05-25,S01,P15,1,6.00,银行卡
ORD106168,2026-06-12,S02,P05,1,34.00,银行卡
ORD105887,2026-06-09,S04,P11,1,26.00,现金
ORD116186,2026-08-18,S03,P08,2,50.00,现金
ORD117816,2026-08-29,S05,P05,1,34.00,银行卡
ORD108414,2026-06-27,S02,P01,2,64.00,银行卡
ORD105554,2026-06-07,S01,P15,2,12.00,现金
ORD117026,2026-08-24,S02,P17,1,12.00,微信
ORD109791,2026-07-05,S05,P01,1,32.00,银行卡
ORD110160,2026-07-08,S04,P10,1,24.00,现金
ORD106605,2026-06-14,S05,P07,1,22.00,会员储值
ORD116604,2026-08-22,S01,P15,1,6.00,银行卡
ORD116285,2026-08-19,S03,P09,1,18.00,支付宝
ORD112103,2026-07-21,S03,P08,2,50.00,支付宝
ORD117667,2026-08-29,S01,P18,3,54.00,现金
ORD112171,2026-07-22,S01,P02,1,30.00,支付宝
ORD100592,2026-05-04,S03,P08,1,25.00,会员储值
ORD105890,2026-06-09,S04,P18,1,18.00,会员储值
ORD108991,2026-06-30,S04,P03,1,26.00,现金
ORD102585,2026-05-17,S05,P04,2,76.00,支付宝
ORD102267,2026-05-16,S02,P04,1,38.00,会员储值
ORD113678,2026-08-01,S04,P01,2,64.00,支付宝
ORD117826,2026-08-29,S05,P14,2,20.00,银行卡
ORD113456,2026-07-31,S02,P01,1,32.00,微信
ORD100366,2026-05-03,S01,P12,2,16.00,微信
ORD104802,2026-06-02,S01,P15,1,6.00,银行卡
ORD102395,2026-05-16,S05,P04,2,76.00,会员储值
ORD100496,2026-05-03,S05,P12,1,8.00,会员储值
ORD105632,2026-06-07,S03,P19,2,30.00,现金
ORD101208,2026-05-09,S02,P05,1,34.00,现金
ORD105348,2026-06-06,S01,P04,2,76.00,会员储值
ORD114224,2026-08-05,S01,P01,2,64.00,会员储值
ORD114091,2026-08-04,S01,P01,1,32.00,支付宝
ORD101336,2026-05-09,S05,P20,3,66.00,银行卡
ORD108040,2026-06-24,S03,P13,1,20.00,支付宝
ORD110006,2026-07-07,S03,P06,2,90.00,现金
ORD106920,2026-06-17,S02,P15,1,6.00,会员储值
ORD116708,2026-08-22,S03,P11,1,26.00,现金
ORD113821,2026-08-02,S03,P21,2,32.00,银行卡
ORD103609,2026-05-24,S05,P09,2,36.00,现金
ORD102817,2026-05-19,S04,P08,1,25.00,现金
ORD112669,2026-07-25,S05,P16,1,5.00,现金
ORD116491,2026-08-21,S01,P01,1,32.00,微信
ORD117804,2026-08-29,S05,P20,2,44.00,支付宝
ORD104636,2026-05-31,S05,P16,2,10.00,微信
ORD107419,2026-06-20,S03,P07,2,44.00,现金
ORD102103,2026-05-15,S01,P02,1,30.00,现金
ORD104435,2026-05-30,S05,P08,2,50.00,现金
ORD101681,2026-05-11,S05,P17,1,12.00,会员储值
ORD104965,2026-06-03,S03,P03,1,26.00,银行卡
ORD116582,2026-08-21,S05,P03,1,26.00,现金
ORD104866,2026-06-02,S04,P12,1,8.00,银行卡
ORD103514,2026-05-24,S03,P08,1,25.00,现金
ORD111132,2026-07-15,S01,P01,1,32.00,会员储值
ORD116542,2026-08-21,S03,P13,2,40.00,会员储值
ORD117139,2026-08-25,S01,P02,2,60.00,会员储值
ORD112796,2026-07-26,S04,P16,2,10.00,微信
ORD105403,2026-06-06,S03,P07,1,22.00,现金
ORD111374,2026-07-17,S01,P02,2,60.00,微信
ORD111518,2026-07-18,S01,P01,1,32.00,支付宝
ORD115292,2026-08-12,S02,P04,1, ¥38.00 ,现金
ORD113673,2026-08-01,S04,P13,3,60.00,现金
ORD111632,2026-07-18,S04,P11,1,26.00,会员储值
ORD104674,2026-06-01,S01,P01,2,64.00,银行卡
ORD104284,2026-05-30,S01,P01,1,32.00,银行卡
ORD100537,2026-05-04,S01,P12,1,8.00,会员储值
ORD101604,2026-05-11,S02,P05,2,68.00,支付宝
ORD103757,2026-05-26,S01,P14,1,10.00,会员储值
ORD104984,2026-06-03,S04,P20,1,22.00,微信
ORD114017,2026-08-03,S04,P11,1,26.00,微信
ORD108209,2026-06-25,S05,P09,1,,支付宝
ORD107725,2026-06-22,S01,P08,1,25.00,现金
ORD100790,2026-05-06,S01,P12,1,8.00,现金
ORD112158,2026-07-21,S05,P04,1,38.00,现金
ORD105510,2026-06-06,S05,P06,2,84.00,会员储值
ORD102438,2026-05-17,S01,P01,1,32.00,微信
ORD101169,2026-05-09,S01,P02,2,60.00,银行卡
ORD107421,2026-06-20,S03,P09,1,18.00,银行卡
ORD111052,2026-07-14,S03,P09,1,18.00,支付宝
ORD116264,2026-08-19,S01,P14,1,10.00,银行卡
ORD103326,2026-05-23,S03,P15,2,12.00,现金
ORD102973,2026-05-20,S05,P19,2,30.00,银行卡
ORD106745,2026-06-15,S05,P12,1,8.00,现金
ORD115429,2026-08-13,S02,P05,1,34.00,现金
ORD116809,2026-08-23,S01,P19,1,15.00,现金
ORD110434,2026-07-10,S05,P13,1,20.00,银行卡
ORD111584,2026-07-18,S03,P09,2,36.00,微信
ORD106436,2026-06-13,S05,P03,1,26.00,微信
ORD106935,2026-06-17,S02,P14,2,20.00,支付宝
ORD110675,2026-07-12,S01,P07,1,22.00,微信
ORD104342,2026-05-30,S02,P06,2,84.00,微信
ORD101923,2026-05-13,S05,P17,1,12.00,会员储值
ORD112846,2026-07-26,S05,P08,1,25.00,现金
ORD117167,2026-08-25,S02,P17,2,24.00,现金
ORD100224,2026-05-02,S03,P07,3,66.00,微信
ORD116347,2026-08-19,S05,P20,2,44.00,银行卡
ORD109486,2026-07-04,S02,P06,1,45.00,会员储值
ORD107017,2026-06-18,S01,P19,2,30.00,银行卡
ORD107760,2026-06-22,S02,P04,2,76.00,会员储值
ORD114333,2026-08-05,S05,P17,1,12.00,现金
ORD108332,2026-06-26,S04,P11,1,26.00,银行卡
ORD110919,2026-07-13,S03,P19,2,30.00,会员储值
ORD113381,2026-07-30,S05,P19,2,30.00,现金
ORD104681,2026-06-01,S01,P01,1,,支付宝
ORD101184,2026-05-09,S01,P11,1,26.00,支付宝
ORD105025,2026-06-03,S05,P02,1,30.00,微信
ORD108515,2026-06-27,S04,P10,1,24.00,支付宝
ORD115885,2026-08-16,S02,P18,2,36.00,微信
ORD102398,2026-05-16,S05,P03,1,26.00,银行卡
ORD106288,2026-06-13,S01,P12,1,8.00,微信
ORD106751,2026-06-15,S05,P20,2,44.00,银行卡
ORD106011,2026-06-10,S05,P13,2,40.00,会员储值
ORD109233,2026-07-02,S03,P19,1,15.00,会员储值
ORD105841,2026-06-09,S01,P02,1,30.00,微信
ORD105981,2026-06-10,S04,P12,1,8.00,微信
ORD112896,2026-07-27,S01,P01,1,32.00,支付宝
ORD116594,2026-08-21,S05,P12,2,16.00,现金
ORD107731,2026-06-22,S01,P13,2,40.00,支付宝
ORD106881,2026-06-16,S05,P03,1,26.00,会员储值
ORD114242,2026-08-05,S02,P04,1,38.00,会员储值
ORD111328,2026-07-16,S04,P17,1,12.00,支付宝
ORD114180,2026-08-04,S05,P07,2,44.00,银行卡
ORD104989,2026-06-03,S04,P11,2,52.00,支付宝
ORD112918,2026-07-27,S02,P00,3,78.00,银行卡
ORD116719,2026-08-22,S03,P09,1,18.00,会员储值
ORD103564,2026-05-24,S04,P10,2,48.00,会员储值
ORD104109,2026-05-28,S04,P11,1,26.00,微信
ORD117626,2026-08-28,S05,P20,1,22.00,现金
ORD114688,2026-08-08,S03,P07,2,44.00,银行卡
ORD102751,2026-05-19,S01,P14,1,10.00,银行卡
ORD106903,2026-06-17,S01,P15,2,12.00,支付宝
ORD105231,2026-06-05,S02,P04,1,38.00,银行卡
ORD102259,2026-05-16,S02,P15,1,6.00,银行卡
ORD115096,2026-08-10,S04,P13,1,20.00,现金
ORD110273,2026-07-09,S03,P06,1,45.00,支付宝
ORD113789,2026-08-02,S02,P20,2,44.00,微信
ORD103042,2026-05-21,S03,P09,1,18.00,现金
ORD102925,2026-05-20,S03,P07,1,22.00,银行卡
ORD103059,2026-05-21,S04,P15,1,6.00,支付宝
ORD114352,2026-08-06,S01,P19,1,15.00,支付宝
ORD110839,2026-07-12,S05,P10,1,24.00,现金
ORD114449,2026-08-06,S05,P14,2,20.00,会员储值
ORD117041,2026-08-24,S02,P06,1,45.00,会员储值
ORD113837,2026-08-02,S03,P07,1,22.00,微信
ORD102602,2026-05-17,S05,P19,1,15.00,银行卡
ORD103886,2026-05-27,S01,P07,1,22.00,微信
ORD102667,2026-05-18,S03,P07,1,22.00,现金
ORD111723,2026-07-19,S01,P04,1,38.00,现金
ORD116487,2026-08-21,S01,P16,2,10.00,现金
ORD110313,2026-07-09,S05,P06,2,90.00,微信
ORD110826,2026-07-12,S05,P05,3,102.00,支付宝
ORD110683,2026-07-12,S01,P13,1,20.00,微信
ORD117707,2026-08-29,S02,P08,1,25.00,微信
ORD102541,2026-05-17,S04,P11,2,52.00,现金
ORD112649,2026-07-25,S05,P03,1,26.00,银行卡
ORD116960,2026-08-23,S05,P20,2,44.00,支付宝
ORD102500,2026-05-17,S03,P18,2,36.00,现金
ORD100268,2026-05-02,S04,P11,1,26.00,银行卡
ORD103196,2026-05-22,S04,P16,1,5.00,会员储值
ORD111488,2026-07-17,S05,P01,1,32.00,现金
ORD101279,2026-05-09,S03,P08,2,50.00,会员储值
ORD112303,2026-07-23,S01,P14,3,30.00,银行卡
ORD110616,2026-07-11,S05,P20,2,44.00,微信
ORD110522,2026-07-11,S02,P17,1,12.00,微信
ORD107183,2026-06-18,S05,P06,2,84.00,会员储值
ORD106319,2026-06-13,S02,P11,1,26.00,支付宝
ORD108309,2026-06-26,S04,P10,3,72.00,会员储值
ORD114171,2026-08-04,S04,P03,1,26.00,微信
ORD101590,2026-05-11,S02,P03,1,26.00,现金
ORD114207,2026-08-05,S01,P21,2,32.00,支付宝
ORD110519,2026-07-11,S02,P06,1,45.00,现金
ORD101222,2026-05-09,S02,P04,1,38.00,会员储值
ORD107655,2026-06-21,S04,P07,3,66.00,银行卡
ORD104210,2026-05-29,S03,P09,1,18.00,现金
ORD102745,2026-05-19,S01,P11,3,78.00,支付宝
ORD101909,2026-05-13,S04,P13,1,20.00,支付宝
ORD110208,2026-07-09,S01,P15,1,6.00,现金
ORD107985,2026-06-24,S01,P03,1,26.00,微信
ORD117428,2026-08-27,S02,P19,3,45.00,微信
ORD115770,2026-08-15,S04,P17,2,24.00,会员储值
ORD118052,2026-08-31,S01,P16,2,10.00,银行卡
ORD116634,2026-08-22,S01,P06,1,45.00,会员储值
ORD111559,2026-07-18,S02,P06,1,45.00,银行卡
ORD106534,2026-06-14,S03,P09,1,18.00,微信
ORD101248,2026-05-09,S03,P07,3,66.00,微信
ORD109688,2026-07-05,S02,P06,2,90.00,微信
ORD113760,2026-08-02,S01,P13,3,60.00,银行卡
ORD107041,2026-06-18,S02,P14,1,10.00,现金
ORD108317,2026-06-26,S04,P11,3,78.00,现金
ORD100468,2026-05-03,S04,P06,1,42.00,现金
ORD116089,2026-08-17,S03,P08,2,50.00,微信
ORD112186,2026-07-22,S01,P08,3,75.00,支付宝
ORD100821,2026-05-06,S02,P03,1,26.00,支付宝
ORD112030,2026-07-21,S01,P06,1,45.00,微信
ORD101274,2026-05-09,S03,P03,1,26.00,微信
ORD117893,2026-08-30,S02,P05,1,34.00,现金
ORD112349,2026-07-23,S02,P06,2,90.00,银行卡
ORD100660,2026-05-05,S01,P06,1,42.00,会员储值
ORD116739,2026-08-22,S04,P07,2,44.00,现金
ORD117930,2026-08-30,S03,P07,1,22.00,银行卡
ORD107878,2026-06-23,S02,P04,1,38.00,微信
ORD108619,2026-06-28,S02,P01,1,32.00,现金
ORD104856,2026-06-02,S03,P17,1,12.00,银行卡
ORD104767,2026-06-01,S05,P04,3,114.00,银行卡
ORD103635,2026-05-25,S01,P02,1,30.00,微信
ORD117775,2026-08-29,S04,P17,2,24.00,支付宝
ORD101364,2026-05-10,S01,P15,1,6.00,微信
ORD106381,2026-06-13,S04,P10,1,24.00,会员储值
ORD111175,2026-07-15,S03,P20,1,22.00,会员储值
ORD110523,2026-07-11,S02,P06,1,45.00,银行卡
ORD114874,2026-08-09,S03,P02,2,60.00,银行卡
ORD114495,2026-08-07,S02,P06,1,45.00,微信
ORD109408,2026-07-03,S05,P19,1,15.00,支付宝
ORD117047,2026-08-24,S02,P06,2,90.00,银行卡
ORD112575,2026-07-25,S03,P14,1,10.00,支付宝
ORD100433,2026-05-03,S03,P07,2,44.00,银行卡
ORD114619,2026-08-08,S01,P17,1,12.00,银行卡
ORD107641,2026-06-21,S03,P07,1,22.00,支付宝
ORD108075,2026-06-24,S04,P03,1,26.00,现金
ORD111304,2026-07-16,S03,P09,2,36.00,微信
ORD105997,2026-06-10,S04,P10,3,72.00,支付宝
ORD110577,2026-07-11,S04,P09,1,18.00,现金
ORD101789,2026-05-12,S05,P01,1,32.00,微信
ORD114782,2026-08-08,S05,P01,2,64.00,银行卡
ORD110709,2026-07-12,S02,P06,2,90.00,支付宝
ORD111441,2026-07-17,S03,P03,1,26.00,银行卡
ORD111744,2026-07-19,S02,P04,1,38.00,现金
ORD113028,2026-07-28,S01,P12,1,8.00,现金
ORD115372,2026-08-12,S05,P09,2,36.00,银行卡
ORD105182,2026-06-05,S01,P12,1,8.00,会员储值
ORD114948,2026-08-09,S04,P10,2,48.00,现金
ORD102885,2026-05-20,S02,P05,1,34.00,支付宝
ORD112861,2026-07-26,S05,P16,2,10.00,银行卡
ORD111738,2026-07-19,S01,P08,1,25.00,会员储值
ORD104610,2026-05-31,S04,P01,1,32.00,微信
ORD102667,2026-05-18,S03,P08,1,25.00,现金
ORD103102,2026-05-21,S05,P19,1,15.00,现金
ORD103601,2026-05-24,S05,P17,1,12.00,微信
ORD117242,2026-08-25,S05,P10,2,48.00,支付宝
ORD117958,2026-08-30,S04,P14,2,20.00,银行卡
ORD113403,2026-07-30,S05,P05,1,34.00,现金
ORD107963,2026-06-23,S05,P15,2,12.00,银行卡
ORD102072,2026-05-14,S05,P20,1,22.00,会员储值
ORD106532,2026-06-14,S03,P08,1,25.00,微信
ORD113207,2026-07-29,S03,P05,1,34.00,会员储值
ORD109455,2026-07-04,S01,P12,2,16.00,现金
ORD103949,2026-05-27,S03,P07,2,44.00,现金
ORD115747,2026-08-15,S03,P08,1,25.00,现金
ORD116963,2026-08-23,S05,P02,1,30.00,支付宝
ORD115362,2026-08-12,S05,P15,2,12.00,银行卡
ORD115825,2026-08-15,S05,P01,1,,微信
ORD115576,2026-08-14,S03,P09,1,18.00,微信
ORD116911,2026-08-23,S03,P07,1,22.00,微信
ORD111390,2026-07-17,S01,P02,2,60.00,支付宝
ORD113644,2026-08-01,S03,P07,1,22.00,现金
ORD112543,2026-07-25,S02,P06,2,90.00,微信
ORD101587,2026-05-11,S02,P14,3,30.00,微信
ORD104375,2026-05-30,S03,P09,2,36.00,支付宝
ORD100271,2026-05-02,S04,P04,1,38.00,会员储值
ORD103505,2026-05-24,S03,P13,2,40.00,会员储值
ORD102959,2026-05-20,S05,P19,1,15.00,现金
ORD111735,2026-07-19,S01,P16,1,5.00,微信
ORD112221,2026-07-22,S03,P07,1,22.00,会员储值
ORD112074,2026-07-21,S02,P06,1,45.00,支付宝
ORD107993,2026-06-24,S01,P01,1,32.00,微信
ORD106759,2026-06-15,S05,P20,2,44.00,微信
ORD110671,2026-07-12,S01,P07,2,44.00,银行卡
ORD117490,2026-08-27,S05,P19,3,45.00,现金
ORD109261,2026-07-02,S04,P11,1,26.00,支付宝
ORD102386,2026-05-16,S05,P02,1,30.00,支付宝
ORD111564,2026-07-18,S02,P05,1,34.00,支付宝
ORD104852,2026-06-02,S03,P08,2,50.00,会员储值
ORD113846,2026-08-02,S03,P20,2,44.00,微信
ORD106383,2026-06-13,S04,P11,3,78.00,现金
ORD109683,2026-07-05,S02,P17,2,24.00,会员储值
ORD113994,2026-08-03,S03,P21,1,16.00,支付宝
ORD101774,2026-05-12,S04,P10,2,48.00,会员储值
ORD101827,2026-05-13,S01,P12,1,8.00,支付宝
ORD100856,2026-05-06,S03,P02,1,30.00,支付宝
ORD116640,2026-08-22,S01,P01,1,32.00,微信
ORD107990,2026-06-24,S01,P01,2,64.00,现金
ORD102975,2026-05-20,S05,P17,2,24.00,现金
ORD107727,2026-06-22,S01,P02,2,60.00,银行卡
ORD110360,2026-07-10,S02,P15,2,12.00,会员储值
ORD102188,2026-05-15,S04,P01,3,96.00,会员储值
ORD101942,2026-05-13,S05,P19,1,15.00,支付宝
ORD116272,2026-08-19,S01,P20,1,22.00,微信
ORD112722,2026-07-26,S02,P05,2,68.00,会员储值
ORD102640,2026-05-18,S02,P03,2,52.00,现金
ORD105124,2026-06-04,S04,P11,2,52.00,银行卡
ORD112842,2026-07-26,S05,P03,2,52.00,支付宝
ORD107609,2026-06-21,S03,P02,1,30.00,会员储值
ORD107989,2026-06-24,S01,P08,1,25.00,现金
ORD113369,2026-07-30,S04,P04,1,38.00,支付宝
ORD114877,2026-08-09,S03,P07,2,44.00,会员储值
ORD111163,2026-07-15,S03,P10,2,48.00,微信
ORD110401,2026-07-10,S03,P08,1,25.00,微信
ORD111567,2026-07-18,S02,P04,2,76.00,支付宝
ORD114747,2026-08-08,S04,P13,1,20.00,微信
ORD113152,2026-07-29,S01,P08,2,50.00,现金
ORD112833,2026-07-26,S05,P07,2,44.00,会员储值
ORD103692,2026-05-25,S03,P03,1,26.00,现金
ORD105010,2026-06-03,S04,P10,1,24.00,微信
ORD114427,2026-08-06,S04,P17,2,24.00,微信
ORD117508,2026-08-27,S05,P03,2,52.00,支付宝
ORD113580,2026-08-01,S02,P05,2,68.00,现金
ORD114211,2026-08-05,S01,P03,1,26.00,银行卡
ORD116314,2026-08-19,S04,P18,2,36.00,银行卡
ORD109498,2026-07-04,S02,P05,3,102.00,现金
ORD115180,2026-08-11,S03,P16,2,10.00,会员储值
ORD102350,2026-05-16,S04,P17,3,36.00,微信
ORD101855,2026-05-13,S02,P17,2,-24.00,微信
ORD101067,2026-05-08,S02,P05,1,34.00,现金
ORD114064,2026-08-03,S05,P21,1,16.00,现金
ORD117959,2026-08-30,S04,P15,3,18.00,银行卡
ORD102185,2026-05-15,S04,P17,1,12.00,现金
ORD105563,2026-06-07,S02,P12,1,8.00,微信
ORD112988,2026-07-27,S05,P07,1,22.00,支付宝
ORD115501,2026-08-13,S05,P09,1,18.00,现金
ORD107295,2026-06-19,S04,P05,2,68.00,会员储值
ORD105939,2026-06-10,S01,P02,2,60.00,微信
ORD115973,2026-08-16,S04,P21,1,16.00,现金
ORD102454,2026-05-17,S01,P19,1,15.00,银行卡
ORD113504,2026-07-31,S04,P10,1,24.00,支付宝
ORD115178,2026-08-11,S03,P08,1,25.00,支付宝
ORD117999,2026-08-30,S05,P03,1,26.00,微信
ORD113664,2026-08-01,S04,P10,1,24.00,支付宝
ORD101303,2026-05-09,S04,P10,1,24.00,支付宝
ORD104215,2026-05-29,S03,P07,1,22.00,现金
ORD117223,2026-08-25,S04,P03,2,52.00,会员储值
ORD101823,2026-05-13,S01,P04,3,114.00,支付宝
ORD109149,2026-07-01,S05,P17,3,36.00,支付宝
ORD116235,2026-08-18,S05,P21,3,48.00,现金
ORD115751,2026-08-15,S03,P09,3,54.00,支付宝
ORD100661,2026-05-05,S01,P01,1,32.00,支付宝
ORD107374,2026-06-20,S02,P04,2,76.00,会员储值
ORD108702,2026-06-28,S04,P13,2,40.00,银行卡
ORD108825,2026-06-29,S03,P08,1,25.00,银行卡
ORD109123,2026-07-01,S04,P13,3,60.00,支付宝
ORD105936,2026-06-10,S01,P01,1,32.00,会员储值
ORD110875,2026-07-13,S02,P03,1,26.00,现金
ORD113379,2026-07-30,S05,P18,1,18.00,支付宝
ORD112087,2026-07-21,S03,P08,1,25.00,银行卡
ORD103462,2026-05-24,S01,P99,1,12.00,支付宝
ORD105795,2026-06-08,S05,P15,1,6.00,会员储值
ORD114722,2026-08-08,S04,P13,3,60.00,银行卡
ORD104670,2026-06-01,S01,P02,1,30.00,微信
ORD114661,2026-08-08,S02,P21,2,32.00,现金
ORD101089,2026-05-08,S03,P12,1,8.00,微信
ORD115278,2026-08-12,S01,P14,1,10.00,银行卡
ORD117991,2026-08-30,S04,P10,1,24.00,会员储值
ORD114670,2026-08-08,S02,P05,3,102.00,现金
ORD116302,2026-08-19,S04,P10,1,24.00,支付宝
ORD115060,2026-08-10,S03,P07,1,22.00,会员储值
ORD100205,2026-05-02,S03,P07,2,44.00,现金
ORD108726,2026-06-28,S04,P09,1,18.00,银行卡
ORD113336,2026-07-30,S03,P07,1,22.00,会员储值
ORD105815,2026-06-08,S05,P19,1,15.00,微信
ORD111126,2026-07-15,s01,P10,1,24.00,会员储值
ORD108092,2026-06-24,S05,P03,2,52.00,支付宝
ORD115327,2026-08-12,S03,P07,2,44.00,银行卡
ORD109543,2026-07-04,S04,P02,1,30.00,会员储值
ORD110855,2026-07-13,S01,P06,1,45.00,微信
ORD110428,2026-07-10,S04,P03,1,26.00,支付宝
ORD109422,2026-07-04,S01,P10,1,24.00,会员储值
ORD117702,2026-08-29,S02,P06,2,90.00,微信
ORD100158,2026-05-02,S01,P01,3,96.00,银行卡
ORD106278,2026-06-13,S01,P12,2,16.00,微信
ORD100879,2026-05-06,S04,P10,2,48.00,支付宝
ORD117476,2026-08-27,S04,P10,1,24.00,银行卡
ORD115762,2026-08-15,S03,P21,1,16.00,支付宝
ORD100350,2026-05-03,S01,P12,1,8.00,支付宝
ORD110934,2026-07-13,S04,P10,3,72.00,支付宝
ORD105060,2026-06-04,S01,P02,1,30.00,微信
ORD105688,2026-06-07,S05,P10,1,24.00,微信
ORD104988,2026-06-03,S04,P15,1,6.00,微信
ORD109881,2026-07-06,S03,P08,1,25.00,会员储值
ORD102968,2026-05-20,S05,P16,2,10.00,现金
ORD103135,2026-05-22,S02,P06,1,42.00,支付宝
ORD114626,2026-08-08,S01,P03,2,52.00,现金
ORD104734,2026-06-01,S04,P10,2,48.00,支付宝
ORD102091,2026-05-15,S01,P20,1,22.00,支付宝
ORD111510,2026-07-18,S01,P14,1,10.00,现金
ORD102752,2026-05-19,S01,P12,1,8.00,支付宝
ORD110139,2026-07-08,S03,P08,1,25.00,支付宝
ORD101457,2026-05-10,S03,P18,1,18.00,会员储值
ORD112799,2026-07-26,S04,P08,1,25.00,会员储值
ORD116363,2026-08-20,S01,P16,2,10.00,银行卡
ORD104894,2026-06-02,S05,P05,1,34.00,现金
ORD114264,2026-08-05,S03,P08,3,75.00,微信
ORD107867,2026-06-23,S01,P15,2,12.00,会员储值
ORD102739,2026-05-19,S01,P19,1,15.00,会员储值
ORD103716,2026-05-25,S04,P02,1,30.00,银行卡
ORD115166,2026-08-11,S02,P06,1,45.00,微信
ORD100291,2026-05-02,S05,P19,1,15.00,银行卡
ORD114609,2026-08-08,S01,P02,1,30.00,微信
ORD112719,2026-07-26,S02,P04,2,76.00,现金
ORD103100,2026-05-21,S05,P10,2,48.00,微信
ORD113995,2026-08-03,S03,P08,1,25.00,微信
ORD100619,2026-05-04,S04,P10,2,48.00,会员储值
ORD106208,2026-06-12,S03,P07,1,22.00,会员储值
ORD106471,2026-06-14,S01,P03,1,26.00,现金
ORD101591,2026-05-11,S02,P04,1,38.00,银行卡
ORD113768,2026-08-02,S01,P12,1,8.00,会员储值
ORD113834,2026-08-02,S03,P21,1,16.00,支付宝
ORD115670,2026-08-15,S01,P17,1,12.00,现金
ORD110041,2026-07-07,S04,P10,1,24.00,支付宝
ORD113598,2026-08-01,S02,P21,1,16.00,现金
ORD110796,2026-07-12,S04,P05,2,68.00,支付宝
ORD104811,2026-06-02,S02,P06,1,42.00,现金
ORD106133,2026-06-12,S01,P04,2,76.00,微信
ORD104853,2026-06-02,S03,P11,1,26.00,银行卡
ORD101950,2026-05-13,S05,P05,1,34.00,微信
ORD105648,2026-06-07,S04,P14,1,10.00,现金
ORD107349,2026-06-20,S01,P11,2,52.00,支付宝
ORD103113,2026-05-22,S01,P11,2,52.00,银行卡
ORD113948,2026-08-03,S01,P01,2,64.00,现金
ORD110569,2026-07-11,S03,P07,1,22.00,银行卡
ORD108927,2026-06-30,S02,P20,1,22.00,微信
ORD112141,2026-07-21,S05,P01,1,32.00,微信
ORD103665,2026-05-25,S02,P04,1,38.00,银行卡
ORD101527,2026-05-10,S05,P05,1,34.00,微信
ORD114297,2026-08-05,S04,P11,2,52.00,现金
ORD105445,2026-06-06,S04,P10,1,24.00,支付宝
ORD117618,2026-08-28,S05,P19,1,15.00,银行卡
ORD100036,2026-05-01,S02,P06,2,84.00,微信
ORD101958,2026-05-14,S01,P05,1,34.00,银行卡
ORD110970,2026-07-13,S05,P04,1,38.00,支付宝
ORD114354,2026-08-06,S01,P04,2,76.00,会员储值
ORD111265,2026-07-16,S01,P02,2,60.00,银行卡
ORD117296,2026-08-26,S02,P09,3,54.00,银行卡
ORD100569,2026-05-04,S02,P11,2,52.00,银行卡
ORD116414,2026-08-20,S03,P21,1,16.00,会员储值
ORD115466,2026-08-13,S04,P15,1,6.00,银行卡
ORD107359,2026-06-20,S01,P01,1,32.00,微信
ORD110189,2026-07-08,S05,P18,1,18.00,现金
ORD108392,2026-06-27,S01,P16,1,5.00,现金
ORD118134,2026-08-31,S05,P13,3,60.00,微信
ORD106048,2026-06-11,S02,P04,1,38.00,支付宝
ORD113543,2026-08-01,S01,P01,2,64.00,支付宝
ORD110316,2026-07-09,S05,P03,1,26.00,微信
ORD103549,2026-05-24,S04,P10,2,48.00,微信
ORD111859,2026-07-19,S04,P20,3,66.00,银行卡
ORD104744,2026-06-01,S04,P15,1,6.00,现金
ORD106017,2026-06-10,S05,P19,2,30.00,微信
ORD116865,2026-08-23,S02,P05,1,34.00,支付宝
ORD110620,2026-07-11,S05,P03,2,52.00,银行卡
ORD107244,2026-06-19,S02,P13,2,40.00,微信
ORD115193,2026-08-11,S03,P17,1,12.00,微信
ORD111291,2026-07-16,S02,P04,3,114.00,微信
ORD112636,2026-07-25,S04,P03,2,52.00,银行卡
ORD113700,2026-08-01,S05,P08,1,25.00,现金
ORD117446,2026-08-27,S03,P07,1,22.00,银行卡
ORD111303,2026-07-16,S03,P18,2,36.00,微信
ORD103336,2026-05-23,S03,P19,2,30.00,微信
ORD113118,2026-07-28,S05,P19,1,15.00,支付宝
ORD103351,2026-05-23,S04,P18,1,18.00,支付宝
ORD106623,2026-06-14,S05,P02,2,60.00,会员储值
ORD112822,2026-07-26,S04,P10,2,48.00,银行卡
ORD103389,2026-05-23,S05,P18,1,,支付宝
ORD109082,2026-07-01,S03,P09,1,18.00,支付宝
ORD112864,2026-07-26,S05,P03,2,52.00,会员储值
ORD104068,2026-05-28,S03,P05,1,34.00,现金
ORD109900,2026-07-06,S04,P15,2,12.00,微信
ORD113098,2026-07-28,S04,P13,2,40.00,银行卡
ORD103309,2026-05-23,S03,P07,2,44.00,微信
ORD110981,2026-07-14,S01,P07,1,22.00,现金
ORD114124,2026-08-04,S02,P03,1,26.00,支付宝
ORD103714,2026-05-25,S04,P10,2,48.00,现金
ORD115416,2026-08-13,S02,P20,2,44.00,会员储值
ORD116308,2026-08-19,S04,P01,1,32.00,会员储值
ORD101475,2026-05-10,S04,P20,2,44.00,会员储值
ORD102774,2026-05-19,S02,P05,1,34.00,微信
ORD115261,2026-08-12,S01,P01,1,32.00,会员储值
ORD104390,2026-05-30,S03,P07,1,22.00,银行卡
ORD105518,2026-06-07,S01,P17,1,12.00,银行卡
ORD107405,2026-06-20,S02,P05,2,68.00,微信
ORD113595,2026-08-01,S02,P05,2,68.00,支付宝
ORD102441,2026-05-17,S01,P13,1,20.00,微信
ORD104101,2026-05-28,S04,P11,1,26.00,微信
ORD115535,2026-08-14,S01,P02,3,90.00,微信
ORD113471,2026-07-31,S03,P99,1,38.00,现金
ORD117965,2026-08-30,S04,P21,2,32.00,银行卡
ORD103718,2026-05-25,S04,P12,2,16.00,银行卡
ORD106363,2026-06-13,S03,P01,1,32.00,现金
ORD104277,2026-05-30,S01,P03,2,52.00,支付宝
ORD106824,2026-06-16,S03,P07,1,22.00,支付宝
ORD117668,2026-08-29,S01,P08,1,25.00,会员储值
ORD102979,2026-05-20,S05,P03,2,52.00,银行卡
ORD117671,2026-08-29,S01,P12,1,8.00,现金
ORD114473,2026-08-07,S01,P01,1,32.00,会员储值
ORD101615,2026-05-11,S03,P09,2,36.00,支付宝
ORD101117,2026-05-08,S04,P04,2,76.00,支付宝
ORD111769,2026-07-19,S02,P13,2,40.00,支付宝
ORD117994,2026-08-30,S05,P07,1,22.00,微信
ORD106749,2026-06-15,S05,P13,1,20.00,微信
ORD102777,2026-05-19,S02,P06,1,42.00,现金
ORD100059,2026-05-01,S03,P14,3,30.00,支付宝
ORD101661,2026-05-11,S05,P11,2,52.00,微信
ORD112394,2026-07-23,S04,P10,2,48.00,微信
ORD114408,2026-08-06,S03,P21,2,32.00,支付宝
ORD108336,2026-06-26,S05,P09,1,18.00,现金
ORD108935,2026-06-30,S02,P10,2,48.00,会员储值
ORD111503,2026-07-17,S05,P10,2,48.00,支付宝
ORD113617,2026-08-01,S03,P21,3,48.00,支付宝
ORD116678,2026-08-22,S02,P06,2,90.00,银行卡
ORD117367,2026-08-26,S05,P01,1,32.00,银行卡
ORD107572,2026-06-21,S02,P06,1,42.00,现金
ORD102174,2026-05-15,S04,P04,1,38.00,现金
ORD110837,2026-07-12,S05,P01,1,32.00,微信
ORD100685,2026-05-05,S02,P04,2,76.00,现金
ORD108687,2026-06-28,S03,P18,1,18.00,现金
ORD105017,2026-06-03,S05,P03,1,26.00,会员储值
ORD114957,2026-08-09,S05,P03,1,26.00,银行卡
ORD115347,2026-08-12,S04,P10,1,24.00,会员储值
ORD114674,2026/8/8,S03,P07,2,44.00,支付宝
ORD110152,2026-07-08,S04,P08,1,25.00,微信
ORD114370,2026-08-06,S02,P05,2,68.00,银行卡
ORD110050,2026-07-07,S05,P05,2,68.00,微信
ORD108347,2026-06-26,S05,P11,3,78.00,现金
ORD116420,2026-08-20,S03,P14,1,10.00,现金
ORD107335,2026-06-20,S01,P10,1,24.00,微信
ORD106392,2026-06-13,S04,P11,3,78.00,银行卡
ORD111958,2026-07-20,S03,P07,2,44.00,会员储值
ORD106606,2026-06-14,S05,P18,1,18.00,微信
ORD109519,2026-07-04,S03,P09,1,18.00,银行卡
ORD116313,2026-08-19,S04,P21,2,32.00,现金
ORD116393,2026-08-20,S02,P21,1,16.00,支付宝
ORD100248,2026-05-02,S04,P16,1,5.00,会员储值
ORD100786,2026-05-06,S01,P17,1,12.00,现金
ORD106189,2026-06-12,S03,P19,2,30.00,支付宝
ORD108404,2026-06-27,S02,P14,2,20.00,支付宝
ORD115730,2026-08-15,S03,P17,3,36.00,支付宝
ORD102439,2026-05-17,S01,P06,2,84.00,支付宝
ORD113013,2026-07-28,S01,P18,3,54.00,会员储值
ORD101532,2026-05-11,S05,P04,1,-38.00,支付宝
ORD100646,2026-05-04,S05,P19,3,45.00,会员储值
ORD113055,2026-07-28,S02,P04,1,38.00,会员储值
ORD109358,2026-07-03,S03,P16,2,10.00,会员储值
ORD102187,2026-05-15,S04,P13,1,20.00,现金
ORD109152,2026-07-01,S05,P20,2,44.00,会员储值
ORD115969,2026-08-16,S04,P10,1,24.00,支付宝
ORD106253,2026-06-12,S05,P15,1,6.00,银行卡
ORD112978,2026-07-27,S04,P08,1,25.00,会员储值
ORD116259,2026-08-19,S01,P13,1,20.00,现金
ORD112847,2026-07-26,S05,P08,1,25.00,会员储值
ORD110331,2026-07-10,S01,P01,2,64.00,银行卡
ORD108152,2026-06-25,S02,P05,1,34.00,银行卡
ORD111338,2026-07-16,S04,P10,2,48.00,支付宝
ORD105446,2026-06-06,S04,P13,2,40.00,会员储值
ORD113534,2026-07-31,S05,P17,2,24.00,银行卡
ORD113890,2026-08-02,S04,P21,2,32.00,微信
ORD112928,2026-07-27,S03,P08,3,75.00,现金
ORD117663,2026-08-29,S01,P11,1,26.00,会员储值
ORD108874,2026-06-29,S05,P18,1,18.00,会员储值
ORD108455,2026-06-27,S03,P12,1,8.00,银行卡
ORD114924,2026-08-09,S04,P11,1,26.00,微信
ORD115662,2026-08-15,S01,P01,2,64.00,银行卡
ORD113202,2026-07-29,S03,P07,2,44.00,支付宝
ORD107115,2026-06-18,S02,P06,1,29.00,现金
ORD107470,2026-06-20,S04,P10,1,24.00,现金
ORD104958,2026-06-03,S02,P05,1,34.00,现金
ORD115492,2026-08-13,S05,P16,1,5.00,支付宝
ORD101965,2026-05-14,S01,P15,2,12.00,微信
ORD100087,2026-05-01,S04,P13,3,60.00,会员储值
ORD101931,2026-05-13,S05,P10,2,48.00,银行卡
ORD109554,2026-07-04,S04,P11,1,26.00,银行卡
ORD109209,2026-07-02,S02,P06,3,135.00,会员储值
ORD112590,2026-07-25,S03,P16,1,5.00,会员储值
ORD115624,2026-08-14,S05,P21,2,32.00,会员储值
ORD113385,2026-07-30,S05,P20,3,66.00,会员储值
ORD107090,2026-06-18,S02,P06,1,29.00,现金
ORD101432,2026-05-10,S02,P04,1,38.00,会员储值
ORD112917,2026-07-27,S02,P04,1,38.00,微信
ORD105300,2026-06-05,S05,P09,1,18.00,银行卡
ORD117587,2026-08-28,S04,P13,2,40.00,支付宝
ORD114219,2026-08-05,S01,P03,1,26.00,支付宝
ORD115396,2026-08-13,S01,P17,1,12.00,微信
ORD117730,2026-08-29,S03,P15,2,12.00,银行卡
ORD101083,2026-05-08,S02,P06,1,42.00,微信
ORD105818,2026-06-08,S05,P20,1,22.00,支付宝
ORD101269,2026-05-09,S03,P07,1,22.00,银行卡
ORD110704,2026-07-12,S02,P15,1,6.00,支付宝
ORD110956,2026-07-13,S05,P18,3,54.00,银行卡
ORD100667,05-05-2026,S01,P17,2,24.00,会员储值
ORD105970,2026-06-10,S02,P18,1,18.00,会员储值
ORD106358,2026-06-13,S03,P13,3,60.00,微信
ORD103444,2026-05-24,S01,P20,1,22.00,支付宝
ORD117627,2026-08-28,S05,P21,1,16.00,微信
ORD102627,2026-05-18,S01,P12,1,8.00,银行卡
ORD114732,2026-08-08,S04,P18,2,36.00,现金
ORD116093,2026-08-17,S03,P01,1,32.00,微信
ORD116360,2026-08-20,S01,P02,2,60.00,会员储值
ORD108377,2026-06-27,S01,P16,1,5.00,会员储值
ORD116648,2026-08-22,S02,P04,1,38.00,支付宝
ORD106637,2026-06-14,S05,P06,1,42.00,现金
ORD104845,2026-06-02,S03,P03,1,26.00,会员储值
ORD102056,2026-05-14,S05,P03,1,26.00,支付宝
ORD112708,2026-07-26,S01,P02,2,60.00,银行卡
ORD105178,2026-06-04,S05,P20,2,44.00,会员储值
ORD108646,2026-06-28,S03,P07,2,44.00,会员储值
ORD106399,2026-06-13,S04,P10,1,24.00,现金
ORD103782,2026-05-26,S02,P05,2,68.00,支付宝
ORD102314,2026-05-16,S03,P07,2,44.00,微信
ORD106521,2026-06-14,S02,P06,1,42.00,微信
ORD108449,2026-06-27,S03,P03,1,26.00,支付宝
ORD113695,2026-08-01,S04,P10,1,24.00,会员储值
ORD104655,2026-05-31,S05,P19,1,15.00,支付宝
ORD105331,2026-06-06,S01,P02,1,30.00,会员储值
ORD103142,2026-05-22,S02,P06,1,42.00,银行卡
ORD117351,2026-08-26,S04,P10,2,48.00,银行卡
ORD108427,2026-06-27,S02,P06,1,42.00,现金
ORD107924,2026-06-23,S03,P07,2,44.00,支付宝
ORD107512,2026-06-20,S05,P18,1,18.00,现金
ORD103700,2026-05-25,S04,P10,2,48.00,银行卡
ORD108416,2026-06-27,S02,P12,2,16.00,银行卡
ORD106571,2026-06-14,S04,P11,2,52.00,支付宝
ORD116725,2026-08-22,S04,P05,2,68.00,支付宝
ORD112529,2026-07-25,S02,P20,2,44.00,支付宝
ORD113317,2026-07-30,S02,P17,1,12.00,微信
ORD116377,2026-08-20,S01,P14,1,10.00,微信
ORD102476,2026-05-17,S02,P12,1,8.00,银行卡
ORD104841,2026-06-02,S03,P06,1,42.00,银行卡
ORD117305,2026-08-26,S02,P12,1,8.00,微信
ORD116854,2026-08-23,S02,P03,1,26.00,支付宝
ORD113128,2026-07-28,S05,P04,1,38.00,微信
ORD116455,2026-08-20,S05,P19,1,15.00,会员储值
ORD111712,2026/7/19,S01,P01,1,32.00,微信
ORD110781,2026-07-12,S04,P10,1,24.00,支付宝
ORD103515,2026-05-24,S03,P07,2,44.00,会员储值
ORD114592,2026-08-08,S01,P13,1,20.00,银行卡
ORD114547,2026-08-07,S04,P21,1,16.00,微信
ORD111935,2026-07-20,S02,P12,1,8.00,微信
ORD104752,2026-06-01,S04,P09,2,36.00,微信
ORD109297,2026-07-03,S01,P14,1,10.00,支付宝
ORD111588,2026-07-18,S03,P08,3,75.00,支付宝
ORD114103,2026-08-04,S02,P01,2,64.00,支付宝
ORD103063,2026-05-21,S04,P17,1,12.00,会员储值
ORD114432,2026-08-06,S04,P10,1,24.00,现金
ORD102984,2026-05-21,S01,P02,2,60.00,会员储值
ORD111286,2026-07-16,S02,P15,3,18.00,银行卡
ORD118066,2026-08-31,S02,P05,1,34.00,现金
ORD107686,2026-06-21,S05,P18,2,36.00,银行卡
ORD111517,2026-07-18,S01,P02,1,30.00,支付宝
ORD100559,2026-05-04,S02,P06,2,84.00,支付宝
ORD109181,2026-07-02,S01,P02,1,30.00,会员储值
ORD111331,2026-07-16,S04,P20,3,66.00,银行卡
ORD108046,2026-06-24,S03,P07,1,22.00,银行卡
ORD106464,2026-06-14,S01,P02,1,30.00,现金
ORD113803,2026-08-02,S02,P17,2,24.00,现金
ORD108346,2026-06-26,S05,P20,1,22.00,银行卡
ORD110914,2026-07-13,S03,P14,3,30.00,银行卡
ORD108049,2026-06-24,S03,P14,1,10.00,银行卡
ORD110841,2026-07-12,S05,P19,2,30.00,会员储值
ORD101295,2026-05-09,S04,P05,1,34.00,现金
ORD113131,2026-07-28,S05,P20,1,22.00,现金
ORD116926,2026-08-23,S04,P19,1,15.00,支付宝
ORD100430,2026-05-03,S03,P13,1,20.00,现金
ORD110583,2026-07-11,S04,P13,2,40.00,支付宝
ORD104014,2026-05-27,S05,P11,1,26.00,支付宝
ORD108475,2026-06-27,S03,P05,1,34.00,现金
ORD116839,2026-08-23,S01,P14,2,20.00,银行卡
ORD100753,2026-05-05,S04,P12,1,8.00,现金
ORD118093,2026-08-31,S03,P08,1,25.00,银行卡
ORD114903,2026-08-09,S03,P19,1,15.00,会员储值
ORD117494,2026-08-27,S05,P07,3,66.00,微信
ORD109047,2026-07-01,S01,P02,2,60.00,银行卡
ORD101525,2026-05-10,S05,P19,3,45.00,微信
ORD100173,2026-05-02,S02,P04,3,114.00,支付宝
ORD110241,2026-07-09,S02,P05,2,68.00,现金
ORD113034,2026-07-28,S02,P06,2,90.00,微信
ORD102872,2026-05-20,S01,P17,1,12.00,现金
ORD113627,2026-08-01,S03,P09,1,18.00,支付宝
ORD113915,2026-08-02,S05,P21,3,48.00,支付宝
ORD116284,2026-08-19,S03,P01,2,64.00,会员储值
ORD102816,2026-05-19,S04,P11,1,26.00,微信
ORD117391,2026-08-27,S01,P21,1,16.00,银行卡
ORD103077,2026-05-21,S04,P10,2,48.00,会员储值
ORD116961,2026-08-23,S05,P01,1,32.00,会员储值
ORD101296,2026-05-09,S04,P12,2,16.00,银行卡
ORD114824,2026-08-09,S01,P12,1,8.00,微信
ORD115496,2026-08-13,S05,P21,1,16.00,现金
ORD110028,2026-07-07,S04,P10,2,48.00,会员储值
ORD110179,2026-07-08,S05,P06,1,45.00,现金
ORD109877,2026-07-06,S03,P09,1,18.00,支付宝
ORD101506,2026-05-10,S04,P13,2,40.00,银行卡
ORD108966,2026-06-30,S03,P06,2,84.00,会员储值
ORD103379,2026-05-23,S04,P15,2,12.00,现金
ORD112191,2026-07-22,S02,P04,1,38.00,银行卡
ORD109993,2026-07-07,S03,P09,2,36.00,会员储值
ORD102105,2026-05-15,S01,P12,2,16.00,微信
ORD118055,2026-08-31,S01,P16,2,10.00,现金
ORD115696,2026-08-15,S02,P04,2,76.00,现金
ORD113468,2026-07-31,S03,P02,3,90.00,会员储值
ORD110726,2026-07-12,S03,P09,1,18.00,支付宝
ORD116984,2026-08-23,S05,P17,3,36.00,微信
ORD105713,2026-06-07,S05,P10,1,24.00,现金
ORD110012,2026-07-07,S03,P09,1,18.00,支付宝
ORD101300,2026-05-09,S04,P15,2,12.00,现金
ORD108636,2026-06-28,S02,P04,2,76.00,支付宝
ORD107016,2026-06-18,S01,P04,1,38.00,会员储值
ORD104835,2026-06-02,S03,P08,1,,现金
ORD108136,2026-06-25,S02,P06,1,42.00,现金
ORD115176,2026-08-11,S03,P07,1,22.00,会员储值
ORD112607,2026-07-25,S04,P11,1,26.00,现金
ORD115848,2026-08-16,S01,P18,1,18.00,会员储值
ORD100228,2026-05-02,S03,P08,1,25.00,微信
ORD112817,2026-07-26,S04,P11,2,52.00,支付宝
ORD104349,2026-05-30,S02,P06,1,42.00,现金
ORD110489,2026-07-11,S01,P02,2,60.00,支付宝
ORD112835,2026-07-26,S05,P03,1,26.00,会员储值
ORD101394,2026-05-10,S01,P15,2,12.00,支付宝
ORD111232,2026-07-15,S05,P19,1,15.00,会员储值
ORD110181,2026-07-08,S05,P12,1,8.00,支付宝
ORD102175,2026-05-15,S04,P10,3,72.00,现金
ORD107485,2026-06-20,S04,P12,1,8.00,现金
ORD104045,2026-05-28,S02,P04,1,38.00,支付宝
ORD111506,2026-07-18,S01,P03,1,26.00,银行卡
ORD113170,2026-07-29,S02,P06,1,45.00,银行卡
ORD112912,2026-07-27,S02,P05,1,34.00,现金
ORD108229,2026-06-25,S05,P19,2,30.00,银行卡
ORD110511,2026-07-11,S02,P06,3,135.00,现金
ORD112154,2026-07-21,S05,P05,1,34.00,会员储值
ORD116690,2026-08-22,S03,P07,1,22.00,现金
ORD110921,2026-07-13,S03,P09,1,18.00,微信
ORD106332,2026-06-13,S02,P05,1,34.00,微信
ORD117330,2026-08-26,S03,P21,2,32.00,会员储值
ORD107557,2026-06-21,S01,P02,3,90.00,现金
ORD114682,2026-08-08,S03,P14,2,20.00,现金
ORD116226,2026-08-18,S05,P03,1,26.00,微信
ORD116916,2026-08-23,S03,P09,1,18.00,现金
ORD110070,2026-07-08,S01,P10,1,24.00,微信
ORD106982,2026-06-17,S04,P10,2,48.00,会员储值
ORD107379,2026-06-20,S02,P02,2,60.00,银行卡
ORD106452,2026-06-13,S05,P20,2,44.00,会员储值
ORD107633,2026-06-21,S03,P05,1,34.00,支付宝
ORD113349,2026-07-30,S03,P09,2,36.00,银行卡
ORD116327,2026-08-19,S05,P07,2,44.00,现金
ORD107755,2026-06-22,S02,P05,1,34.00,会员储值
ORD109109,2026-07-01,S04,P11,3,78.00,银行卡
ORD112741,2026-07-26,S02,P06,1,45.00,会员储值
ORD100026,2026-05-01,S01,P08,1,25.00,微信
ORD110234,2026-07-09,S02,P05,1,34.00,微信
ORD101845,2026-05-13,S01,P02,2,60.00,会员储值
ORD110058,2026-07-07,S05,P17,2,24.00,银行卡
ORD105031,2026-06-03,S05,P03,1,26.00,支付宝
ORD117404,2026-08-27,S01,P15,1,6.00,会员储值
ORD112185,2026-07-22,S01,P03,1,26.00,银行卡
ORD114142,2026-08-04,S03,P15,2,12.00,银行卡
ORD108525,2026-06-27,S05,P12,3,24.00,现金
ORD102542,2026-05-17,S04,P17,1,12.00,现金
ORD108562,2026-06-27,S05,P13,1,20.00,支付宝
ORD102269,2026-05-16,S02,P06,2,84.00,会员储值
ORD103837,2026-05-26,S04,P11,3,78.00,会员储值
ORD108734,2026-06-28,S05,P19,2,30.00,支付宝
ORD104192,2026-05-29,S02,P15,1,6.00,现金
ORD106640,2026-06-14,S05,P06,2,84.00,银行卡
ORD107898,2026-06-23,S02,P04,1,38.00,现金
ORD112944,2026-07-27,S03,P03,1,26.00,支付宝
ORD106601,2026-06-14,S04,P02,2,60.00,支付宝
ORD111932,2026-07-20,S02,P05,2,68.00,支付宝
ORD117846,2026-08-30,S01,P02,3,90.00,支付宝
ORD104877,2026-06-02,S04,P15,1,6.00,微信
ORD111213,2026-07-15,S04,P14,1,10.00,支付宝
ORD108368,2026-06-27,S01,P17,2,24.00,会员储值
ORD117282,2026-08-26,S02,P18,1,18.00,银行卡
ORD117243,2026-08-25,S05,P18,3,54.00,会员储值
ORD111444,2026-07-17,S03,P09,2,36.00,会员储值
ORD113770,2026-08-02,S01,P12,1,8.00,银行卡
ORD113113,2026-07-28,S04,P02,2,60.00,支付宝
ORD108213,2026-06-25,S05,P03,1,26.00,会员储值
ORD107474,2026-06-20,S04,P11,3,78.00,微信
ORD108971,2026-06-30,S03,P03,2,52.00,现金
ORD105537,2026-06-07,S01,P01,2,64.00,会员储值
ORD111741,2026-07-19,S01,P01,1,32.00,银行卡
ORD111846,2026-07-19,S04,P10,1,24.00,支付宝
ORD101192,2026-05-09,S01,P15,1,6.00,现金
ORD104462,2026-05-30,S05,P14,1,10.00,会员储值
ORD103499,2026-05-24,S02,P14,1,10.00,银行卡
ORD105614,2026-06-07,S03,P03,1,26.00,会员储值
ORD100099,2026-05-01,S04,P10,1,24.00,现金
ORD101111,2026-05-08,S03,P07,2,44.00,会员储值
ORD101976,2026-05-14,S01,P19,2,30.00,微信
ORD102918,2026-05-20,S03,P07,2,44.00,银行卡
ORD107202,2026-06-19,S01,P09,1,18.00,银行卡
ORD104645,2026-05-31,S05,P02,2,60.00,银行卡
ORD111453,2026-07-17,S04,P16,1,5.00,会员储值
ORD103633,2026-05-25,S01,P02,3,90.00,会员储值
ORD113493,2026-07-31,S04,P14,2,20.00,银行卡
ORD117894,2026-08-30,S02,P05,2,68.00,支付宝
ORD102589,2026-05-17,S05,P02,3,90.00,微信
ORD109572,2026-07-04,S04,P15,2,12.00,支付宝
ORD102666,2026-05-18,S03,P09,1,18.00,微信
ORD108770,2026-06-29,S01,P02,2,60.00,现金
ORD105586,2026-06-07,S02,P18,2,36.00,支付宝
ORD109869,2026-07-06,S03,P08,1,25.00,现金
ORD117071,2026-08-24,S03,P14,1,10.00,支付宝
ORD102253,2026-05-16,S01,P12,2,16.00,微信
ORD106501,2026-06-14,S02,P16,1,5.00,银行卡
ORD108118,2026-06-25,S01,P03,2,52.00,微信
ORD102604,2026-05-17,S05,P01,2,64.00,支付宝
ORD112320,2026-07-23,S01,P01,2,64.00,微信
ORD111780,2026-07-19,S02,P06,2,90.00,现金
ORD104117,2026-05-28,S05,P17,2,24.00,微信
ORD104039,2026-05-28,S01,P03,1,26.00,微信
ORD109210,2026-07-02,S02,P04,1,38.00,会员储值
ORD111998,2026-07-20,S04,P11,1,26.00,会员储值
ORD106348,2026-06-13,S03,P07,2,44.00,会员储值
ORD109845,2026-07-06,S02,P17,1,12.00,现金
ORD113820,2026-08-02,S03,P08,2,50.00,微信
ORD113042,2026-07-28,S02,P12,1,8.00,微信
ORD110943,2026-07-13,S04,P01,1,32.00,银行卡
ORD115782,2026-08-15,S04,P09,1,18.00,会员储值
ORD117000,2026-08-24,S01,P03,1,26.00,会员储值
ORD116489,2026-08-21,S01,P15,3,18.00,支付宝
ORD114462,2026-08-06,S05,P06,1,45.00,微信
ORD106873,2026-06-16,S05,P05,2,68.00,微信
ORD106280,2026-06-13,S01,P12,1,8.00,支付宝
ORD101367,2026-05-10,S01,P19,2,30.00,会员储值
ORD108023,2026-06-24,S02,P04,1,38.00,微信
ORD104161,2026-05-29,S01,P01,3,96.00,现金
ORD107250,2026-06-19,S02,P16,2,10.00,支付宝
ORD100813,2026-05-06,S02,P06,1,42.00,现金
ORD114988,2026-08-09,S05,P08,1,25.00,会员储值
ORD104505,2026-05-31,S01,P20,1,22.00,支付宝
ORD105206,2026-06-05,S01,P02,2,60.00,会员储值
ORD101186,2026-05-09,S01,P20,3,66.00,支付宝
ORD100119,2026-05-01,S05,P10,1,24.00,微信
ORD116428,2026-08-20,S04,P18,1,18.00,会员储值
ORD107587,2026-06-21,S02,P16,1,5.00,会员储值
ORD107504,2026-06-20,S05,P20,2,44.00,支付宝
ORD109797,2026-07-05,S05,P03,2,52.00,会员储值
ORD107660,2026-06-21,S04,P16,1,5.00,会员储值
ORD113851,2026-08-02,S03,P07,1,22.00,支付宝
ORD103722,2026-05-25,S04,P10,1,24.00,支付宝
ORD116214,2026-08-18,S04,P13,2,40.00,银行卡
ORD106525,2026-06-14,S02,P04,1,38.00,微信
ORD114954,2026-08-09,S04,P21,2,32.00,现金
ORD117620,2026-08-28,S05,P20,1,22.00,微信
ORD106529,2026-06-14,S02,P04,1,38.00,银行卡
ORD116010,2026-08-16,S05,P07,2,44.00,银行卡
ORD101967,2026-05-14,S01,P02,1,30.00,会员储值
ORD106401,2026-06-13,S04,P11,2,52.00,银行卡
ORD111971,2026-07-20,S03,P09,2,36.00,微信
ORD101733,2026-05-12,S03,P05,2,68.00,银行卡
ORD103223,2026-05-22,S05,P15,1,6.00,银行卡
ORD114853,2026-08-09,S02,P06,1,45.00,银行卡
ORD102484,2026-05-17,S02,P06,1,42.00,银行卡
ORD105246,2026-06-05,S03,P09,1,18.00,银行卡
ORD113807,2026-08-02,S02,P06,2,90.00,支付宝
ORD112970,2026-07-27,S04,P11,1,26.00,支付宝
ORD111172,2026-07-15,S03,P07,1,22.00,现金
ORD108297,2026-06-26,S03,P13,1,20.00,现金
ORD108357,2026-06-26,S05,P01,2,64.00,现金
ORD106481,2026-06-14,S01,P19,1,15.00,微信
ORD117239,2026-08-25,S05,P16,3,15.00,微信
ORD103526,2026-05-24,S03,P10,1,24.00,支付宝
ORD116567,2026-08-21,S04,P21,1,16.00,现金
ORD101326,2026-05-09,S05,P06,2,84.00,支付宝
ORD110437,2026-07-10,S05,P05,1,34.00,支付宝
ORD110485,2026-07-11,S01,P03,2,52.00,现金
ORD113368,2026-07-30,S04,P12,2,16.00,会员储值
ORD107693,2026-06-21,S05,P18,3,54.00,现金
ORD103208,2026-05-22,S05,P04,3,114.00,现金
ORD117742,2026-08-29,S03,P04,2,76.00,微信
ORD107850,2026-06-23,S01,P12,1,8.00,微信
ORD115940,2026-08-16,S03,P03,1,26.00,支付宝
ORD110272,2026-07-09,S03,P08,2,50.00,支付宝
ORD103527,2026-05-24,S03,P15,1,6.00,银行卡
ORD101249,2026-05-09,S03,P09,3,54.00,支付宝
ORD102408,2026-05-16,S05,P09,1,18.00,支付宝
ORD115491,2026-08-13,S05,P20,1,22.00,现金
ORD112177,2026-07-22,S01,P12,2,16.00,银行卡
ORD109036,2026-07-01,S01,P01,1,32.00,现金
ORD109598,2026-07-04,S05,P09,3,54.00,现金
ORD103378,2026-05-23,S04,P13,2,40.00,微信
ORD115545,2026-08-14,S02,P02,1,30.00,现金
ORD101197,2026-05-09,S01,P01,2,64.00,微信
ORD107988,2026-06-24,S01,P12,1,8.00,微信
ORD114433,2026-08-06,S04,P17,1,12.00,会员储值
ORD117964,2026-08-30,S04,P10,3,72.00,微信
ORD100123,2026-05-01,S05,P12,2,16.00,会员储值
ORD115566,2026-08-14,S02,P05,1,34.00,会员储值
ORD104005,2026-05-27,S05,P15,1,6.00,会员储值
ORD106714,2026-06-15,S03,P07,1,22.00,支付宝
ORD106781,2026-06-16,S01,P03,2,52.00,银行卡
ORD107357,2026-06-20,S01,P19,2,30.00,会员储值
ORD105282,2026-06-05,S04,P10,3,72.00,银行卡
ORD111344,2026-07-16,S04,P10,2,48.00,微信
ORD100227,2026-05-02,S03,P09,1,18.00,银行卡
ORD111148,2026-07-15,S02,P02,1,30.00,微信
ORD102015,2026-05-14,S03,P07,1,22.00,银行卡
ORD103207,2026-05-22,S05,P19,1,15.00,银行卡
ORD101990,2026-05-14,S02,P06,3,126.00,现金
ORD107944,2026-06-23,S04,P10,1,24.00,支付宝
ORD109610,2026-07-04,S05,P11,1,26.00,银行卡
ORD105792,2026-06-08,S05,P01,1,32.00,现金
ORD104126,2026-05-28,S05,P14,2,20.00,会员储值
ORD106826,2026-06-16,S03,P08,2,50.00,支付宝
ORD109288,2026-07-03,S01,P02,1,30.00,银行卡
ORD104122,2026-05-28,S05,P20,1,22.00,会员储值
ORD117013,2026-08-24,S01,P21,1,16.00,会员储值
ORD106483,2026-06-14,S01,P16,1,5.00,微信
ORD104373,2026-05-30,S03,P02,1,30.00,微信
ORD114585,2026-08-07,S05,P20,3,66.00,会员储值
ORD106443,2026-06-13,S05,P09,2,36.00,会员储值
ORD115506,2026-08-13,S05,P06,1,45.00,微信
ORD112888,2026-07-27,S01,P02,1,30.00,支付宝
ORD111967,2026-07-20,S03,P04,2,76.00,会员储值
ORD115065,2026-08-10,S03,P14,1,10.00,支付宝
ORD101817,2026-05-12,S05,P02,1,30.00,支付宝
ORD106774,2026-06-16,S01,P18,2,36.00,微信
ORD111486,2026-07-17,S05,P13,1,20.00,会员储值
ORD112568,2026-07-25,S03,P20,3,66.00,现金
ORD103656,2026-05-25,S02,P04,1,38.00,银行卡
ORD116385,2026-08-20,S02,P04,1,38.00,现金
ORD107649,2026-06-21,S04,P02,1,30.00,微信
ORD114478,2026-08-07,S01,P03,2,52.00,支付宝
ORD103436,2026-05-24,S01,P02,1,30.00,现金
ORD106070,2026-06-11,S02,P03,1,26.00,微信
ORD104605,2026-05-31,S04,P18,1,18.00,银行卡
ORD112226,2026-07-22,S03,P20,1,22.00,会员储值
ORD101298,2026-05-09,S04,P11,1,26.00,现金
ORD101342,2026-05-09,S05,P05,1,34.00,银行卡
ORD101043,2026-05-08,S01,P18,1,18.00,会员储值
ORD102310,2026-05-16,S03,P07,2,44.00,微信
ORD111252,2026-07-16,S01,P03,1,26.00,现金
ORD104166,2026-05-29,S01,P03,1,26.00,会员储值
ORD114119,2026-08-04,S02,P06,1,45.00,支付宝
ORD117770,2026-08-29,S04,P10,1,24.00,微信
ORD116278,2026-08-19,S03,P09,2,36.00,会员储值
ORD109354,2026-07-03,S03,P01,1,32.00,微信
ORD109650,2026-07-05,S01,P01,2,64.00,银行卡
ORD114485,2026-08-07,S01,P01,1,32.00,银行卡
ORD105583,2026-06-07,S02,P06,2,84.00,支付宝
ORD114315,2026-08-05,S05,P19,1,15.00,支付宝
ORD103281,2026-05-23,S02,P12,3,24.00,微信
ORD108829,2026-06-29,S03,P13,1,20.00,支付宝
ORD104320,2026-05-30,S02,P05,1,34.00,微信
ORD112183,2026-07-22,S01,P01,1,32.00,银行卡
ORD103816,2026-05-26,S03,P07,1,22.00,支付宝
ORD117161,2026-08-25,S02,P16,1,5.00,微信
ORD105055,2026-06-04,S01,P03,2,52.00,微信
ORD107806,2026-06-22,S04,P06,1,42.00,微信
ORD108904,2026-06-30,S01,P14,1,10.00,银行卡
ORD112865,2026-07-26,S05,P06,2,90.00,支付宝
ORD100681,2026/5/5,S02,P17,1,12.00,微信
ORD109255,2026-07-02,S04,P12,1,8.00,微信
ORD103840,2026-05-26,S04,P04,1,38.00,银行卡
ORD101744,2026-05-12,S03,P03,1,26.00,支付宝
ORD111988,2026-07-20,S04,P12,1,8.00,支付宝
ORD115453,2026-08-13,S03,P17,2,24.00,银行卡
ORD103639,2026-05-25,S01,P11,1,26.00,银行卡
ORD111804,2026-07-19,S03,P10,3,72.00,银行卡
ORD112216,2026-07-22,S03,P07,2,44.00,支付宝
ORD118084,2026-08-31,S03,P17,2,24.00,会员储值
ORD106983,2026-06-17,S04,P11,2,52.00,支付宝
ORD116649,2026-08-22,S02,P04,1,38.00,微信
ORD112246,2026-07-22,S04,P03,1,26.00,支付宝
ORD114090,2026-08-04,S01,P01,3,96.00,支付宝
ORD111811,2026-07-19,S03,P02,1,30.00,会员储值
ORD115016,2026-08-10,S01,P01,2,64.00,微信
ORD108003,2026-06-24,S01,P10,2,48.00,会员储值
ORD111212,2026-07-15,S04,P10,1,24.00,现金
ORD117751,2026-08-29,S03,P01,3,96.00,银行卡
ORD104782,2026-06-01,S05,P03,1,26.00,现金
ORD114047,2026-08-03,S05,P15,1,6.00,现金
ORD104688,2026-06-01,S02,P17,2,24.00,微信
ORD101779,2026-05-12,S04,P01,1,32.00,现金
ORD110864,2026-07-13,S01,P14,1,10.00,支付宝
ORD116974,2026-08-23,S05,P03,3,78.00,现金
ORD101011,2026-05-07,S05,P03,2,52.00,微信
ORD101417,2026-05-10,S02,P00,1,32.00,会员储值
ORD104401,2026-05-30,S04,P11,1,26.00,微信
ORD110284,2026-07-09,S04,P10,1,24.00,现金
ORD111817,2026-07-19,S03,P01,1,32.00,微信
ORD102598,2026-05-17,S05,P09,1,18.00,支付宝
ORD114715,2026-08-08,S04,P11,1,26.00,微信
ORD104172,2026-05-29,S02,P06,1,42.00,银行卡
ORD107923,2026-06-23,S03,P07,2,44.00,微信
ORD112260,2026-07-22,s04,P03,1,26.00,银行卡
ORD106957,2026/6/17,S03,P06,1,42.00,现金
ORD106487,2026-06-14,S01,P02,2,60.00,银行卡
ORD117244,2026-08-25,S05,P09,1,18.00,会员储值
ORD100128,2026-05-01,S05,P09,2,36.00,现金
ORD113604,2026-08-01,S02,P06,2,90.00,会员储值
ORD110706,2026-07-12,S02,P05,1,34.00,会员储值
ORD109834,2026-07-06,S01,P01,2,64.00,微信
ORD109396,2026-07-03,S05,P03,1,26.00,支付宝
ORD104766,2026-06-01,S05,P13,1,20.00,支付宝
ORD115360,2026-08-12,S05,P19,1,15.00,微信
ORD104333,2026-05-30,S02,P06,1,42.00,微信
ORD105672,2026-06-07,S05,P02,1,30.00,现金
ORD117694,2026-08-29,S02,P04,1,38.00,现金
ORD113439,2026-07-31,S02,P06,2,90.00,现金
ORD107935,2026-06-23,S04,P11,1,26.00,微信
ORD104388,2026-05-30,S03,P19,2,30.00,微信
ORD109164,2026-07-02,S01,P04,1,38.00,会员储值
ORD101215,2026-05-09,S02,P20,1,22.00,微信
ORD105070,2026-06-04,S02,P04,1,38.00,银行卡
ORD108571,2026-06-28,S01,P02,1,30.00,会员储值
ORD103786,2026-05-26,S02,P04,1,38.00,现金
ORD110946,2026-07-13,S04,P16,3,15.00,微信
ORD102040,2026-05-14,S04,P04,2,76.00,银行卡
ORD116515,2026-08-21,S02,P06,1,45.00,银行卡
ORD114725,2026-08-08,S04,P11,2,52.00,支付宝
ORD109699,2026-07-05,S03,P08,1,25.00,现金
ORD114474,2026-08-07,S01,P03,1,26.00,现金
ORD104228,2026-05-29,S04,P02,1,30.00,会员储值
ORD112054,2026-07-21,S01,P01,2,64.00,支付宝
ORD101189,2026-05-09,S01,P01,1,32.00,银行卡
ORD112118,2026-07-21,S04,P09,1,18.00,微信
ORD103095,2026-05-21,S05,P03,2,52.00,会员储值
ORD102697,2026-05-18,S04,P11,1,26.00,现金
ORD100995,2026-05-07,S04,P11,2,52.00,微信
ORD111513,2026-07-18,S01,P02,2,60.00,会员储值
ORD114753,2026-08-08,S05,P03,1,26.00,微信
ORD115636,2026-08-14,S05,P03,2,52.00,现金
ORD100299,2026-05-02,S05,P03,1,26.00,会员储值
ORD117611,2026-08-28,S04,P15,1,6.00,现金
ORD100407,2026-05-03,S02,P04,1,38.00,现金
ORD105546,2026-06-07,S01,P12,1,8.00,银行卡
ORD110888,2026-07-13,S02,P04,2,76.00,微信
ORD104153,2026-05-29,S01,P06,3,126.00,支付宝
ORD111298,2026-07-16,S03,P08,1,25.00,现金
ORD110407,2026-07-10,S03,P16,2,10.00,现金
ORD114351,2026-08-06,S01,P01,1,32.00,支付宝
ORD116252,2026-08-18,S05,P19,2,30.00,支付宝
ORD112826,2026-07-26,S04,P05,3,102.00,会员储值
ORD115953,2026-08-16,S03,P08,1,25.00,会员储值
ORD103804,2026-05-26,S02,P05,1,34.00,微信
ORD118050,2026-08-31,S01,P01,1,32.00,微信
ORD101152,2026-05-08,S05,P12,1,8.00,微信
ORD105400,2026-06-06,S03,P07,-1,22.00,现金
ORD116945,2026-08-23,S04,P13,2,,支付宝
ORD114466,2026-08-07,S01,P01,2,64.00,支付宝
ORD113199,2026-07-29,S03,P07,1,22.00,微信
ORD117832,2026-08-29,S05,P19,1,15.00,银行卡
ORD108292,2026-06-26,S03,P08,1,25.00,支付宝
ORD110535,2026-07-11,S03,P07,1,22.00,会员储值
ORD102939,2026-05-20,S04,P11,1,26.00,现金
ORD103298,2026-05-23,S02,P11,1,26.00,会员储值
ORD107532,2026-06-21,S01,P01,1,32.00,现金
ORD109960,2026-07-07,S01,P19,1,15.00,微信
ORD112705,2026-07-26,S01,P16,1,5.00,支付宝
ORD106727,2026-06-15,S04,P15,1,6.00,支付宝
ORD107803,2026-06-22,S04,P10,1,24.00,微信
ORD109927,2026-07-06,S05,P03,2,52.00,银行卡
ORD107170,2026-06-18,S04,P10,1,24.00,银行卡
ORD109432,2026-07-04,S01,P12,2,16.00,微信
ORD102662,2026-05-18,S03,P18,1,18.00,微信
ORD108754,2026-06-28,S05,P03,1,26.00,银行卡
ORD110590,2026-07-11,S04,P06,1,45.00,现金
ORD110001,2026-07-07,S03,P07,1,22.00,现金
ORD105092,2026-06-04,S02,P04,3,114.00,支付宝
ORD101363,2026-05-10,S01,P20,1,22.00,支付宝
ORD117520,2026-08-28,S01,P02,2,60.00,现金
ORD110051,2026-07-07,S05,P01,1,32.00,会员储值
ORD113409,2026-07-31,S01,P12,1,8.00,支付宝
ORD114317,2026-08-05,S05,P08,1,25.00,微信
ORD107387,2026-06-20,S02,P01,2,64.00,支付宝
ORD105909,2026-06-09,S05,P03,1,26.00,银行卡
ORD106226,2026-06-12,S04,P01,1,32.00,支付宝
ORD113630,2026-08-01,S03,P07,1,22.00,银行卡
ORD114083,2026-08-04,S01,P11,1,26.00,银行卡
ORD108590,2026-06-28,S01,P15,2,¥ 12.00,支付宝
ORD111036,2026-07-14,S03,P08,1,25.00,会员储值
ORD113971,2026-08-03,S02,P01,1,32.00,微信
ORD112521,2026-07-25,S02,P15,2,12.00,支付宝
ORD109294,2026-07-03,S01,P06,2,90.00,现金
ORD107502,2026-06-20,S05,P06,2,84.00,支付宝
ORD108491,2026-06-30,S04,P04,2,-76.00,现金
ORD109361,2026-07-03,S03,P03,1,26.00,微信
ORD102169,2026-05-15,S04,P10,1,24.00,支付宝
ORD109771,2026-07-05,S05,P19,1,15.00,微信
ORD112384,2026-07-23,S04,P06,1,45.00,微信
ORD113447,2026-07-31,S02,P08,2,50.00,微信
ORD109250,2026-07-02,S04,P03,2,52.00,现金
ORD116141,2026-08-17,S05,P03,1,26.00,支付宝
ORD105204,2026-06-05,S01,P15,2,12.00,会员储值
ORD102075,2026-05-14,S05,P16,2,10.00,支付宝
ORD103815,2026-05-26,S03,P09,1,18.00,现金
ORD101334,2026-05-09,S05,P06,1,42.00,银行卡
ORD103427,2026-05-25,S05,P01,3,-96.00,微信
ORD109018,2026-06-30,S05,P03,1,26.00,支付宝
ORD107596,2026-06-21,S02,P06,1,42.00,会员储值
ORD110782,2026-07-12,S04,P12,1,8.00,支付宝
ORD111728,2026-07-19,S01,P20,2,44.00,现金
ORD109552,2026-07-04,S04,P06,3,135.00,现金
ORD109627,2026-07-05,S01,P14,2,20.00,现金
ORD104054,2026-05-28,S02,P06,1,42.00,微信
ORD110264,2026-07-09,S03,P07,1,22.00,支付宝
ORD118075,2026-08-31,S02,P05,1,34.00,现金
ORD105358,2026-06-06,S02,P06,1,42.00,微信
ORD104297,2026-05-30,S01,P20,1,22.00,会员储值
ORD107057,2026-06-18,S02,P03,2,52.00,支付宝
ORD114743,2026-08-08,S04,P10,2,48.00,会员储值
ORD108316,2026-06-26,S04,P11,1,26.00,银行卡
ORD101512,2026-05-10,S04,P11,1,26.00,会员储值
ORD117443,2026-08-27,S03,P09,2,36.00,会员储值
ORD103801,2026-05-26,S02,P09,2,36.00,银行卡
ORD107843,2026-06-22,S05,P19,1,15.00,支付宝
ORD107166,2026-06-18,S04,P03,1,26.00,现金
ORD106557,2026-06-14,S03,P04,1,38.00,微信
ORD115644,2026-08-15,S01,P04,2,76.00,现金
ORD111563,2026-07-18,S02,P13,3,60.00,微信
ORD111355,2026-07-16,S05,P12,1,8.00,会员储值
ORD110412,2026-07-10,S04,P10,1,24.00,现金
ORD115400,2026-08-13,S01,P13,3,   ,会员储值
ORD113919,2026-08-02,S05,P21,1,16.00,会员储值
ORD113932,2026-08-02,S05,P09,1,18.00,银行卡
ORD100795,2026-05-06,S01,P17,1,12.00,现金
ORD112810,2026-07-26,S04,P02,3,90.00,会员储值
ORD116718,2026-08-22,S03,P09,3,54.00,支付宝
ORD103370,2026-05-23,S04,P17,2,24.00,微信
ORD100539,2026-05-04,S01,P19,1,15.00,银行卡
ORD115909,2026-08-16,S02,P20,2,44.00,会员储值
ORD115998,2026-08-16,S05,P04,1,38.00,会员储值
ORD106697,2026-06-15,S03,P05,2,68.00,会员储值
ORD102805,2026-05-19,S03,P09,1,18.00,现金
ORD114797,2026-08-09,S01,P17,2,24.00,银行卡
ORD100441,2026/5/3,S03,P01,2,64.00,支付宝
ORD114516,2026-08-07,S03,P20,2,44.00,支付宝
ORD106398,2026-06-13,S04,P14,2,20.00,现金
ORD112017,2026-07-20,S05,P01,1,32.00,银行卡
ORD106084,2026-06-11,S04,P11,2,52.00,会员储值
ORD111766,2026-07-19,S02,P03,1,26.00,微信
ORD103446,2026-05-24,S01,P13,1,20.00,支付宝
ORD103999,2026-05-27,S05,P02,2,60.00,银行卡
ORD110178,2026-07-08,S05,P01,1,32.00,支付宝
ORD103248,2026-05-23,S01,P01,2,64.00,银行卡
ORD113784,2026-08-02,S02,P06,2,90.00,现金
ORD104789,2026-06-02,S01,P01,1,32.00,会员储值
ORD112143,2026-07-21,S05,P09,1,18.00,银行卡
ORD106648,2026-06-15,S01,P13,1,20.00,微信
ORD113161,2026-07-29,S01,P02,1,30.00,支付宝
ORD107651,2026-06-21,S04,P17,1,12.00,银行卡
ORD106423,2026-06-13,S05,P03,1,26.00,现金
ORD111253,2026-07-16,S01,P11,1,26.00,支付宝
ORD111324,2026-07-16,S04,P19,1,15.00,现金
ORD105015,2026-06-03,S05,P19,1,15.00,会员储值
ORD118035,2026-08-31,S01,P03,2,52.00,支付宝
ORD114690,2026-08-08,S03,P07,2,44.00,微信
ORD111450,2026-07-17,S03,P07,2,44.00,微信
ORD105845,2026-06-09,S01,P06,1,42.00,现金
ORD101320,2026-05-09,S04,P10,1,24.00,支付宝
ORD108436,2026-06-27,S02,P02,1,30.00,银行卡
ORD107123,2026-06-18,S03,P09,3,54.00,支付宝
ORD111768,2026-07-19,S02,P12,1,8.00,会员储值
ORD114250,2026-08-05,S02,P05,2,68.00,微信
ORD106472,2026-06-14,S01,P02,1,30.00,支付宝
ORD110635,2026-07-11,S05,P01,2,64.00,银行卡
ORD103260,2026-05-23,S01,P01,1,32.00,支付宝
ORD105359,2026-06-06,S02,P05,3,102.00,支付宝
ORD102341,2026-05-16,S04,P10,1,24.00,银行卡
ORD104133,2026-05-28,S99,P08,2,50.00,银行卡
ORD104003,2026-05-27,S05,P20,1,22.00,支付宝
ORD105118,2026-06-04,S03,P11,1,26.00,现金
ORD109332,2026-07-03,S02,P06,3,135.00,支付宝
ORD109242,2026-07-02,S04,P14,3,30.00,会员储值
ORD109531,2026-07-04,S03,P02,1,30.00,支付宝
ORD102969,2026-05-20,S05,P19,1,15.00,现金
ORD103075,2026-05-21,S04,P12,1,8.00,支付宝
ORD110102,2026-07-08,S02,P06,3,135.00,银行卡
ORD104016,2026-05-28,S01,P01,1,32.00,现金
ORD105014,2026-06-03,S05,P04,1,38.00,银行卡
ORD115815,2026-08-15,S05,P07,1,22.00,会员储值
ORD108578,2026-06-28,S01,P01,2,64.00,银行卡
ORD104547,2026-05-31,S02,P10,1,24.00,微信
ORD118003,2026-08-30,S05,P04,1,38.00,现金
ORD113085,2026-07-28,S03,P08,2,50.00,会员储值
ORD100081,2026-05-01,S04,P15,1,6.00,会员储值
ORD112477,2026-07-24,S05,P07,1,22.00,现金
ORD115666,2026-08-16,S01,P11,2,-52.00,现金
ORD114909,2026-08-09,S03,P18,2,36.00,会员储值
ORD116119,2026-08-17,S04,P16,1,5.00,现金
ORD106834,2026-06-16,S03,P09,2,36.00,会员储值
ORD113998,2026-08-03,S03,P09,3,54.00,会员储值
ORD102064,2026-05-14,S05,P15,3,18.00,现金
ORD108190,2026-06-25,S04,P08,1,25.00,会员储值
ORD104383,2026-05-30,S03,P08,1,25.00,微信
ORD117081,2026-08-24,S04,P21,1,16.00,会员储值
ORD102708,2026-05-18,S05,P02,1,,微信
ORD117228,2026-08-25,S04,P04,2,76.00,支付宝
ORD103312,2026-05-23,S03,P07,3,66.00,微信
ORD104829,2026-06-02,S02,P12,3, ¥24.00 ,银行卡
ORD116569,2026-08-21,S04,P05,1,34.00,微信
ORD114313,2026-08-05,S05,P10,1,24.00,现金
ORD102284,2026-05-16,S02,P04,1,38.00,微信
ORD108495,2026-06-27,S04,P18,1,18.00,会员储值
ORD106726,2026-06-15,S04,P20,1,22.00,银行卡
ORD110507,2026-07-11,S02,P19,1,15.00,微信
ORD100509,2026-05-03,S05,P15,2,12.00,银行卡
ORD101892,2026-05-13,S03,P04,1,38.00,支付宝
ORD103344,2026-05-23,S03,P03,1,26.00,微信
ORD107950,2026-06-23,S04,P10,1,24.00,银行卡
ORD117732,2026-08-29,S03,P07,2,44.00,现金
ORD114778,2026-08-08,S05,P20,2,¥44.00,银行卡
ORD112514,2026-07-25,S01,P12,1,8.00,现金
ORD108796,2026-06-29,S02,P06,1,42.00,支付宝
ORD114938,2026-08-09,S04,P10,2,48.00,支付宝
ORD109840,2026-07-06,S02,P17,1,12.00,现金
ORD105117,2026-06-04,S03,P08,1,25.00,微信
ORD102054,2026-05-14,S05,P03,1,26.00,现金
ORD112488,2026-07-25,S01,P01,1,32.00,银行卡
ORD112930,2026-07-27,S03,P09,1,18.00,支付宝
ORD109606,2026-07-04,S05,P03,1,26.00,银行卡
ORD106482,2026-06-14,S01,P05,1,34.00,现金
ORD113927,2026-08-02,S05,P10,1,24.00,支付宝
ORD105058,2026-06-04,S01,P02,3,90.00,支付宝
ORD106308,2026-06-13,S02,P06,1,42.00,银行卡
ORD101800,2026-05-12,S05,P04,1,38.00,微信
ORD110838,2026-07-12,S05,P16,3,15.00,会员储值
ORD103429,2026-05-24,S01,P15,2,12.00,会员储值
ORD106458,2026/6/14,S01,P01,1,32.00,微信
ORD109942,2026-07-07,S01,P03,3,78.00,支付宝
ORD113959,2026-08-03,S01,P01,1,32.00,支付宝
ORD102706,2026-05-18,S04,P11,3,78.00,支付宝
ORD105911,2026-06-09,S05,P03,2,52.00,支付宝
ORD114939,2026-08-09,S04,P05,1,34.00,现金
ORD115974,2026-08-16,S04,P18,1,18.00,会员储值
ORD110421,2026-07-10,S04,P09,2,36.00,银行卡
ORD105705,2026-06-07,S05,P20,2,44.00,支付宝
ORD111401,2026-07-17,S01,P14,1,10.00,银行卡
ORD101281,2026-05-09,S04,P10,3,72.00,会员储值
ORD111676,2026-07-18,S05,P04,1,38.00,支付宝
ORD114695,2026-08-08,S03,P19,2,30.00,现金
ORD109049,2026-07-01,S01,P02,1,30.00,支付宝
ORD103475,2026-05-24,S02,P06,2,84.00,会员储值
ORD103628,2026-05-25,S01,P20,1,22.00,会员储值
ORD107855,2026-06-23,S01,P01,1,32.00,会员储值
ORD103552,2026-05-24,S04,P11,1,26.00,微信
ORD117684,2026-08-29,S02,P21,2,32.00,微信
ORD113597,2026-08-01,S02,P03,2,52.00,现金
ORD117206,2026-08-25,S04,P15,2,12.00,支付宝
ORD101983,2026-05-14,S02,P16,2,10.00,现金
ORD100346,2026-05-03,S01,P02,1,30.00,微信
ORD116606,2026-08-22,S01,P13,1,20.00,现金
ORD117310,2026-08-26,S03,P07,1,22.00,现金
ORD103261,2026-05-23,S01,P11,2,52.00,支付宝
ORD111255,2026-07-16,S01,P02,1,30.00,微信
ORD109264,2026-07-02,S05,P09,2,36.00,银行卡
ORD113153,2026-07-29,S01,P14,2,20.00,银行卡
ORD111158,2026-07-15,S02,P04,1,38.00,现金
ORD114244,2026-08-05,S02,P13,3,60.00,现金
ORD107129,2026-06-18,S03,P09,1,,银行卡
ORD111608,2026-07-18,S03,P13,3,60.00,现金
ORD118118,2026-08-31,S04,P20,1,22.00,现金
ORD104115,2026-05-28,S04,P10,2,48.00,会员储值
ORD112824,2026-07-26,S04,P17,1,12.00,会员储值
ORD107921,2026-06-23,S03,P08,2,50.00,会员储值
ORD102551,2026-05-17,S04,P03,1,26.00,银行卡
ORD110324,2026-07-09,S05,P19,1,15.00,会员储值
ORD102195,2026-05-15,S05,P03,2,52.00,银行卡
ORD113578,2026-08-01,S02,P04,1,38.00,微信
ORD109016,2026-06-30,S05,P19,1,15.00,微信
ORD108486,2026-06-27,S04,P14,1,10.00,银行卡
ORD106393,2026-06-13,S04,P10,1,24.00,支付宝
ORD107996,2026-06-24,S01,P12,1,8.00,现金
ORD116514,2026-08-21,S02,P21,1,16.00,支付宝
ORD103045,2026-05-21,S03,P01,2,64.00,微信
ORD106399,2026-06-13,S04,P11,1,26.00,现金
ORD100427,2026-05-03,S03,P06,1,42.00,现金
ORD115263,2026-08-12,S01,P07,1,22.00,现金
ORD116910,2026-08-23,S03,P07,2,44.00,现金
ORD110643,2026-07-11,S05,P15,2,12.00,微信
ORD106599,2026-06-14,S04,P18,1,18.00,银行卡
ORD109325,2026-07-03,S02,P03,2,52.00,银行卡
ORD111109,2026-07-14,S05,P03,1,26.00,银行卡
ORD110702,2026-07-12,S02,P14,2,20.00,现金
ORD106992,2026-06-17,S05,P01,1,32.00,现金
ORD105785,2026-06-08,S04,P08,3,75.00,微信
ORD113672,2026-08-01,S04,P21,3,48.00,银行卡
ORD110651,2026-07-12,S01,P02,3,90.00,微信
ORD105434,2026-06-06,S03,P08,2,50.00,微信
ORD113804,2026-08-02,S02,P20,1,22.00,银行卡
ORD109619,2026-07-05,S01,P17,3,36.00,微信
ORD103058,2026-05-21,S04,P17,1,12.00,现金
ORD116179,2026-08-18,S03,P09,3,54.00,银行卡
ORD104890,2026-06-02,S05,P04,1,38.00,银行卡
ORD100223,2026-05-02,S03,P08,1,25.00,会员储值
ORD115220,2026-08-11,S04,P10,1,24.00,支付宝
ORD107114,2026-06-18,S02,P06,3,87.00,微信
ORD102039,2026-05-14,S04,P03,1,26.00,会员储值
ORD115149,2026-08-11,S01,P03,1,26.00,银行卡
ORD102515,2026-05-17,S03,P06,3,126.00,会员储值
ORD117951,2026/8/30,S03,P05,1,34.00,现金
ORD105533,2026-06-07,S01,P13,1,20.00,会员储值
ORD107705,2026-06-21,S05,P13,1,20.00,现金
ORD108994,2026-07-03,S04,P03,1,-26.00,微信
ORD111081,2026-07-14,S04,P11,2,52.00,现金
ORD104849,2026-06-02,S03,P17,1,12.00,会员储值
ORD106843,2026-06-16,S04,P03,3,78.00,现金
ORD106578,2026-06-14,S04,P10,2,48.00,支付宝
ORD116746,2026-08-22,S04,P16,2,10.00,会员储值
ORD106442,2026-06-13,S05,P03,2,52.00,支付宝
ORD118077,2026-08-31,S02,P02,1,30.00,银行卡
ORD101899,2026-05-13,S04,P16,2,10.00,会员储值
ORD103082,2026-05-21,S05,P09,2,36.00,支付宝
ORD104993,2026-06-03,S04,P11,1,26.00,会员储值
ORD113794,2026-08-02,S02,P13,2,40.00,现金
ORD102685,2026-05-18,S04,P11,2,52.00,银行卡
ORD108105,2026-06-24,S05,P18,1,18.00,现金
ORD113520,2026-07-31,S05,P06,1,45.00,支付宝
ORD106040,2026-06-11,S01,P01,2,64.00,银行卡
ORD114274,2026-08-05,S03,P20,1,22.00,支付宝
ORD115712,2026-08-15,S02,P04,1,38.00,银行卡
ORD105332,2026-06-06,S01,P12,1,8.00,支付宝
ORD115851,2026-08-16,S01,P02,1,30.00,支付宝
ORD109150,2026-07-01,S05,P10,1,24.00,会员储值
ORD112868,2026-07-26,S05,P15,1,6.00,银行卡
ORD104458,2026-05-30,S05,P02,2,60.00,支付宝
ORD101797,2026-05-12,S05,P10,2,48.00,支付宝
ORD108620,2026-06-28,S02,P05,2,68.00,现金
ORD113367,2026-07-30,S04,P18,1,18.00,会员储值
ORD102540,2026-05-17,S04,P05,2,68.00,会员储值
ORD103087,2026-05-21,S05,P01,3,96.00,现金
ORD107573,2026-06-21,S02,P06,1,42.00,银行卡
ORD103517,2026-05-24,S03,P04,2,76.00,微信
ORD108161,2026-06-25,S03,P08,1,25.00,银行卡
ORD107461,2026-06-20,S04,P17,1,12.00,微信
ORD102684,2026-05-18,S04,P11,2,52.00,现金
ORD118151,2026-08-31,S05,P20,1,22.00,支付宝
ORD111874,2026-07-19,S05,P20,1,22.00,支付宝
ORD104643,2026-05-31,S05,P02,1,30.00,银行卡
ORD105372,2026-06-06,S02,P06,1,42.00,微信
ORD117213,2026-08-25,S04,P10,2,48.00,银行卡
ORD104149,2026-05-29,S01,P14,3,30.00,微信
ORD109601,2026-07-04,S05,P20,1,22.00,会员储值
ORD113722,2026-08-01,S05,P20,1,22.00,银行卡
ORD101757,2026-05-12,S03,P17,1,12.00,支付宝
ORD104501,2026-05-31,S01,P16,2,10.00,现金
ORD100932,2026-05-07,S01,P05,2,68.00,会员储值
ORD100520,2026-05-03,S05,P01,2,64.00,支付宝
ORD110895,2026-07-13,S02,P06,1,45.00,银行卡
ORD112660,2026-07-25,S05,P03,2,52.00,银行卡
ORD102150,2026-05-15,S03,P07,2,44.00,支付宝
ORD103769,2026-05-26,S01,P11,1,26.00,银行卡
ORD102524,2026-05-17,S03,P07,2,44.00,微信
ORD101741,2026-05-12,S03,P18,2,36.00,现金
ORD113248,2026-07-29,S05,P05,2,68.00,会员储值
ORD113524,2026-07-31,S05,P16,3,15.00,现金
ORD110871,2026-07-13,S02,P06,2,90.00,现金
ORD109560,2026-07-04,S04,P01,1,32.00,支付宝
ORD114522,2026-08-07,S03,P08,2,50.00,现金
ORD110751,2026-07-12,S03,P07,2,44.00,微信
ORD114597,2026-08-08,S01,P15,2,12.00,现金
ORD113406,2026-07-31,S01,P15,2,12.00,支付宝
ORD103539,2026-05-24,S03,P08,3,75.00,支付宝
ORD110201,2026-07-09,S01,P05,1,34.00,现金
ORD100672,2026-05-05,S01,P06,1,42.00,银行卡
ORD104022,2026-05-28,S01,P01,1,32.00,现金
ORD103303,2026-05-23,S02,P16,1,5.00,微信
ORD117539,2026-08-28,S02,P18,1,18.00,会员储值
ORD106116,2026-06-11,S05,P08,3,75.00,会员储值
ORD110059,2026-07-07,S05,P20,1,22.00,支付宝
ORD117343,2026-08-26,S04,P13,3,60.00,会员储值
ORD107435,2026-06-20,S03,P16,1,,银行卡
ORD109721,2026-07-05,S03,P07,2,44.00,微信
ORD100157,2026-05-02,S01,P20,1,22.00,支付宝
ORD116429,2026-08-20,S04,P07,2,44.00,微信
ORD116160,2026-08-18,S01,P10,3,72.00,现金
ORD115127,2026-08-11,S01,P21,1,16.00,微信
ORD114166,2026-08-04,S04,P02,1,30.00,微信
ORD110802,2026-07-12,S04,P10,1,24.00,支付宝
ORD109206,2026-07-02,S02,P06,3,135.00,银行卡
ORD114283,2026-08-05,S03,P07,2,44.00,会员储值
ORD105814,2026-06-08,S05,P05,1,34.00,支付宝
ORD107487,2026-06-20,S05,P15,1,6.00,现金
ORD112423,2026-07-23,S05,P03,3,78.00,支付宝
ORD115377,2026-08-12,S05,P14,3,30.00,银行卡
ORD102767,2026-05-19,S02,P05,1,34.00,银行卡
ORD111229,2026-07-15,S05,P12,2,16.00,支付宝
ORD111757,2026-07-19,S02,P04,1,38.00,现金
ORD115482,2026-08-13,S04,P13,2,40.00,会员储值
ORD118053,2026-08-31,S01,P12,1,8.00,现金
ORD102114,2026-05-15,S02,P05,1,34.00,支付宝
ORD114467,2026-08-07,S01,P09,1,18.00,银行卡
ORD116435,2026-08-20,S04,P17,1,12.00,支付宝
ORD110342,2026-07-10,S01,P01,1,32.00,支付宝
ORD117042,2026-08-24,S02,P06,1,45.00,微信
ORD105409,2026-06-06,S03,P08,1,25.00,会员储值
ORD115908,2026-08-16,S02,P05,1,34.00,微信
ORD110291,2026-07-09,S04,P13,3,60.00,支付宝
ORD105234,2026-06-05,S03,P14,1,10.00,现金
ORD114044,2026-08-03,S04,P10,1,24.00,微信
ORD100005,2026-05-01,S01,P20,2,44.00,银行卡
ORD102545,2026-05-17,S04,P10,1,24.00,会员储值
ORD117861,2026-08-30,S01,P01,1,32.00,支付宝
ORD102987,2026-05-21,S01,P16,2,10.00,支付宝
ORD106862,2026-06-16,S04,P18,1,18.00,现金
ORD101686,2026-05-12,S01,P06,1,,银行卡
ORD106380,2026-06-13,S04,P13,1,20.00,微信
ORD111654,2026-07-18,S04,P09,2,36.00,银行卡
ORD102340,2026-05-16,S03,P07,1,22.00,支付宝
ORD109139,2026-07-01,S05,P19,1,15.00,微信
ORD108355,2026-06-26,S05,P04,2,76.00,微信
ORD114117,2026-08-04,S02,P10,1,24.00,银行卡
ORD104143,2026-05-29,S01,P18,1,18.00,会员储值
ORD103578,2026-05-24,S04,P17,2,24.00,银行卡
ORD112375,2026-07-23,S03,P09,3,54.00,现金
ORD117410,2026-08-27,S01,P20,1,22.00,支付宝
ORD110580,2026-07-11,S04,P03,1,26.00,银行卡
ORD111761,2026-07-19,S02,P05,2,68.00,微信
ORD114982,2026-08-09,S05,P02,1,30.00,会员储值
ORD100607,2026-05-04,S04,P10,3,72.00,支付宝
ORD113906,2026-08-02,S05,P05,1,34.00,现金
ORD111300,2026-07-16,S03,P09,2,36.00,银行卡
ORD104355,2026-05-30,S03,P08,1,25.00,微信
ORD103051,2026-05-21,S03,P07,2,44.00,微信
ORD107072,2026-06-18,S02,P06,3,87.00,银行卡
ORD100300,2026-05-02,S05,P06,1,42.00,会员储值
ORD112129,2026-07-21,S04,P10,1,24.00,微信
ORD106384,2026-06-13,S04,P11,2,52.00,支付宝
ORD116047,2026-08-17,S01,P16,1,5.00,微信
ORD107159,2026-06-18,S04,P11,1,26.00,微信
ORD104369,2026-05-30,S03,P07,2,44.00,微信
ORD105142,2026-06-04,S04,P01,1,32.00,现金
ORD108888,2026-06-29,S05,P11,1,26.00,微信
ORD113908,2026-08-02,S05,P01,2,64.00,会员储值
ORD101345,2026-05-09,S05,P06,2,84.00,会员储值
ORD104622,2026-05-31,S04,P11,3,78.00,支付宝
ORD104471,2026-05-31,S01,P02,1,30.00,现金
ORD108492,2026-06-27,S04,P19,3,45.00,会员储值
ORD101701,2026-05-12,S01,P09,1,18.00,银行卡
ORD113425,2026-07-31,S01,P01,1,32.00,支付宝
ORD111053,2026-07-14,S03,P13,1,20.00,支付宝
ORD106734,2026-06-15,S04,P03,3,78.00,支付宝
ORD106466,2026-06-14,S01,P12,2,16.00,银行卡
ORD115296,2026-08-12,S02,P02,3,90.00,微信
ORD102465,2026-05-17,S02,P11,2,52.00,现金
ORD113115,2026-07-28,S05,P19,2,30.00,微信
ORD104902,2026-06-02,S05,P10,1,24.00,银行卡
ORD117643,2026-08-29,S01,P01,2,64.00,会员储值
ORD109304,2026-07-03,S01,P13,1,20.00,银行卡
ORD114498,2026-08-07,S02,P19,1,15.00,现金
ORD103153,2026-05-22,S02,P04,1,38.00,现金
ORD116943,2026-08-23,S04,P21,1,16.00,微信
ORD111318,2026-07-16,S03,P09,3,54.00,现金
ORD105211,2026-06-05,S02,P05,1,34.00,会员储值
ORD100459,2026-05-03,S04,P10,3,72.00,支付宝
ORD114106,2026-08-04,S02,P06,2,90.00,微信
ORD115226,2026-08-11,S04,P03,3,78.00,现金
ORD117173,2026-08-25,S02,P17,2,24.00,支付宝
ORD109230,2026-07-02,S03,P02,1,30.00,支付宝
ORD105834,2026-06-09,S01,P14,2,20.00,现金
ORD104418,2026-05-30,S04,P11,1,26.00,会员储值
ORD118135,2026-08-31,S05,P04,1,38.00,现金
ORD114157,2026-08-04,S04,P05,2,68.00,微信
ORD101468,2026-05-10,S03,P07,1,22.00,银行卡
ORD108122,2026-06-25,S01,P05,2,68.00,微信
ORD101321,2026-05-09,S04,P15,1,6.00,银行卡
ORD114517,2026-08-07,S03,P07,2,44.00,微信
ORD105969,2026-06-10,S02,P06,1,42.00,会员储值
ORD107043,2026-06-18,S02,P01,1,32.00,会员储值
ORD114474,2026-08-07,S01,P02,3,90.00,现金
ORD115331,2026-08-12,S04,P06,1,45.00,银行卡
ORD107895,2026-06-23,S02,P03,1,26.00,微信
ORD100373,2026-05-03,S02,P17,2,24.00,现金
ORD100604,2026-05-04,S04,P08,2,50.00,银行卡
ORD116733,2026-08-22,S04,P03,1,26.00,微信
ORD105804,2026-06-08,S05,P20,1,22.00,支付宝
ORD109365,2026-07-03,S04,P10,3,72.00,银行卡
ORD116861,2026-08-23,S02,P06,1,45.00,支付宝
ORD116840,2026-08-23,S01,P10,2,48.00,现金
ORD110833,2026-07-12,S05,P11,1,26.00,现金
ORD102727,2026-05-18,S05,P03,1,26.00,银行卡
ORD101076,2026-05-08,S02,P06,1,42.00,现金
ORD110546,2026/7/11,S03,P14,2,20.00,会员储值
ORD102655,2026-05-18,S02,P06,2,84.00,会员储值
ORD110786,2026-07-12,S04,P07,1,22.00,现金
ORD116518,2026-08-21,S02,P06,2,90.00,银行卡
ORD105049,2026-06-04,S01,P19,3,45.00,会员储值
ORD102561,2026-05-17,S04,P12,1,8.00,支付宝
ORD118064,2026-08-31,S02,P06,1,45.00,微信
ORD101995,2026-05-14,S02,P08,2,,银行卡
ORD105024,2026-06-03,S05,P03,1,26.00,会员储值
ORD108254,2026-06-26,S01,P04,1,38.00,银行卡
ORD107190,2026-06-18,S05,P08,1,25.00,会员储值
ORD100736,2026-05-05,S04,P10,1,24.00,微信
ORD114941,2026-08-09,S04,P11,3,78.00,会员储值
ORD101801,2026-05-12,S05,P20,1,22.00,银行卡
ORD114475,2026-08-07,S01,P18,1,18.00,会员储值
ORD116043,2026-08-17,S01,P05,1,34.00,会员储值
ORD101672,2026-05-11,S05,P12,3,24.00,微信
ORD115424,2026-08-13,S02,P21,1,16.00,微信
ORD116013,2026-08-16,S05,P05,1,34.00,会员储值
ORD107099,2026-06-18,S02,P06,2,58.00,支付宝
ORD106765,2026-06-16,S01,P08,3,75.00,支付宝
ORD104783,2026-06-01,S05,P18,1,18.00,现金
ORD115631,2026-08-14,s05,P14,2,20.00,会员储值
ORD114193,2026-08-04,S05,P16,2,10.00,微信
ORD103959,2026-05-27,S03,P15,1,6.00,支付宝
ORD105009,2026-06-03,S04,P03,2,52.00,会员储值
ORD103523,24-05-2026,S03,P09,1,18.00,支付宝
ORD117932,2026-08-30,S03,P20,1,22.00,银行卡
ORD115889,2026-08-16,S02,P10,1,24.00,现金
ORD117264,2026-08-26,S01,P21,1,16.00,银行卡
ORD105481,06-06-2026,S05,P06,1,42.00,微信
ORD100055,2026-05-01,S03,P07,3,66.00,现金
ORD108603,2026-06-28,S01,P03,2,52.00,银行卡
ORD110556,2026-07-11,S03,P11,2,52.00,微信
ORD113178,2026-07-29,S02,P05,2,68.00,现金
ORD105734,2026-06-08,S01,P01,1,32.00,微信
ORD115916,2026-08-16,S02,P05,1,34.00,支付宝
ORD100893,2026-05-06,S05,P03,1,26.00,微信
ORD106492,2026-06-14,S02,P04,2,76.00,现金
ORD105003,2026-06-03,S04,P11,1,26.00,支付宝
ORD100976,2026-05-07,S03,P11,1,26.00,支付宝
ORD107310,2026-06-19,S05,P03,2,52.00,现金
ORD105765,2026/6/8,S02,P06,3,126.00,微信
ORD108612,2026-06-28,S02,P13,1,20.00,会员储值
ORD111802,2026-07-19,S03,P07,1,22.00,会员储值
ORD102757,2026-05-19,S01,P19,2,30.00,现金
ORD110089,2026-07-08,S01,P02,1,30.00,会员储值
ORD103693,2026-05-25,S03,P07,1,22.00,银行卡
ORD110092,2026-07-08,S01,P01,3,96.00,支付宝
ORD114112,2026-08-04,S02,P03,1,26.00,会员储值
ORD102365,2026-05-16,S04,P11,2,52.00,现金
ORD111159,2026-07-15,S02,P07,1,-22.00,微信
ORD101009,2026-05-07,S05,P15,1,6.00,会员储值
ORD106505,2026-06-14,S02,P03,2,52.00,会员储值
ORD109756,2026-07-05,S04,P08,1,25.00,现金
ORD101392,2026-05-10,S01,P11,1,26.00,银行卡
ORD102691,2026-05-18,S04,P15,1,6.00,微信
ORD107643,2026-06-21,S03,P08,1,25.00,现金
ORD110186,2026-07-08,S05,P11,1,26.00,会员储值
ORD103445,2026-05-24,S01,P01,2,64.00,会员储值
ORD100994,2026-05-07,S04,P03,2,52.00,微信
ORD114759,2026-08-08,S05,P02,1,30.00,微信
ORD112134,2026-07-21,S04,P18,1,18.00,支付宝
ORD101469,2026-05-10,S03,P08,2,50.00,微信
ORD103010,2026-05-21,S02,P04,1,38.00,微信
ORD103005,2026-05-21,S01,P15,1,6.00,现金
ORD116592,2026-08-21,S05,P19,2,30.00,会员储值
ORD107049,2026-06-18,S02,P17,1,12.00,会员储值
ORD101271,2026-05-09,S03,P09,1,18.00,会员储值
ORD117114,2026-08-24,S05,P03,1,26.00,微信
ORD106703,2026-06-15,S03,P07,1,22.00,支付宝
ORD108797,2026-06-29,S02,P05,1,34.00,微信
ORD110995,2026-07-14,S01,P14,2,20.00,银行卡
ORD104848,2026-06-02,S03,P13,1,20.00,会员储值
ORD118107,2026-08-31,S03,P07,1,22.00,支付宝
ORD109961,2026-07-07,S01,P12,2,16.00,会员储值
ORD107069,2026-06-18,S02,P06,3,87.00,现金
ORD115231,2026-08-11,S05,P09,2,36.00,支付宝
ORD115468,2026-08-13,S04,P03,2,52.00,现金
ORD117720,2026-08-29,S02,P21,2,32.00,会员储值
ORD106920,2026-06-17,S02,P05,2,68.00,会员储值
ORD101504,2026-05-10,S04,P04,1,38.00,微信
ORD114326,2026-08-05,S05,P02,1,30.00,银行卡
ORD108264,2026-06-26,S02,P05,1,34.00,银行卡
ORD106810,2026-06-16,S02,P06,2,84.00,支付宝
ORD116901,2026-08-23,S03,P07,1,22.00,现金
ORD104483,2026-05-31,S01,P17,2,¥24.00,支付宝
ORD104066,2026-05-28,S03,P06,1,42.00,支付宝
ORD113514,2026-07-31,S05,P19,1,15.00,微信
ORD108240,2026-06-26,S01,P01,1,32.00,微信
ORD113105,2026-07-28,S04,P11,2,52.00,会员储值
ORD107402,2026-06-20,S02,P08,1,25.00,支付宝
ORD101557,2026-05-11,S01,P02,1,30.00,银行卡
ORD110402,2026-07-10,S03,P08,2,50.00,支付宝
ORD114424,2026-08-06,S04,P03,1,26.00,银行卡
ORD103072,2026-05-21,S04,P09,2,36.00,微信
ORD106517,2026-06-14,S02,P06,1,42.00,微信
ORD111854,2026-07-19,S04,P18,1,18.00,现金
ORD108855,2026-06-29,S04,P10,3,72.00,现金
ORD109790,2026-07-05,S05,P05,2,68.00,银行卡
ORD109700,2026-07-05,S03,P07,2,44.00,支付宝
ORD105576,2026-06-07,S02,P14,1,10.00,会员储值
ORD112284,2026-07-22,S05,P11,1,26.00,会员储值
ORD110040,2026-07-07,S04,P10,1,24.00,银行卡
ORD114330,2026-08-05,S05,P03,1,26.00,现金
ORD111588,2026-07-18,S03,P07,1,22.00,支付宝
ORD109081,2026-07-01,S03,P07,1,22.00,微信
ORD117281,2026-08-26,S02,P05,1,34.00,微信
ORD114803,2026-08-09,S01,P18,3,54.00,微信
ORD110390,2026-07-10,S03,P08,2,50.00,会员储值
ORD105634,2026-06-07,S03,P14,1,10.00,现金
ORD108658,2026-06-28,S03,P19,2,30.00,微信
ORD105411,2026-06-06,S03,P07,2,44.00,会员储值
ORD116936,23-08-2026,S04,P18,-2,36.00,支付宝
ORD114576,2026-08-07,S05,P19,2,30.00,会员储值
ORD118099,2026-08-31,S03,P09,1,18.00,银行卡
ORD106198,2026-06-12,S03,P16,1,5.00,现金
ORD111413,2026-07-17,S02,P06,1,45.00,支付宝
ORD103900,2026-05-27,S01,P02,2,60.00,微信
ORD109745,2026-07-05,S04,P01,1,32.00,会员储值
ORD109529,2026-07-04,S03,P20,1,22.00,微信
ORD107647,2026-06-21,S04,P10,2,48.00,微信
ORD107136,2026-06-18,S03,P13,2,40.00,会员储值
ORD112107,2026-07-21,S03,P11,2,52.00,微信
ORD103476,2026-05-24,S02,P08,1,25.00,支付宝
ORD104637,2026-05-31,S05,P06,2,84.00,银行卡
ORD116048,2026-08-17,S01,P16,1,5.00,现金
ORD107965,2026-06-23,S05,P06,1,42.00,银行卡
ORD115890,2026-08-16,S02,P03,2,52.00,微信
ORD102334,2026-05-16,S03,P17,3,36.00,支付宝
ORD111101,2026-07-14,S05,P19,2,30.00,会员储值
ORD112401,2026-07-23,S04,P07,1,22.00,现金
ORD105313,2026-06-06,S01,P11,2,52.00,微信
ORD117848,2026-08-30,S01,P01,1,32.00,银行卡
ORD100738,2026-05-05,S04,P11,2,52.00,微信
ORD101227,2026-05-09,S02,P02,3,,微信
ORD107581,2026-06-21,S02,P04,3,114.00,微信
ORD112044,2026-07-21,S01,P01,1,32.00,银行卡
ORD105482,2026-06-06,S05,P07,2,44.00,银行卡
ORD112677,2026-07-25,S05,P01,2,64.00,现金
ORD109225,2026-07-02,S03,P08,3,75.00,支付宝
ORD110982,2026-07-14,S01,P12,1,8.00,支付宝
ORD112395,2026-07-23,S04,P11,1,26.00,会员储值
ORD101565,2026-05-11,S01,P08,2,50.00,现金
ORD116351,2026-08-19,S05,P19,1,15.00,现金
ORD111391,2026-07-17,S01,P03,1,26.00,支付宝
ORD107758,2026-06-22,S02,P05,1,34.00,银行卡
ORD110133,2026-07-08,S03,P08,2,50.00,微信
ORD101596,2026-05-11,S02,P01,2,64.00,微信
ORD113488,2026-07-31,S04,P05,1,34.00,微信
ORD101218,2026-05-09,S02,P06,2,,支付宝
ORD117822,2026-08-29,S05,P05,2,68.00,现金
ORD105564,2026-06-07,S02,P18,3,54.00,支付宝
ORD113968,2026-08-03,S02,P11,2,52.00,现金
ORD117578,2026-08-28,S03,P21,3,48.00,现金
ORD106125,2026-06-11,S05,P01,1,32.00,微信
ORD105945,2026-06-10,S01,P16,2,10.00,支付宝
ORD109176,2026-07-02,S01,P04,1,38.00,现金
ORD106902,2026-06-17,S01,P02,1,30.00,现金
ORD113080,2026-07-28,S03,P04,1,38.00,支付宝
ORD105675,2026-06-07,S05,P06,2,84.00,现金
ORD113764,2026-08-02,S01,P16,1,5.00,会员储值
ORD103307,2026-05-23,S02,P10,1,24.00,银行卡
ORD101723,2026-05-12,S02,P06,2,84.00,会员储值
ORD104627,2026-05-31,S05,P19,2,30.00,现金
ORD107966,2026-06-23,S05,P08,1,25.00,现金
ORD104335,2026-05-30,S02,P06,1,42.00,银行卡
ORD109452,2026-07-04,S01,P16,1,5.00,微信
ORD115198,2026-08-11,S03,P01,1,32.00,支付宝
ORD114007,2026-08-03,S03,P13,1,20.00,微信
ORD102190,2026-05-15,S05,P09,1,18.00,银行卡
ORD103655,2026-05-25,S02,P01,1,32.00,支付宝
ORD112282,2026-07-22,S05,P03,1,26.00,微信
ORD103173,2026-05-22,S03,P04,2,76.00,微信
ORD115446,2026-08-13,S03,P21,1,16.00,支付宝
ORD109301,2026-07-03,S01,P13,3,60.00,会员储值
ORD115227,2026-08-11,S04,P15,1,6.00,银行卡
ORD115223,2026-08-11,S04,P10,1,24.00,支付宝
ORD100437,2026-05-03,S03,P06,2,84.00,银行卡
ORD114850,2026-08-09,S02,P21,1,16.00,会员储值
ORD107112,2026-06-18,S02,P06,2,58.00,微信
ORD100553,2026-05-04,S02,P04,1,38.00,现金
ORD107137,2026-06-18,S03,P06,1,42.00,现金
ORD115671,2026-08-15,S01,P15,1,6.00,微信
ORD116085,2026-08-17,S03,P15,3,18.00,银行卡
ORD108865,2026-06-29,S04,P10,1,24.00,银行卡
ORD101075,2026-05-08,S02,P06,1,42.00,微信
ORD116430,2026-08-20,S04,P02,1,30.00,支付宝
ORD111856,2026-07-19,S04,P17,2,24.00,银行卡
ORD107792,2026-06-22,S03,P07,1,22.00,支付宝
ORD111596,2026-07-18,S03,P08,2,50.00,微信
ORD113896,2026-08-02,S04,P11,1,26.00,银行卡
ORD105605,2026-06-07,S03,P20,2,44.00,现金
ORD111531,2026-07-18,S01,P01,3,96.00,银行卡
ORD103375,2026-05-23,S04,P03,2,52.00,微信
ORD109795,2026-07-05,S05,P08,3,75.00,微信
ORD110542,2026-07-11,S03,P20,1,22.00,现金
ORD102821,2026-05-19,S04,P13,1,20.00,会员储值
ORD109777,2026-07-05,S05,P07,1,22.00,现金
ORD113563,2026-08-01,S01,P17,1,12.00,会员储值
ORD100556,2026-05-04,S02,P20,1,22.00,银行卡
ORD111925,2026-07-20,S02,P13,1,20.00,现金
ORD105382,2026-06-06,S02,P04,1,38.00,现金
ORD102514,2026-05-17,S03,P18,1,18.00,现金
ORD109943,2026-07-07,S01,P02,1,30.00,支付宝
ORD117812,2026-08-29,S05,P15,1,6.00,会员储值
ORD104662,2026-06-01,S01,P13,1,20.00,现金
ORD110036,2026-07-07,S04,P10,2,48.00,会员储值
ORD103097,2026-05-21,S05,P11,1,26.00,微信
ORD117349,2026-08-26,S04,P03,2,52.00,支付宝
ORD101141,2026-05-08,S05,P19,1,,现金
ORD110107,2026-07-08,S02,P10,1,24.00,银行卡
ORD115477,2026-08-13,S04,P12,1,8.00,会员储值
ORD104397,2026-05-30,S04,P10,2,48.00,会员储值
ORD114201,2026-08-04,S05,P08,2,50.00,微信
ORD104952,2026-06-03,S99,P06,1,42.00,微信
ORD113446,2026-07-31,S02,P09,1,18.00,现金
ORD102362,2026-05-16,S04,P10,2,48.00,会员储值
ORD107447,2026-06-20,S04,P01,1,32.00,支付宝
ORD104224,2026-05-29,S04,P10,1,24.00,银行卡
ORD103611,2026-05-24,S05,P07,1,22.00,会员储值
ORD114772,2026-08-08,S05,P07,3,66.00,银行卡
ORD112215,2026-07-22,S02,P20,1,22.00,现金
ORD103006,2026-05-21,S02,P15,2,12.00,现金
ORD103777,2026-05-26,S01,P13,1,20.00,银行卡
ORD106499,2026-06-14,S02,P09,1,18.00,微信
ORD107669,2026-06-21,S04,P10,1,24.00,银行卡
ORD103140,2026-05-22,S02,P19,3,45.00,银行卡
ORD103272,2026-05-23,S02,P04,2,76.00,支付宝
ORD115970,2026-08-16,S04,P06,1,45.00,现金
ORD116037,2026-08-16,S05,P08,1,25.00,支付宝
ORD112736,2026-07-26,S02,P05,1,34.00,现金
ORD103612,2026-05-24,S05,P19,1,15.00,微信
ORD111032,2026-07-14,S02,P05,1,34.00,支付宝
ORD111609,2026-07-18,S03,P09,1,18.00,现金
ORD108625,2026-06-28,S02,P06,2,84.00,现金
ORD103015,2026-05-21,S02,P06,1,42.00,现金
ORD106497,2026-06-14,S02,P05,2,,会员储值
ORD107533,2026-06-21,S01,P18,2,36.00,银行卡
ORD102050,2026-05-14,S04,P11,1,26.00,支付宝
ORD103908,2026-05-27,S02,P09,2,36.00,现金
ORD114942,2026-08-09,S04,P13,1,20.00,支付宝
ORD115071,2026-08-10,S03,P08,1,25.00,会员储值
ORD108668,2026-06-28,s03,P04,1,38.00,支付宝
ORD114419,2026-08-06,S04,P08,1,25.00,会员储值
ORD115210,2026-08-11,S04,P17,3,36.00,会员储值
ORD101809,2026-05-12,S05,P12,1,8.00,银行卡
ORD107063,2026-06-18,S02,P04,3,114.00,会员储值
ORD108521,2026-06-27,S04,P08,2,50.00,银行卡
ORD110265,2026-07-09,S03,P08,1,25.00,支付宝
ORD117122,2026-08-24,S05,P03,1,26.00,微信
ORD107241,2026-06-19,S02,P12,1,8.00,支付宝
ORD104991,2026-06-03,S04,P10,1,24.00,支付宝
ORD106889,2026-06-17,S01,P15,1,6.00,微信
ORD101772,2026-05-12,S04,P07,2,44.00,支付宝
ORD110471,2026-07-11,S01,P15,1,6.00,支付宝
ORD113621,2026-08-01,S03,P08,1,25.00,微信
ORD107565,2026-06-21,S01,P14,1,10.00,现金
ORD105113,2026-06-04,S03,P08,1,25.00,支付宝
ORD112726,2026-07-26,S02,P04,2,76.00,现金
ORD103936,2026-05-27,S03,P18,1,18.00,微信
ORD107027,2026-06-18,S01,P08,1,25.00,现金
ORD100686,2026-05-05,S02,P14,2,20.00,支付宝
ORD117369,2026-08-26,S05,P10,1,24.00,现金
ORD104173,2026-05-29,S02,P09,1,18.00,会员储值
ORD110771,2026-07-12,S99,P17,1,12.00,支付宝
ORD113761,2026-08-02,S01,P01,2,64.00,银行卡
ORD114042,2026-08-03,S04,P10,1,24.00,现金
ORD107531,2026-06-21,S01,P06,3,126.00,现金
ORD101387,2026-05-10,S01,P19,1,15.00,支付宝
ORD107354,2026-06-20,S01,P02,1,30.00,银行卡
ORD117185,2026-08-25,S03,P17,2,24.00,支付宝
ORD102940,2026-05-20,S04,P06,2,84.00,银行卡
ORD102307,2026-05-16,S03,P12,1,8.00,会员储值
ORD103040,2026-05-21,S03,P07,1,22.00,银行卡
ORD115600,2026-08-14,S04,P15,3,18.00,支付宝
ORD114464,2026-08-07,S01,P01,1,32.00,支付宝
ORD116330,2026-08-19,S05,P20,3,66.00,银行卡
ORD103342,2026-05-23,S03,P06,1,42.00,会员储值
ORD117908,2026-08-30,S02,P20,2,44.00,现金
ORD100699,2026-05-05,S02,P05,2,68.00,支付宝
ORD116499,2026-08-21,S01,P01,3,96.00,会员储值
ORD108148,2026-06-25,S02,P03,1,26.00,支付宝
ORD114528,2026-08-07,S03,P07,2,44.00,银行卡
ORD111336,2026-07-16,S04,P10,1,24.00,银行卡
ORD116543,2026-08-21,S03,P10,3,72.00,微信
ORD102107,2026-05-15,S01,P16,2,-10.00,微信
ORD114734,2026-08-08,S04,P11,3,78.00,微信
ORD117392,2026-08-27,S01,P03,1,26.00,银行卡
ORD116884,2026-08-23,S03,P10,3,72.00,支付宝
ORD102443,2026-05-17,S01,P01,2,,会员储值
ORD112947,27-07-2026,S03,P08,2,50.00,现金
ORD101231,2026-05-09,S02,P16,1,5.00,支付宝
ORD106365,2026-06-13,S03,P07,2,44.00,支付宝
ORD117658,2026-08-29,S01,P08,1,25.00,支付宝
ORD118042,2026-08-31,S01,P01,2,64.00,微信
ORD113880,2026-08-02,S04,P21,3,48.00,银行卡
ORD117436,2026-08-27,S02,P05,2,68.00,银行卡
ORD108210,2026-06-25,S05,P03,1,26.00,会员储值
ORD107896,2026-06-23,S02,P05,2,68.00,支付宝
ORD101451,2026-05-10,S03,P08,1,25.00,银行卡
ORD104855,2026-06-02,S03,P09,1,18.00,现金
ORD116552,2026-08-21,S03,P08,2,50.00,银行卡
ORD114739,2026-08-08,S04,P21,1,16.00,银行卡
ORD115680,2026-08-15,S01,P02,2,60.00,微信
ORD113973,2026/8/3,S02,P19,1,¥15.00,微信
ORD108142,2026-06-25,S02,P14,2,20.00,微信
ORD102623,2026-05-18,S01,P01,1,32.00,银行卡
ORD102102,2026-05-15,S01,P08,1,25.00,会员储值
ORD103891,2026-05-27,S01,P01,1,32.00,微信
ORD116193,2026-08-18,S03,P18,1,18.00,支付宝
ORD106548,2026-06-14,S03,P07,2,44.00,现金
ORD102016,2026-05-14,S03,P03,2,52.00,银行卡
ORD114428,2026-08-06,S04,P11,1,26.00,支付宝
ORD117651,2026-08-29,S01,P02,2,60.00,支付宝
ORD115948,2026-08-16,S03,P20,1,22.00,银行卡
ORD107740,2026-06-22,S01,P19,1,15.00,现金
ORD106580,2026-06-14,S04,P20,1,22.00,会员储值
ORD101621,2026-05-11,S03,P20,1,22.00,会员储值
ORD117292,2026-08-26,S02,P21,1,16.00,会员储值
ORD109695,2026-07-05,S02,P06,1,45.00,银行卡
ORD117315,2026-08-26,S03,P15,1,6.00,银行卡
ORD110474,2026-07-11,S01,P15,1,6.00,现金
ORD109219,2026-07-02,S03,P15,2,12.00,支付宝
ORD113282,2026-07-30,S01,P01,1,32.00,现金
ORD111879,2026-07-19,S05,P20,2,44.00,微信
ORD104684,2026-06-01,S01,P01,2,64.00,微信
ORD106304,2026-06-13,S02,P20,3,66.00,银行卡
ORD106239,2026-06-12,S04,P13,1,20.00,支付宝
ORD108609,2026-06-28,S02,P05,1,34.00,银行卡
ORD114611,2026-08-08,S01,P02,2,60.00,现金
ORD114239,2026-08-05,S02,P04,1,38.00,银行卡
ORD111572,2026-07-18,S02,P02,2,60.00,会员储值
ORD115217,2026-08-11,S04,P16,2,10.00,银行卡
ORD117012,2026-08-24,S01,P10,1,24.00,现金
ORD102216,2026-05-16,S01,P14,3,30.00,支付宝
ORD116329,2026-08-19,S05,P17,2,24.00,微信
ORD116233,2026-08-18,S05,P06,1,45.00,支付宝
ORD114089,2026-08-04,S01,P12,1,8.00,现金
ORD113263,2026-07-29,S05,P07,2,44.00,银行卡
ORD117485,2026-08-27,S04,P09,2,36.00,银行卡
ORD107307,2026-06-19,S05,P11,1,26.00,支付宝
ORD114046,2026-08-03,S05,P18,1,18.00,现金
ORD109847,2026-07-06,S02,P06,2,90.00,会员储值
ORD108729,2026-06-28,S05,P01,2,64.00,支付宝
ORD111536,2026-07-18,S01,P13,1,20.00,会员储值
ORD101927,2026-05-13,S05,P06,1,42.00,微信
ORD101847,2026-05-13,S02,P20,1,22.00,会员储值
ORD111313,2026-07-16,S03,P09,1,18.00,现金
ORD101799,2026-05-12,S05,P19,2,30.00,微信
ORD110115,2026-07-08,S02,P06,1,45.00,会员储值
ORD110662,2026-07-12,S01,P01,2,64.00,支付宝
ORD115950,2026-08-16,S03,P11,2,52.00,现金
ORD115339,2026-08-12,S04,P16,1,5.00,银行卡
ORD101157,2026-05-08,S05,P09,2,36.00,现金
ORD114827,2026-08-09,S01,P01,1,32.00,银行卡
ORD102020,2026-05-14,S03,P09,2,36.00,银行卡
ORD105441,2026-06-06,S04,P12,1,8.00,银行卡
ORD109975,2026-07-07,S02,P16,3,15.00,支付宝
ORD116027,2026-08-16,S05,P20,2,44.00,现金
ORD102238,2026-05-16,S01,P02,1,30.00,现金
ORD110333,2026-07-10,S01,P02,3,90.00,微信
ORD107173,2026-06-18,S04,P15,1,6.00,微信
ORD108810,2026-06-29,S02,P17,2,24.00,会员储值
ORD114664,2026-08-08,S02,P13,2,40.00,现金
ORD101626,2026-05-11,S03,P09,2,36.00,会员储值
ORD107889,2026-06-23,S02,P15,1,6.00,会员储值
ORD113759,2026-08-02,S01,P01,2,64.00,微信
ORD111731,2026-07-19,S01,P01,2,64.00,会员储值
ORD108382,2026-06-27,S01,P01,3,96.00,微信
ORD116689,2026-08-22,S03,P07,2,44.00,支付宝
ORD107050,2026-06-18,S02,P17,3,36.00,支付宝
ORD117303,2026-08-26,S02,P05,1,34.00,微信
ORD115714,2026-08-15,S02,P21,1,16.00,现金
ORD103397,2026-05-23,S05,P04,1,38.00,现金
ORD114646,2026-08-08,S02,P03,1,26.00,支付宝
ORD105666,2026-06-07,S04,P18,1,18.00,银行卡
ORD110218,2026-07-09,S01,P07,1,22.00,银行卡
ORD102002,2026-05-14,S02,P20,2,44.00,支付宝
ORD101555,2026-05-11,S01,P01,1,32.00,会员储值
ORD100073,2026-05-01,S03,P09,1,18.00,银行卡
ORD109593,2026-07-04,S05,P03,1,26.00,银行卡
ORD113264,2026-07-29,S05,P03,1,26.00,现金
ORD107346,2026-06-20,S01,P05,1,34.00,会员储值
ORD103630,2026-05-25,S01,P01,3,96.00,支付宝
ORD104116,2026-05-28,S05,P05,3,102.00,会员储值
ORD113132,2026-07-28,S05,P10,1,24.00,微信
ORD106892,2026-06-17,S01,P17,1,12.00,支付宝
ORD110087,2026-07-08,S01,P17,2,24.00,银行卡
ORD110506,2026-07-11,S02,P11,2,52.00,现金
ORD112943,2026-07-27,S03,P07,1,22.00,会员储值
ORD107715,2026-06-21,S05,P07,1,22.00,现金
ORD117946,2026-08-30,S03,P15,2,12.00,支付宝
ORD105175,2026-06-04,S05,P05,3,102.00,现金
ORD110056,2026/7/7,S05,P01,1,32.00,银行卡
ORD100564,2026-05-04,S02,P06,3,126.00,微信
ORD108782,2026-06-29,S01,P16,2,10.00,现金
ORD114275,2026-08-05,S03,P09,1,18.00,微信
ORD116408,2026-08-20,S03,P08,3,75.00,会员储值
ORD112227,2026-07-22,S03,P09,1,18.00,银行卡
ORD114998,2026-08-10,S01,P02,1,30.00,微信
ORD106105,2026-06-11,S05,P14,1,10.00,现金
ORD105477,2026-06-06,S05,P10,2,48.00,现金
ORD108174,2026-06-25,S03,P07,1,22.00,支付宝
ORD116138,2026-08-17,S05,P07,1,22.00,微信
ORD115200,2026-08-11,S03,P08,1,25.00,现金
ORD107602,2026-06-21,S02,P04,1,38.00,支付宝
ORD107753,2026-06-22,S02,P05,1,34.00,银行卡
ORD115448,2026-08-13,S03,P08,1,25.00,支付宝
ORD107981,2026-06-24,S01,P10,1,24.00,微信
ORD104795,2026-06-02,S01,P18,1,18.00,会员储值
ORD108211,2026-06-25,S05,P20,1,22.00,会员储值
ORD108298,2026-06-26,S03,P07,1,22.00,银行卡
ORD109022,2026-06-30,S05,P03,3,78.00,会员储值
ORD111693,2026-07-18,S05,P03,2,52.00,会员储值
ORD116675,2026-08-22,S02,P04,1,38.00,支付宝
ORD104102,2026-05-28,S04,P10,1,24.00,现金
ORD113285,2026-07-30,S01,P17,1,12.00,支付宝
ORD104502,2026-05-31,S01,P17,1,12.00,支付宝
ORD101746,2026-05-12,S03,P09,1,18.00,现金
ORD116155,2026-08-18,S01,P09,2,36.00,现金
ORD114699,2026-08-08,S03,P13,1,20.00,微信
ORD116750,2026-08-22,S04,P19,1,15.00,银行卡
ORD110964,2026-07-13,S05,P19,1,15.00,现金
ORD100530,2026-05-04,S01,P16,2,10.00,支付宝
ORD104956,2026-06-03,S02,P06,1,42.00,银行卡
ORD110197,2026-07-09,S01 ,P17,1,12.00,微信
ORD108585,2026-06-28,S01,P12,1,8.00,银行卡
ORD113984,2026-08-03,S02,P07,3,66.00,支付宝
ORD115371,2026-08-12,S05,P06,1,45.00,银行卡
ORD101669,2026-05-11,S05,P05,1,34.00,会员储值
ORD106015,2026-06-10,S05,P10,2,48.00,微信
ORD107782,2026-06-22,S03,P13,1,20.00,会员储值
ORD105991,2026-06-10,S04,P08,2,50.00,支付宝
ORD109324,2026-07-03,S02,P05,2,68.00,银行卡
ORD109447,2026-07-04,S01,P04,1,38.00,会员储值
ORD110426,2026-07-10,S04,P02,1,30.00,支付宝
ORD102630,2026-05-18,S01,P02,1,30.00,会员储值
ORD110951,2026-07-13,S04,P05,1,34.00,微信
ORD113026,2026-07-28,S01,P02,2,60.00,银行卡
ORD113690,2026-08-01,S04,P10,3,72.00,银行卡
ORD100823,06-05-2026,S02,P06,1,42.00,银行卡
ORD104024,2026-05-28,S01,P12,1,8.00,现金
ORD107870,2026-06-23,S01,P01,1,32.00,微信
ORD117971,2026-08-30,S04,P03,1,26.00,银行卡
ORD114405,2026-08-06,S03,P05,1,34.00,银行卡
ORD114188,2026-08-04,S05,P14,1,10.00,银行卡
ORD111223,2026-07-15,S05,P07,1,22.00,现金
ORD110267,2026-07-09,S03,P14,1,10.00,微信
ORD105448,2026-06-06,S04,P06,1,42.00,现金
ORD113766,2026-08-02,S01,P13,1,20.00,支付宝
ORD102335,2026-05-16,S03,P06,1,42.00,银行卡
ORD109796,2026-07-05,S05,P14,1,10.00,微信
ORD104367,2026-05-30,S03,P02,2,60.00,现金
ORD115245,2026-08-11,S05,P02,1,30.00,微信
ORD106615,2026-06-14,S05,P02,1,30.00,微信
ORD113089,2026-07-28,S04,P09,3,54.00,现金
ORD112980,2026-07-27,S04,P17,2,24.00,会员储值
ORD102184,2026-05-15,S04,P11,1,26.00,微信
ORD114056,2026-08-03,S05,P01,1,32.00,现金
ORD106004,2026-06-10,S05,P19,1,15.00,会员储值
ORD116690,2026-08-22,S03,P14,2,20.00,现金
ORD113535,2026-07-31,S05,P17,1,12.00,银行卡
ORD111616,2026-07-18,S03,P07,1,22.00,支付宝
ORD110196,2026-07-09,S01,P03,1,26.00,银行卡
ORD102538,2026-05-17,S04,P03,3,78.00,支付宝
ORD100561,2026-05-04,S02,P05,1,34.00,现金
ORD106419,2026-06-13,S05,P03,2,52.00,现金
ORD113769,2026-08-02,S01,P01,1,32.00,银行卡
ORD100741,2026-05-05,S04,P05,2,68.00,银行卡
ORD100895,2026-05-06,S05,P20,1,22.00,现金
ORD111756,2026-07-19,S02,P06,3,135.00,银行卡
ORD102069,2026-05-14,S05,P04,2,76.00,支付宝
ORD114887,2026-08-09,S03,P09,1,18.00,支付宝
ORD114294,2026-08-05,S04,P10,2,48.00,支付宝
ORD102416,2026-05-16,S05,P01,2,64.00,银行卡
ORD112456,2026-07-24,S03,P17,1,12.00,微信
ORD115078,2026-08-10,S04,P06,1,45.00,银行卡
ORD115116,2026-08-10,S05,P06,1,45.00,会员储值
ORD111151,2026-07-15,S02,P06,3,135.00,银行卡
ORD106516,2026-06-14,S02,P04,1,38.00,支付宝
ORD100188,2026-05-02,S02,P05,1,34.00,微信
ORD113355,2026-07-30,S04,P11,2,52.00,会员储值
ORD116553,2026-08-21,S03,P07,1,22.00,支付宝
ORD103833,2026-05-26,S04,P10,1,24.00,支付宝
ORD105217,2026-06-05,S02,P02,1,30.00,微信
ORD112624,2026-07-25,S04,P08,1,25.00,会员储值
ORD117136,2026-08-25,S01,P02,1,30.00,现金
ORD105255,2026-06-05,S03,P08,3,75.00,会员储值
ORD103977,2026-05-27,S04,P10,2,48.00,会员储值
ORD108575,2026-06-28,S01,P03,2,52.00,银行卡
ORD101786,2026-05-12,S04,P10,2,48.00,现金
ORD109391,2026-07-03,S04,P11,2,52.00,银行卡
ORD100733,2026-05-05,S04,P06,2,84.00,现金
ORD115741,2026-08-15,S03,P18,2,36.00,会员储值
ORD110200,2026-07-09,S01,P02,1,30.00,微信
ORD111992,2026-07-20,S04,P10,1,24.00,微信
ORD114288,2026-08-05,S04,P10,1,24.00,现金
ORD107208,2026-06-19,S01,P01,1,32.00,现金
ORD104556,2026-05-31,S03,P08,2,50.00,微信
ORD105927,2026-06-10,S01,P18,2,36.00,支付宝
ORD106798,2026-06-16,S02,P06,1,42.00,现金
ORD108894,2026-06-29,S05,P11,1,26.00,银行卡
ORD113618,2026-08-01,S03,P13,2,40.00,现金
ORD110354,2026-07-10,S01,P06,2,90.00,现金
ORD116023,2026-08-16,S05,P21,1,16.00,现金
ORD115999,2026-08-16,S05,P19,1,15.00,会员储值
ORD106908,2026-06-17,S01,P13,1,20.00,微信
ORD108913,2026-06-30,S01,P19,2,30.00,微信
ORD105836,2026-06-09,S01,P08,1,25.00,微信
ORD102587,2026-05-17,S05,P19,1,15.00,银行卡
ORD103997,2026-05-27,S05,P01,1,32.00,会员储值
ORD102958,2026-05-20,S05,P19,3,45.00,微信
ORD115773,2026-08-15,S04,P10,1,24.00,现金
ORD102553,2026-05-17,S04,P16,2,10.00,微信
ORD102007,2026-05-14,S03,P07,3,66.00,微信
ORD104985,2026-06-03,S04,P99,2,¥30.00,会员储值
ORD100724,2026-05-05,S03,P08,1,25.00,现金
ORD109693,2026-07-05,S02,P15,1,6.00,会员储值
ORD112358,2026-07-23,S03,P09,3,54.00,现金
ORD115777,2026-08-15,S04,P13,2,40.00,现金
ORD111903,2026-07-20,S01,P15,3,18.00,会员储值
ORD111354,2026-07-16,S05,P13,1,20.00,会员储值
ORD114686,2026-08-08,S03,P02,1,30.00,支付宝
ORD105607,2026-06-07,S03,P13,3,60.00,支付宝
ORD114410,2026-08-06,S03,P03,1,26.00,会员储值
ORD113444,2026-07-31,S02,P06,3,135.00,支付宝
ORD117669,2026-08-29,S01,P12,1,8.00,微信
ORD105377,2026-06-06,S02,P05,1,34.00,支付宝
ORD101033,2026-05-08,S01,P03,1,26.00,现金
ORD108222,2026-06-25,S05,P19,1,15.00,支付宝
ORD108728,2026-06-28,S05,P20,1,22.00,银行卡
ORD110027,2026-07-07,S04,P11,1,26.00,会员储值
ORD110146,2026-07-08,S03,P09,2,36.00,微信
ORD114600,2026-08-08,S01,P14,1,10.00,现金
ORD109482,2026-07-04,S02,P04,2,76.00,支付宝
ORD112000,2026-07-20,S04,P14,1,10.00,会员储值
ORD113701,2026-08-01,S05,P10,2,48.00,会员储值
ORD107964,2026-06-23,S05,P09,1,18.00,微信
ORD107336,2026-06-20,S01,P14,1,10.00,会员储值
ORD104211,2026-05-31,S03,P02,2,-60.00,会员储值
ORD104759,2026-06-01,S04,P14,2,20.00,微信
ORD103154,2026-05-22,S02,P10,1,24.00,现金
ORD109052,2026-07-01,S01,P18,2,36.00,银行卡
ORD116613,2026-08-22,S01,P01,2,64.00,会员储值
ORD112299,2026-07-23,S01,P01,1,32.00,银行卡
ORD102521,2026-05-17,S03,P13,3,60.00,现金
ORD117923,2026-08-30,S03,P09,1,18.00,支付宝
ORD116782,2026-08-22,S05,P21,2,32.00,会员储值
ORD115136,2026-08-11,S01,P02,1,30.00,支付宝
ORD114620,2026-08-08,S01,P21,1,16.00,银行卡
ORD110397,2026-07-10,S03,P09,1,18.00,微信
ORD104233,2026-05-29,S04,P14,1,10.00,微信
ORD112579,2026-07-25,S03,P07,1,22.00,支付宝
ORD115257,2026-08-12,S01,P06,3,135.00,银行卡
ORD101688,2026-05-12,S01,P13,1,20.00,会员储值
ORD108399,2026-06-27,S01,P15,2,12.00,会员储值
ORD108823,2026-06-29,S03,P18,1,18.00,银行卡
ORD106094,2026-06-11,S04,P15,1,6.00,银行卡
ORD108144,2026-06-25,S02,P04,2,76.00,银行卡
ORD108274,2026-06-26,S02,P13,1,20.00,微信
ORD104702,2026-06-01,S02,P02,2,60.00,支付宝
ORD115164,2026-08-11,S02,P21,3,48.00,银行卡
ORD113174,2026-07-29,S02,P05,2,68.00,银行卡
ORD101894,2026-05-13,S03,P06,1,42.00,微信
ORD109412,2026-07-03,S05,P18,1,18.00,微信
ORD115875,2026-08-16,S01,P01 ,1,32.00,会员储值
ORD105659,2026-06-07,S04,P10,1,24.00,银行卡
ORD109067,2026-07-01,S02,P03,1,26.00,微信
ORD109846,2026-07-06,S02,P20,2,44.00,支付宝
ORD115036,2026-08-10,S02,P04,2,76.00,银行卡
ORD112068,2026-07-21,S02,P08,2,50.00,支付宝
ORD101524,2026-05-10,S05,P01,1,32.00,支付宝
ORD103943,2026-05-27,S03,P01,1,32.00,现金
ORD106766,2026-06-16,S01,P20,3,66.00,现金
ORD102222,2026-05-16,S01,P19,1,15.00,微信
ORD100763,2026-05-05,S05,P05,1,34.00,现金
ORD110547,2026-07-11,S03,P13,2,40.00,会员储值
ORD109969,2026-07-07,S02,P10,2,48.00,支付宝
ORD100768,2026-05-05,S05,P02,3,90.00,微信
ORD106229,2026-06-12,S04,P19,2,30.00,银行卡
ORD113459,2026-07-31,S03,P03,3,78.00,银行卡
ORD115126,2026-08-11,S01,P19,1,15.00,会员储值
ORD100951,2026-05-07,S02,P03,1,26.00,银行卡
ORD108037,2026-06-24,S03,P03,1,26.00,微信
ORD111636,2026-07-18,S04,P10,1,24.00,支付宝
ORD108129,2026-06-25,S01,P02,1,30.00,微信
ORD102863,2026-05-20,S01,P16,2,10.00,支付宝
ORD103335,2026-05-23,S03,P19,2,30.00,现金
ORD117717,2026-08-29,S02,P04,2,,支付宝
ORD109175,2026-07-02,S01,P13,1,20.00,支付宝
ORD108064,2026-06-24,S04,P10,1,24.00,会员储值
ORD116382,2026-08-20,S02,P04,1,38.00,银行卡
ORD113227,2026-07-29,S04,P18,1,18.00,支付宝
ORD117168,2026-08-25,S02,P09,1,18.00,微信
ORD103708,2026-05-25,S04,P07,1,22.00,银行卡
ORD108396,2026-06-27,S01,P15,1,6.00,支付宝
ORD105155,2026-06-04,S05,P02,1,30.00,银行卡
ORD103672,2026-05-25,S02,P04,3,114.00,支付宝
ORD101761,2026-05-12,S04, p19,3,45.00,现金
ORD102644,2026-05-18,S02,P15,1,6.00,支付宝
ORD103256,2026-05-23,S01,P19,1,15.00,现金
ORD114684,2026-08-08,S03,P12,1,8.00,银行卡
ORD107076,2026-06-18,S02,P06,3,87.00,会员储值
ORD106537,2026-06-14,S03,P07,1,22.00,现金
ORD109663,2026-07-05,S02,P05,1,34.00,微信
ORD107255,2026-06-19,S03,P14,1,10.00,微信
ORD112352,2026-07-23,S03,P11,2,52.00,支付宝
ORD102203,2026-05-15,S05,P05,1,34.00,会员储值
ORD102302,2026-05-16,S03,P07,1,22.00,银行卡
ORD112564,2026-07-25,S03,P08,1,25.00,微信
ORD107623,2026-06-21,S03,P08,2,50.00,支付宝
ORD115972,2026-08-16,S04,P17,1,12.00,支付宝
ORD112948,2026-07-27,S03,P08,1,25.00,微信
ORD115034,2026-08-10,S02,P11,1,26.00,支付宝
ORD113958,2026-08-03,S01,P05,1,34.00,微信
ORD114667,2026-08-08,S02,P05,1,34.00,微信
ORD106857,2026-06-16,S04,P09,1,18.00,现金
ORD103220,2026-05-22,S05,P12,1,8.00,支付宝
ORD117256,2026-08-26,S99,P13,1,20.00,银行卡
ORD107511,2026-06-20,S05,P04,1,38.00,会员储值
ORD114342,2026-08-06,S01,P02,1,30.00,会员储值
ORD113710,2026-08-01,S05,P11,1,26.00,银行卡
ORD116449,2026-08-20,S04,P05,2,68.00,支付宝
ORD114319,2026-08-05,S05,P14,2,20.00,会员储值
ORD111070,2026-07-14,S04,P03,3,78.00,支付宝
ORD102591,2026-05-17,S05,P10,1,24.00,银行卡
ORD107702,2026-06-21,S05,P15,1, ¥6.00 ,微信
ORD118137,2026-08-31,S05,P03,1,26.00,支付宝
ORD111621,2026-07-18,S03,P10,2,48.00,银行卡
ORD109694,2026-07-05,S02,P06,2,90.00,支付宝
ORD107360,2026-06-20,S01,P13,1,20.00,现金
ORD116257,2026-08-19,S01,P13,1,,现金
ORD117171,2026-08-25,S02,P06,1,45.00,微信
ORD116703,2026-08-22,S03,P09,2,36.00,支付宝
ORD112997,2026-07-27,S05,P14,3,30.00,会员储值
ORD105176,2026-06-04,S05,P19,2,30.00,银行卡
ORD102230,2026-05-16,S01,P01,1,32.00,支付宝
ORD114665,08-08-2026,S02,P11,1,,现金
ORD115306,2026-08-12,S02,P06,2,90.00,会员储值
ORD105276,2026-06-05,S04,P16,1,5.00,支付宝
ORD117896,2026-08-30,S02,P15,1,6.00,微信
ORD105832,2026-06-09,S01,P12,2,16.00,支付宝
ORD113654,2026-08-01,S03,P08,1,25.00,银行卡
ORD105245,2026-06-05,S03,P07,1,22.00,会员储值
ORD105770,2026-06-08,S04,P04,3,114.00,会员储值
ORD103849,2026-05-26,S04,P10,1,24.00,会员储值
ORD101079,2026-05-08,S02,P11,2,52.00,现金
ORD100085,2026-05-01,S04,P03,3,78.00,现金
ORD105674,2026-06-07,S05,P08,1,25.00,微信
ORD108002,2026-06-24,S01,P19,1,15.00,会员储值
ORD112499,2026-07-25,S01,P19,1,15.00,会员储值
ORD100252,2026-05-02,S04,P03,1,26.00,会员储值
ORD102884,2026-05-20,S02,P05,1,34.00,微信
ORD115427,2026-08-13,S02,P03,1,26.00,微信
ORD108875,2026-06-29,S05,P08,2,50.00,银行卡
ORD101131,2026-05-08,S04,P11,1,26.00,微信
ORD108844,2026-06-29,S04,P16,1,5.00,会员储值
ORD101114,2026-05-08,S04,P11,1,26.00,现金
ORD117865,2026-08-30,S01,P21,3,48.00,银行卡
ORD115398,2026-08-13,S01,P01,2,64.00,支付宝
ORD105699,2026-06-07,S05,P12,1,8.00,会员储值
ORD110147,2026-07-08,S03,P09,1,18.00,现金
ORD109473,2026-07-04,S02,P04,1,38.00,会员储值
ORD113819,2026-08-02,S03,P09,1,18.00,支付宝
ORD116774,2026-08-22,S05,P02,2,60.00,会员储值
ORD100258,2026-05-02,S04,P11,1,26.00,现金
ORD104865,2026-06-02,S04,P20,1,22.00,支付宝
ORD100270,2026-05-02,S04,P10,1,24.00,支付宝
ORD114074,2026-08-04,S01,P21,1,16.00,支付宝
ORD105315,2026-06-06,S01,P18,1,18.00,会员储值
ORD109573,2026-07-04,S04,P03,1,26.00,微信
ORD116895,2026-08-23,S03,P08,1,25.00,微信
ORD105383,2026-06-06,S02,P06,1,42.00,会员储值
ORD108938,2026-06-30,S02,P06,1,42.00,支付宝
ORD113390,2026-07-30,S05,P08,1,25.00,支付宝
ORD112156,2026-07-21,S05,P02,2,60.00,微信
ORD106971,2026-06-17,S04,P14,3,30.00,银行卡
ORD117546,2026-08-28,S02,P01,1,,银行卡
ORD115332,2026-08-12,S04,P12,2,16.00,会员储值
ORD100873,2026-05-06,S04,P20,2,44.00,银行卡
ORD110529,2026-07-11,S02,P06,2,90.00,会员储值
ORD101044,2026-05-08,S01,P19,1,15.00,现金
ORD108928,2026-06-30,S02,P18,2,36.00,现金
ORD105129,2026-06-04,S04,P04,3,114.00,现金
ORD102509,2026-05-17,S03,P09,1,18.00,支付宝
ORD111716,2026-07-19,S01,P02,1,30.00,现金
ORD107253,2026-06-19,S03,P06,2,84.00,银行卡
ORD105916,2026-06-09,S05,P05,1,34.00,会员储值
ORD117968,2026-08-30,S04,P18,2,36.00,支付宝
ORD106321,2026-06-13,S02,P02,3,90.00,现金
ORD116547,2026-08-21,S03,P01,1,32.00,会员储值
ORD109268,2026-07-02,S05,P13,2,40.00,会员储值
ORD101997,2026-05-14,S02,P04,2,76.00,会员储值
ORD104673,2026-06-01,S01,P16,1,5.00,现金
ORD114529,2026-08-07,S03,P10,2,48.00,支付宝
ORD112190,2026-07-22,S02,P04,1,38.00,会员储值
ORD116503,2026-08-21,S01,P01,1,32.00,银行卡
ORD107990,2026-06-24,S01,P20,1,22.00,现金
ORD104424,2026-05-30,S04,P13,1,20.00,会员储值
ORD111663,2026-07-18,S05,P08,1,25.00,支付宝
ORD110054,2026-07-07,S05,P15,3,   ,微信
ORD104739,2026-06-01,S04,P01,1,32.00,微信
ORD115715,2026-08-15,S02,P06,3,135.00,现金
ORD115120,2026-08-10,S05,P02,2,60.00,现金
ORD113272,2026-07-29,S05,P20,1,22.00,现金
ORD106101,2026-06-11,S05,P20,1,22.00,银行卡
ORD100370,2026-05-03,S02,P16,2,10.00,会员储值
ORD117711,2026-08-29,S02,P04,2,76.00,现金
ORD102893,2026-05-20,S02,P06,1,42.00,现金
ORD107478,2026-06-20,S04,P01,1,32.00,支付宝
ORD111855,2026-07-19,S04,P16,1,5.00,会员储值
ORD113677,2026-08-01,S04,P08,1,25.00,银行卡
ORD111161,2026-07-15,S02,P05,1,34.00,银行卡
ORD108320,2026-06-26,S04,P10,1,24.00,支付宝
ORD110891,2026-07-13,S02,P06,1,45.00,会员储值
ORD110647,2026-07-12,S01,P03,1,26.00,支付宝
ORD112209,2026-07-22,S02,P05,2,68.00,微信
ORD108880,2026-06-29,S05,P03,3,78.00,现金
ORD100942,2026-05-07,S02,P06,2,84.00,微信
ORD106867,2026-06-16,S05,P01,2,64.00,微信
ORD103167,2026-05-22,S03,P01,1,32.00,会员储值
ORD113694,2026-08-01,S04,P11,1,26.00,银行卡
ORD109779,2026-07-05,S05,P05,3,102.00,支付宝
ORD102394,2026-05-16,S05,P03,2,52.00,银行卡
ORD115527,2026-08-14,S01,P01,1,32.00,支付宝
ORD105843,2026-06-09,S01,P02,1,30.00,现金
ORD106562,2026-06-14,S03,P18,1,18.00,微信
ORD101105,2026-05-08,S03,P07,1,22.00,会员储值
ORD117273,2026-08-26,S01,P02,3,90.00,银行卡
ORD115618,2026-08-14,S04,P10,1,24.00,支付宝
ORD102696,2026-05-18,S04,P11,1,26.00,会员储值
ORD108600,2026-06-28,S01,P17,1,12.00,银行卡
ORD106541,2026-06-14,S03,P11,2,52.00,银行卡
ORD113718,2026-08-01,S05,P08,1,25.00,银行卡
ORD103295,2026-05-23,S02,P19,2,30.00,微信
ORD117141,2026-08-25,S01,P13,2,40.00,会员储值
ORD113519,2026-07-31,S05,P15,1,6.00,微信
ORD107433,2026-06-20,S03,P07,1,22.00,银行卡
ORD117232,2026-08-25,S05,P01,1,32.00,银行卡
ORD107973,2026-06-23,S05,P04,1,38.00,银行卡
ORD115937,2026-08-16,S03,P07,2,44.00,现金
ORD113435,2026-07-31,S02,P05,2,68.00,现金
ORD103026,2026-05-21,S02,P05,2,68.00,现金
ORD112890,2026-07-27,S01,P18,1,18.00,微信
ORD102286,2026-05-16,S02,P05,1,34.00,支付宝
ORD103007,2026-05-21,S02,P12,2,16.00,银行卡
ORD100927,2026-05-07,S01,P09,1,18.00,微信
ORD115077,2026-08-10,S04,P21,1,16.00,支付宝
ORD116994,23-08-2026,S05,P10,2,48.00,会员储值
ORD100857,2026-05-06,S03,P07,1,22.00,银行卡
ORD115590,2026-08-14,S03,P07,1,22.00,会员储值
ORD111637,2026-07-18,S04,P03,2,52.00,银行卡
ORD107192,2026-06-18,S05,P06,1,42.00,微信
ORD105619,2026-06-07,S03,P99,1,30.00,现金
ORD104012,2026-05-27,S05,P20,1,22.00,银行卡
ORD108558,2026-06-27,S05,P09,1,18.00,银行卡
ORD108972,2026-06-30,S03,P07,3,66.00,现金
ORD112060,2026-07-21,S02,P05,1,34.00,微信
ORD105465,2026-06-06,S04,P10,1,24.00,会员储值
ORD105989,2026-06-10,S04,P19,1,15.00,会员储值
ORD106883,2026-06-16,S05,P06,1,42.00,支付宝
ORD101940,2026-05-13,S05,P05,1,34.00,微信
ORD106200,2026-06-12,S03,P12,1,8.00,支付宝
ORD102842,2026-05-19,S05,P19,1,15.00,支付宝
ORD105248,2026-06-05,S03,P07,2,44.00,银行卡
ORD110899,2026-07-13,S03,P14,3,30.00,银行卡
ORD100956,2026-05-07,S02,P04,2,76.00,微信
ORD108872,2026-06-29,S05,P18,2,36.00,会员储值
ORD117455,2026-08-27,S03,P16,1,5.00,会员储值
ORD106480,2026-06-14,S01,P02,1,30.00,微信
ORD112921,2026-07-27,S02,P18,2,36.00,银行卡
ORD107534,2026-06-21,S01,P10,1,24.00,现金
ORD111276,2026-07-16,S02,P03,1,26.00,微信
ORD104726,2026-06-01,S03,P20,1,22.00,支付宝
ORD114097,2026-08-04,S01,P12,1,8.00,现金
ORD111403,2026-07-17,S02,P18,3,54.00,微信
ORD101541,2026-05-10,S05,P07,2,44.00,支付宝
ORD102699,2026-05-18,S04,P15,2,12.00,银行卡
ORD115562,2026-08-14,S02,P17,1,12.00,现金
ORD111018,2026-07-14,S02,P05,3,102.00,微信
ORD105316,2026-06-06,S01,P14,2,20.00,会员储值
ORD107220,2026-06-19,S01,P02,1,30.00,微信
ORD103950,2026-05-27,S03,P17,2,24.00,银行卡
ORD112955,2026-07-27,S04,P11,1,26.00,支付宝
ORD106136,2026-06-12,S01,P02,2,60.00,银行卡
ORD107519,2026-06-20,S05,P07,1,22.00,现金
ORD107644,2026-06-21,S03,P07,1,22.00,银行卡
ORD101322,2026-05-09,S04,P18,1,18.00,支付宝
ORD104701,2026-06-01,S02,P06,1,42.00,现金
ORD100101,2026-05-01,S04,P10,3,-72.00,支付宝
ORD102737,2026-05-19,S01,P15,1,6.00,银行卡
ORD100088,2026/5/1,S04,P10,1,24.00,会员储值
ORD115941,2026-08-16,S03,P09,1,18.00,会员储值
ORD112091,2026-07-21,S03,P09,1,18.00,支付宝
ORD109386,2026-07-03,S04,P10,1,24.00,现金
ORD109269,2026-07-02,S05,P18,1,18.00,微信
ORD113729,2026-08-01,S05,P19,1,15.00,会员储值
ORD116012,2026-08-16,S05,P03,1,26.00,银行卡
ORD102534,2026-05-17,S04,P20,1,22.00,银行卡
ORD112181,2026-07-22,S01,P03,1,26.00,支付宝
ORD109574,2026-07-04,S04,P18,3,54.00,会员储值
ORD111852,2026-07-19,S04,P17,1,12.00,银行卡
ORD116173,2026-08-18,S03,P02,1,30.00,微信
ORD116275,2026-08-19,S01,P12,2,16.00,现金
ORD112413,2026-07-23,S05,P03,1,26.00,支付宝
ORD112641,2026-07-25,S04,P17,1,12.00,支付宝
ORD101999,2026-05-14,S02,P13,1,20.00,微信
ORD110473,2026-07-11,S01,P11,1,26.00,微信
ORD109353,2026-07-03,S03,P08,3,75.00,银行卡
ORD108877,2026-06-29,S05,P20,2,44.00,支付宝
ORD112369,2026-07-23,S03,P07,2,44.00,支付宝
ORD103466,2026-05-24,S02,P05,1,34.00,会员储值
ORD103231,2026-05-23,S01,P09,2,36.00,会员储值
ORD102048,2026-05-14,S04,P13,1,20.00,现金
ORD110538,2026-07-11,S03,P05,3,102.00,支付宝
ORD101264,2026-05-09,S03,P01,2,64.00,会员储值
ORD108594,2026-06-28,S01,P03,1,26.00,会员储值
ORD100804,2026-05-06,S01,P05,1,34.00,微信
ORD107961,2026-06-23,S05,P09,2,-36.00,现金
ORD114185,2026-08-04,S05,P08,1,25.00,支付宝
ORD112969,2026-07-27,S04,P15,1,6.00,现金
ORD104517,2026-05-31,S02,P05,2,68.00,银行卡
ORD111179,2026-07-15,S03,P13,2,40.00,支付宝
ORD114834,2026-08-09,S02,P03,1,26.00,支付宝
ORD103145,2026-05-22,S02,P05,1,34.00,银行卡
ORD112014,2026-07-20,S05,P07,1,22.00,会员储值
ORD105914,2026-06-09,S05,P08,1,,现金
ORD113584,2026-08-01,S02,P14,1,10.00,银行卡
ORD104618,2026-05-31,S04,P11,1,26.00,支付宝
ORD111138,2026-07-15,S02,P01,1,32.00,会员储值
ORD106840,2026-06-16,S04,P15,3,18.00,微信
ORD112466,2026-07-24,S04,P18,1,18.00,银行卡
ORD107440,2026-06-20,S03,P11,1,26.00,微信
ORD117691,2026-08-29,S02,P04,1,38.00,会员储值
ORD116638,2026-08-22,S01,P13,1,20.00,微信
ORD107204,2026-06-19,S01,P10,1,24.00,支付宝
ORD107507,2026-06-20,S05,P20,2,44.00,支付宝
ORD117355,2026-08-26,S04,P01,1,32.00,微信
ORD100341,2026-05-03,S01,P01,1,32.00,微信
ORD109843,2026-07-06,S02,P03,3,78.00,银行卡
ORD102412,16-05-2026,S05,P03,2,52.00,微信
ORD112887,2026-07-27,S01,P02,1,30.00,银行卡
ORD103385,2026-05-23,S04,P13,3,60.00,支付宝
ORD117743,2026-08-29,S03,P07,2,44.00,微信
ORD109711,2026-07-05,S03,P07,1,22.00,会员储值
ORD102455,2026-05-17,S01,P01,2,64.00,现金
ORD117199,2026-08-25,S03,P16,1,5.00,微信
ORD116391,2026-08-20,S02,P04,1,38.00,支付宝
ORD107790,2026-06-22,S03,P20,3,66.00,现金
ORD106511,2026-06-14,S02,P04,1,38.00,微信
ORD113253,2026-07-29,S05,P20,2,44.00,银行卡
ORD101349,2026-05-09,S05,P20,1, ¥22.00 ,微信
ORD105695,2026-06-07,S05,P20,1,22.00,微信
ORD101208,2026/5/9,S02,P05,1,34.00,现金
ORD106469,2026-06-14,S01,P01,1,32.00,会员储值
ORD112544,2026-07-25,S02,P17,1,12.00,微信
ORD104683,2026-06-01,S01,P15,2,12.00,支付宝
ORD117091,2026-08-24,S04,P01,1,32.00,微信
ORD116244,2026-08-18,S05,P19,1,15.00,现金
ORD111722,2026-07-19,S01,P06,2,90.00,支付宝
ORD107184,2026-06-18,S05,P12,1,8.00,微信
ORD110373,2026-07-10,S02,P06,1,45.00,银行卡
ORD114653,2026-08-08,S02,P06,1,45.00,现金
ORD110570,2026-07-11,S03,P08,1,25.00,会员储值
ORD105552,2026-06-07,S01,P12,1,8.00,银行卡
ORD117182,2026-08-25,S03,P09,2,36.00,支付宝
ORD116756,2026-08-22,S04,P18,1,18.00,支付宝
ORD117054,2026-08-24,S03,P08,1,25.00,银行卡
ORD117910,2026-08-30,S02,P16,1,5.00,微信
ORD117773,2026-08-29,S04,P18,3,54.00,现金
ORD109421,2026-07-03,S05,P19,3,45.00,支付宝
ORD101147,2026-05-08,S05,P15,1,6.00,现金
ORD105982,2026-06-10,S04,P09,1,18.00,会员储值
ORD107568,2026-06-21,S01,P01,2,64.00,支付宝
ORD113567,2026-08-01,S01,P12,1,8.00,现金
ORD113276,2026-07-30,S01,P15,1,6.00,会员储值
ORD115703,2026-08-15,S02,P06,3,135.00,现金
ORD103029,2026-05-21,S02,P04,1,38.00,微信
ORD105059,2026-06-04,S01,P03,2,52.00,银行卡
ORD118047,2026-08-31,S01,P15,2,12.00,银行卡
ORD108912,2026-06-30,S01,P04,1,38.00,会员储值
ORD117639,2026-08-28,S05,P11,1,26.00,支付宝
ORD104473,2026-05-31,S01,P14,3,30.00,会员储值
ORD118153,2026-08-31,S05,P16,1,5.00,会员储值
ORD108622,2026-06-28,S02,P02,1,30.00,微信
ORD100101,2026-05-01,S04,P10,3,72.00,支付宝
ORD105761,2026-06-08,S02,P04,1,38.00,会员储值
ORD112951,2026-07-27,S03,P07,2,44.00,微信
ORD104241,2026-05-29,S04,P18,1,18.00,会员储值
ORD113262,2026-07-29,S05,P18,1,18.00,现金
ORD109380,2026-07-03,S04,P10,2,48.00,微信
ORD109320,2026-07-03,S02,P13,1,20.00,银行卡
ORD116736,2026-08-22,S04,P05,1,34.00,会员储值
ORD106416,2026-06-13,S04,P10,2,48.00,支付宝
ORD106211,2026-06-12,S04,P01,1,32.00,微信
ORD103170,2026-05-22,S03,P12,1,8.00,会员储值
ORD103784,2026-05-26,S02,P03,1,26.00,现金
ORD103098,2026-05-21,S05,P16,2,10.00,会员储值
ORD116891,2026-08-23,S03,P19,2,30.00,银行卡
ORD112885,2026-07-27,S01,P14,1,10.00,银行卡
ORD100771,2026-05-05,S05,P20,3,66.00,支付宝
ORD103087,2026-05-24,S05,P01,3,-96.00,现金
ORD116459,2026-08-20,S05,P04,1,38.00,微信
ORD106221,2026-06-12,S04,P10,1,24.00,现金
ORD109868,2026-07-06,S03,P09,1,18.00,银行卡
ORD101825,2026-05-13,S01,P01,1,32.00,支付宝
ORD115163,2026-08-11,S02,P06,1,45.00,会员储值
ORD107328,2026-06-19,S05,P18,1,18.00,会员储值
ORD101853,2026-05-13,S02,P05,1,34.00,支付宝
ORD103641,2026-05-25,S01,P12,1,8.00,微信
ORD103870,2026-05-26,S05,P06,1,42.00,支付宝
ORD100862,2026-05-06,S04,P07,1,22.00,现金
ORD101954,2026-05-14,S01,P19,2,30.00,现金
ORD118067,2026-08-31,S02,P21,2,32.00,微信
ORD110693,2026-07-12,S02,P06,1,45.00,支付宝
ORD117398,2026-08-27,S01,P11,1,26.00,现金
ORD114742,2026-08-08,S04,P18,1,18.00,支付宝
ORD117020,2026-08-24,S01,P14,1,10.00,现金
ORD117892,2026-08-30,S02,P21,2,32.00,支付宝
ORD112903,2026-07-27,S02,P05,1,34.00,支付宝
ORD101755,2026-05-12,S03,P07,1,22.00,银行卡
ORD101074,2026-05-08,S02,P04,1,38.00,微信
ORD114395,2026-08-06,S03,P13,2,40.00,银行卡
ORD104923,2026-06-03,S01,P13,2,40.00,现金
ORD104268,2026-05-29,S05,P20,1,22.00,微信
ORD116866,2026-08-23,S02,P17,1,12.00,会员储值
ORD112565,2026-07-25,S03,P09,1,18.00,银行卡
ORD107838,2026-06-22,S05,P05,1,34.00,支付宝
ORD105587,2026-06-07,S02,P06,2,84.00,微信
ORD111599,2026-07-18,S03,P17,2,24.00,会员储值
ORD115947,2026-08-16,S03,P01,1,32.00,银行卡
ORD106100,2026-06-11,S05,P02,1,30.00,支付宝
ORD108851,2026-06-29,S04,P16,1,5.00,会员储值
ORD114170,2026-08-04,S04,P01,2,64.00,会员储值
ORD101584,2026-05-11,S02,P06,1,42.00,支付宝
ORD113995,2026-08-03,S03,P08,1,25.00,微信
ORD117931,2026-08-30,S03,P11,3,78.00,现金
ORD108068,2026-06-24,S04,P09,1,18.00,微信
ORD103899,2026-05-27,S01,P03,1,26.00,银行卡
ORD112295,2026-07-22,S05,P12,1,8.00,会员储值
ORD103634,2026-05-25,S01,P16,1,5.00,会员储值
ORD104002,2026-05-27,S05,P19,1,15.00,微信
ORD108288,2026-06-26,S03,P05,2,68.00,微信
ORD108191,2026-06-25,S04,P07,1,22.00,银行卡
ORD115983,2026-08-16,S04,P19,2,30.00,银行卡
ORD117868,2026-08-30,S01,P01,2,64.00,微信
ORD100676,2026-05-05,S01,P12,1,8.00,微信
ORD105553,2026-06-07,S01,P01,1,32.00,现金
ORD104614,2026-05-31,S04,P10,1,24.00,银行卡
ORD116542,2026-08-21,S03,P13,2,40.00,会员储值
ORD106057,2026-06-11,S02,P06,3,126.00,微信
ORD100725,2026-05-05,S03,P07,1,22.00,支付宝
ORD106236,2026-06-12,S04,P18,1,18.00,支付宝
ORD117046,2026-08-24,S02,P04,1,38.00,会员储值
ORD112141,2026-07-21,S05,P20,1,22.00,微信
ORD105955,2026-06-10,S02,P06,2,84.00,微信
ORD101754,2026-05-12,S03,P14,1,10.00,支付宝
ORD102794,2026-05-19,S03,P16,1,5.00,银行卡
ORD107654,2026-06-21,S04,P17,1,12.00,会员储值
ORD111139,2026-07-15,S02,P11,1,26.00,微信
ORD102137,2026-05-15,S03,P09,2,36.00,支付宝
ORD110219,2026-07-09,S01,P12,1,8.00,银行卡
ORD102952,2026-05-20,S04,P03,1,26.00,微信
ORD116296,2026-08-19,S03,P06,1,45.00,支付宝
ORD100063,2026-05-01,S03,P09,1,18.00,银行卡
ORD111050,14-07-2026,S03,p07,1,22.00,银行卡
ORD113871,2026-08-02,S04,P03,1,26.00,支付宝
ORD101421,2026-05-10,S02,P13,2,40.00,会员储值
ORD106403,2026-06-13,S04,P11,1,26.00,现金
ORD103294,2026-05-23,S02,P12,2,16.00,银行卡
ORD107637,2026-06-21,S03,P11,1,26.00,支付宝
ORD117709,2026-08-29,S02,P04,2,76.00,现金
ORD116442,2026-08-20,S04,P10,1,24.00,微信
ORD105626,2026-06-07,S03,P07,3,66.00,微信
ORD109428,2026-07-04,S01,P15,1,6.00,银行卡
ORD102442,2026-05-17,S01,P04,3,114.00,会员储值
ORD108340,2026-06-26,S05,P03,2,52.00,银行卡
ORD102978,2026-05-20,S05,P13,1,20.00,微信
ORD115273,2026-08-12,S01,P01,2,64.00,现金
ORD113395,2026-07-30,S05,P05,2,68.00,会员储值
ORD109318,2026-07-03,S02,P08,2,50.00,银行卡
ORD108635,2026-06-28,S02,P05,2,68.00,微信
ORD114917,2026-08-09,S04,P11,1,26.00,会员储值
ORD104537,2026-05-31,S02,P04,2,76.00,微信
ORD109691,2026-07-05,S02,P06,1,45.00,微信
ORD114366,2026-08-06,S02,P15,3,18.00,银行卡
ORD108871,2026-06-29,S05,P02,3,90.00,银行卡
ORD117534,2026-08-28,S01,P17,2,24.00,支付宝
ORD112355,2026-07-23,S03,P02,1,30.00,微信
ORD111886,2026-07-19,S05,P19,2,30.00,会员储值
ORD118108,2026-08-31,S04,P10,2,48.00,会员储值
ORD104536,2026-05-31,S02,P04,2,76.00,会员储值
ORD116586,2026-08-21,S05,P02,1,30.00,会员储值
ORD104748,2026-06-01,S04,P18,1,18.00,现金
ORD101766,2026-05-12,S04,P10,2,48.00,微信
ORD103381,2026-05-23,S04,P04,2,76.00,微信
ORD101207,2026-05-09,S02,P06,1,42.00,现金
ORD110248,2026-07-09,S03,P07,2,44.00,现金
ORD101489,2026-05-10,S04,P10,1,24.00,微信
ORD100118,2026-05-01,S05,P19,1,15.00,现金
ORD102199,2026-05-15,S05,P07,2,44.00,会员储值
ORD110289,2026-07-09,S04,P10,3,72.00,微信
ORD102379,2026-05-16,S04,P20,1,22.00,微信
ORD103956,2026-05-27,S03,P08,1,25.00,现金
ORD112758,2026-07-26,S03,P08,1,25.00,现金
ORD100787,2026-05-06,S01,P13,2,40.00,会员储值
ORD113852,2026-08-02,S03,P10,2,48.00,会员储值
ORD107998,2026-06-24,S01,P02,1,30.00,现金
ORD108617,2026-06-28,S02,P19,1,15.00,银行卡
ORD116441,2026-08-20,S04,P07,1,22.00,支付宝
ORD108270,2026-06-26,S02,P15,1,6.00,现金
ORD102135,2026-05-15,S02,P04,1,38.00,支付宝
ORD103604,2026-05-24,S05,P00,2,30.00,会员储值
ORD105484,2026-06-06,S05,P16,1,5.00,微信
ORD107364,2026-06-20,S01,P03,2,52.00,银行卡
ORD108528,2026-06-27,S05,P05,2,68.00,现金
ORD111155,2026-07-15,S02,P04,1,38.00,现金
ORD118045,2026-08-31,S01,P06,1,45.00,支付宝
ORD104362,2026-05-30,S03,P08,1,25.00,现金
ORD108954,2026-06-30,S03,P07,2,44.00,微信
ORD118016,2026-08-30,S05,P20,3,66.00,会员储值
ORD110944,2026-07-13,S04,P04,1,38.00,银行卡
ORD108212,2026-06-25,S05,P06,1,42.00,支付宝
ORD105543,2026-06-07,S01,P02,2,60.00,微信
ORD116131,2026-08-17,S05,P03,1,26.00,银行卡
ORD117716,2026-08-29,S02,P15,1,6.00,现金
ORD105214,2026-06-05,S02,P17,1,12.00,会员储值
ORD107282,2026-06-19,S04,P18,1,18.00,银行卡
ORD108113,2026-06-25,S01,P12,3,24.00,支付宝
ORD100039,2026-05-01,S02,P03,2,52.00,支付宝
ORD115544,2026-08-14,S02,P04,1,38.00,支付宝
ORD105797,2026-06-08,S05,P19,1,15.00,支付宝
ORD111419,2026-07-17,S02,P06,2,90.00,银行卡
ORD104087,2026-05-28,S03,P03,1,26.00,支付宝
ORD100339,2026-05-03,S01,P15,1,6.00,会员储值
ORD104689,2026-06-01,S02,P19,1,15.00,微信
ORD102590,2026-05-17,S05,P18,1,18.00,支付宝
ORD107007,2026-06-17,S05,P15,2,12.00,微信
ORD116691,2026-08-22,S03,P21,2,32.00,微信
ORD113348,2026-07-30,S03,P03,2,52.00,会员储值
ORD100773,2026-05-05,S05,P02,1,30.00,银行卡
ORD102192,2026-05-15,S05,P03,1,26.00,银行卡
ORD102855,2026-05-19,S05,P03,1,26.00,现金
ORD105388,2026-06-06,S02,P04,1,38.00,银行卡
ORD105035,2026-06-03,S05,P01,1,32.00,微信
ORD102983,2026-05-21,S01,P11,2,52.00,支付宝
ORD115859,2026-08-16,S01,P04,1,38.00,支付宝
ORD103741,2026-05-25,S05,P12,1,8.00,现金
ORD116517,2026-08-21,S02,P06,1,45.00,银行卡
ORD112457,2026-07-24,S03,P07,2,44.00,会员储值
ORD108674,2026-06-28,S03,P07,2,44.00,会员储值
ORD101834,2026-05-13,S01,P18,1,18.00,支付宝
ORD110639,2026-07-11,S05,P12,1,8.00,现金
ORD103537,2026-05-24,S03,P09,1,18.00,银行卡
ORD106865,2026-06-16,S05,P13,2,40.00,支付宝
ORD110211,2026-07-09,S01,P12,2,16.00,现金
ORD112730,2026-07-26,S02,P04,1,38.00,微信
ORD103890,2026-05-27,S01,P14,1,10.00,会员储值
ORD105965,2026-06-10,S02,P03,3,78.00,微信
ORD115635,2026-08-14,S05,P21,1,16.00,微信
ORD100911,2026-05-07,S01,P01,1,32.00,支付宝
ORD114921,2026-08-09,S04,P11,1,26.00,微信
ORD110721,2026-07-12,S02,P07,3,66.00,支付宝
ORD116636,2026-08-22,S01,P13,1,20.00,会员储值
ORD100288,2026-05-02,S04,P13,1,20.00,微信
ORD103668,2026-05-25,S02,P08,1,25.00,现金
ORD113169,2026-07-29,S02,P06,1,45.00,支付宝
ORD112691,2026-07-26,S01,P10,3,72.00,支付宝
ORD105036,2026-06-03,S05,P13,1,20.00,银行卡
ORD102629,2026-05-18,S01,P02,2,60.00,会员储值
ORD100687,2026-05-05,S02,P15,1,6.00,会员储值
ORD116702,2026-08-22,S03,P21,2,32.00,银行卡
ORD104499,2026-05-31,S01,P02,1,30.00,支付宝
ORD118081,2026-08-31,S03,P03,1,26.00,银行卡
ORD105508,2026-06-06,S05,P10,1,24.00,支付宝
ORD102164,2026-05-15,S04,P04,1,38.00,微信
ORD103758,2026-05-26,S01,P02,2,60.00,现金
ORD114543,2026-08-07,S04,P17,1,12.00,银行卡
ORD100273,2026-05-02,S04,P09,2,36.00,现金
ORD105760,2026-06-08,S02,P19,1,15.00,现金
ORD113757,2026-08-02,S01,P01,1,32.00,支付宝
ORD107513,2026-06-20,S05,P19,1,15.00,支付宝
ORD111779,2026-07-19,S02,P04,2,76.00,现金
ORD116973,2026-08-23,S05,P13,2,40.00,现金
ORD109286,2026-07-02,S05,P02,1,30.00,银行卡
ORD112482,2026-07-24,S05,P05,1,34.00,微信
ORD110339,2026-07-10,S01,P15,1,6.00,微信
ORD111457,2026-07-17,S04,P11,2,52.00,会员储值
ORD105034,2026-06-03,S05,P14,1,10.00,银行卡
ORD111519,2026-07-18,S01,P01,2,64.00,会员储值
ORD104193,2026-05-29,S02,P13,3,60.00,会员储值
ORD117762,2026-08-29,S04,P01,1,32.00,支付宝
ORD101250,2026-05-09,S03,P07,3,66.00,会员储值
ORD104774,2026-06-01,S05,P06,1,42.00,微信
ORD111740,2026-07-19,S01,P17,1,12.00,现金
ORD110978,2026-07-13,S05,P07,3,66.00,银行卡
ORD118010,2026-08-30,S05,P21,2,32.00,微信
ORD117997,2026-08-30,S05,P18,2,36.00,微信
ORD112445,2026-07-24,S02,P19,2,30.00,现金
ORD112155,2026-07-21,S05,P12,3,24.00,支付宝
ORD112548,2026-07-25,S02,P03,3,78.00,现金
ORD100719,2026-05-05,S03,P03,1,26.00,会员储值
ORD106180,2026-06-12,S02,P05,2,68.00,会员储值
ORD103740,2026-05-25,S05,P13,1,20.00,现金
ORD108781,2026-06-29,S01,P01,2,64.00,会员储值
ORD102991,2026-05-21,S01,P01,1,32.00,支付宝
ORD108071,2026-06-24,S04,P11,1,26.00,微信
ORD109773,2026-07-05,S05,P20,2,44.00,会员储值
ORD113979,2026-08-03,S02,P13,1,20.00,微信
ORD107816,2026-06-22,S04,P15,1,6.00,会员储值
ORD107211,2026-06-19,S01,P01,2,64.00,现金
ORD117348,2026-08-26,S04,P21,1,16.00,支付宝
ORD112999,2026-07-27,S05,P08,1,25.00,现金
ORD117406,2026-08-27,S01,P14,2,20.00,现金
ORD112994,2026-07-27,S05,P13,2,40.00,现金
ORD100814,2026-05-06,S02,P19,2,30.00,支付宝
ORD101243,2026-05-09,S03,P09,2,36.00,微信
ORD100540,2026-05-04,S01,P20,2,44.00,银行卡
ORD112998,2026-07-27,S05,P05,1,34.00,现金
ORD116258,2026-08-19,S01,P02,3,90.00,支付宝
ORD114701,2026-08-08,S03,P12,1,8.00,银行卡
ORD114875,2026-08-09,S03,P07,1,22.00,会员储值
ORD114506,2026-08-07,S02,P14,1,10.00,银行卡
ORD100760,2026-05-05,S05,P19,3,45.00,银行卡
ORD109303,2026-07-03,S01,P09,3,54.00,微信
ORD114729,2026-08-08,S04,P03,1,26.00,支付宝
ORD109501,2026-07-04,S02,P11,1,26.00,现金
ORD111059,2026-07-14,S03,P18,2,36.00,微信
ORD107849,2026-06-23,S01,P17,2,24.00,银行卡
ORD115228,2026-08-11,S05,P02,2,60.00,银行卡
ORD100441,2026-05-03,S03,P01,2,64.00,支付宝
ORD112144,2026-07-21,S05,P18,3,54.00,现金
ORD115007,2026-08-10,S01,P07,1,22.00,微信
ORD114995,2026-08-09,S05,P14,2,20.00,支付宝
ORD117386,2026-08-26,S05,P21,2,32.00,银行卡
ORD118101,2026-08-31,S03,P09,2,36.00,现金
ORD100195,2026-05-02,S02,P02,2,60.00,银行卡
ORD100670,2026-05-05,S01,P16,2,10.00,微信
ORD108598,2026-06-28,S01,P09,1,18.00,会员储值
ORD106110,2026-06-11,S05,P08,2,50.00,支付宝
ORD105198,2026-06-05,S01,P09,2,36.00,会员储值
ORD102226,2026-05-16,S01,P01,1,32.00,银行卡
ORD111770,2026-07-19,S02,P03,1,26.00,微信
ORD116364,2026-08-20,S01,P01,2,64.00,银行卡
ORD116075,2026-08-17,S03,P09,1,18.00,支付宝
ORD102657,2026-05-18,S02,P04,1,38.00,银行卡
ORD111732,2026-07-19,S01,P01,1,32.00,微信
ORD105714,2026-06-08,S01,P02,2,60.00,支付宝
ORD101924,2026-05-13,S05,P20,1,22.00,微信
ORD111996,2026-07-20,S04,P03,1,26.00,会员储值
ORD109951,2026-07-07,S01,P03,1,26.00,银行卡
ORD105639,2026-06-07,S04,P10,1,24.00,支付宝
ORD105294,2026-06-05,S05,P04,1,38.00,现金
ORD109671,2026-07-05,S02,P06,2,90.00,支付宝
ORD113044,2026-07-28,S02,P19,2,30.00,银行卡
ORD117238,2026-08-25,S05,P10,2,48.00,支付宝
ORD106815,2026-06-16,S03,P20,2,44.00,支付宝
ORD104955,2026-06-03,S02,P04,3,114.00,现金
ORD115070,2026-08-10,S03,P07,3,66.00,支付宝
ORD111178,2026-07-15,S03,P08,1,25.00,现金
ORD115569,2026-08-14,S03,P15,1,6.00,会员储值
ORD104762,2026-06-01,S05,P19,2,30.00,银行卡
ORD111327,16-07-2026,S04,P13,1,20.00,微信
ORD104709,2026-06-01,S03,P18,1,18.00,微信
ORD117886,2026-08-30,S02,P13,1,20.00,微信
ORD107777,2026-06-22,S03,P07,1,22.00,微信
ORD114023,2026-08-03,S04,P21,1,16.00,会员储值
ORD102200,2026-05-15,S05,P04,2,76.00,会员储值
ORD106607,2026-06-14,S05,P19,1,15.00,微信
ORD107393,2026-06-20,S02,P04,1,38.00,微信
ORD101025,2026-05-07,S05,P11,1,26.00,支付宝
ORD109916,2026-07-06,S05,P15,2,12.00,支付宝
ORD117678,2026-08-29,S01,P16,1,5.00,现金
ORD102804,2026-05-19,S03,P08,1,25.00,微信
ORD107345,2026-06-20,S01,P02,1,,会员储值
ORD105778,2026-06-08,S04,P11,3,78.00,微信
ORD110494,2026-07-11,S01,P13,2,40.00,支付宝
ORD101290,2026-05-09,S04,P11,2,52.00,支付宝
ORD112528,2026-07-25,S02,P13,3,60.00,银行卡
ORD110854,2026-07-13,S01,P15,1,6.00,支付宝
ORD114839,2026-08-09,S02,P16,3,15.00,支付宝
ORD116792,2026-08-22,S05,P08,2,50.00,会员储值
ORD105811,2026-06-08,S05,P03,1,26.00,支付宝
ORD100582,2026-05-04,S03,P03,1,26.00,微信
ORD110928,2026-07-13,S04,P10,2,48.00,现金
ORD105413,2026-06-06,S03,P07,1,22.00,支付宝
ORD105266,2026-06-05,S04,P09,2,36.00,支付宝
ORD108104,2026-06-24,S05,P13,1,20.00,会员储值
ORD101968,2026-05-14,S01,P16,1,5.00,银行卡
ORD114501,2026-08-07,S02,P21,1,16.00,支付宝
ORD109947,2026-07-07,S01,P02,2,60.00,微信
ORD102523,2026-05-17,S03,P13,2,40.00,会员储值
ORD114021,2026-08-03,S04,P16,1,5.00,会员储值
ORD101051,2026-05-08,S01,P01,3,96.00,银行卡
ORD116102,2026-08-17,S04,P10,1,24.00,微信
ORD109799,2026-07-05,S05,P08,1,25.00,现金
ORD102009,2026-05-14,S03,P16,3,15.00,现金
ORD104177,2026-05-29,S02,P03,1,26.00,会员储值
ORD117191,2026-08-25,S03,P07,1,22.00,会员储值
ORD100752,2026-05-05,S04,P14,1,10.00,微信
ORD105499,2026-06-06,S05,P04,1,38.00,支付宝
ORD114361,2026-08-06,S02,P05,2,68.00,银行卡
ORD104025,2026-05-28,S01,P09,2,36.00,银行卡
ORD105630,07-06-2026,S03,P07,2,44.00,银行卡
ORD110488,2026-07-11,S01,P02,1,30.00,微信
ORD100144,2026-05-02,S01,P01,1,32.00,会员储值
ORD112487,2026-07-25,S01,P02,1,30.00,微信
ORD112324,2026-07-23,S01,P07,1,22.00,现金
ORD115428,2026-08-13,S02,P04,1,38.00,现金
ORD113990,2026-08-03,S02,P20,2,44.00,支付宝
ORD116512,2026-08-21,S02,P06,1,45.00,现金
ORD103905,2026-05-27,S01,P11,2,52.00,微信
ORD116011,2026-08-16,S05,P05,1,34.00,会员储值
ORD108378,2026-06-27,S01,P02,1,30.00,现金
ORD106312,2026-06-13,S02,P05,2,68.00,现金
ORD112013,2026-07-20,S05,P09,2,36.00,会员储值
ORD116765,2026-08-22,S05,P08,1,25.00,微信
ORD109072,2026-07-01,S02,P06,1,45.00,现金
ORD108807,2026-06-29,S02,P14,1,10.00,支付宝
ORD110480,2026-07-11,S01,P13,1,20.00,现金
ORD112092,2026-07-21,S03,P07,1,22.00,银行卡
ORD107546,2026-06-21,S01,P09,2,36.00,现金
ORD103507,2026-05-24,S03,P16,2,10.00,会员储值
ORD101005,2026-05-07,S04,P11,2,52.00,会员储值
ORD112913,2026-07-27,S02,P05,1,34.00,会员储值
ORD108607,2026-06-28,S02,P09,2,36.00,微信
ORD106311,2026-06-13,S02,P02,2,60.00,现金
ORD107392,2026-06-20,S02,P14,2,20.00,会员储值
ORD102529,2026-05-17,S03,P16,2,10.00,微信
ORD103735,2026-05-25,S05,P03,1,26.00,现金
ORD114698,2026-08-08,S03,P09,1,18.00,银行卡
ORD111012,2026-07-14,S02,P05,1,34.00,银行卡
ORD107481,2026-06-20,S04,P10,1,24.00,银行卡
ORD100857,2026-05-06,S03,P19,1,15.00,银行卡
ORD105363,2026-06-06,S02,P03,1,26.00,银行卡
ORD106741,2026-06-15,S05,P17,1,12.00,微信
ORD117387,2026-08-26,S05,P21,1,16.00,会员储值
ORD112696,2026-07-26,S01,P18,1,18.00,银行卡
ORD103447,2026-05-24,S01,P03,1,26.00,银行卡
ORD104647,2026-05-31,S05,P08,2,50.00,会员储值
ORD118058,2026-08-31,S02,P09,1,18.00,会员储值
ORD111311,2026-07-16,S03,P19,3,45.00,银行卡
ORD100816,2026-05-06,S02,P06,1,42.00,会员储值
ORD117811,2026-08-29,S05,P13,2,40.00,会员储值
ORD108610,2026-06-28,S02,P04,1,38.00,银行卡
ORD111268,2026-07-16,S02,P05,1,34.00,微信
ORD114295,2026-08-05,S04,P10,1,24.00,银行卡
ORD100191,2026-05-02,S02,P12,2,16.00,银行卡
ORD111825,2026-07-19,S04,P03,3,78.00,微信
ORD109031,2026-07-01,S01,P03,1,26.00,现金
ORD106658,2026-06-15,S01,P02,1,30.00,会员储值
ORD116392,2026-08-20,S02,P05,2,68.00,支付宝
ORD105242,2026-06-05,S03,P07,1,22.00,银行卡
ORD102733,2026-05-18,S05,P19,3,45.00,微信
ORD111527,2026-07-18,S01,P06,3,135.00,现金
ORD117149,2026-08-25,S02,P04,1,38.00,支付宝
ORD114826,2026-08-09,S01,P02,2,60.00,会员储值
ORD104190,2026-05-29,S02,P06,1,42.00,支付宝
ORD104079,2026-05-28,S03,P09,2,36.00,支付宝
ORD113542,2026-08-01,S01,P12,2,16.00,支付宝
ORD102086,2026-05-15,S01,P01,2,64.00,银行卡
ORD110657,2026-07-12,S01,P02,2,60.00,会员储值
ORD115124,2026-08-10,S05,P05,3,102.00,现金
ORD105077,2026-06-04,S02,P19,3,45.00,支付宝
ORD109404,2026-07-03,S05,P12,1,8.00,支付宝
ORD110165,2026-07-08,S04,P15,1,6.00,微信
ORD109053,2026-07-01,S02,P15,3,18.00,现金
ORD106508,2026-06-14,S02,P05,1,34.00,微信
ORD114204,2026-08-04,S05,P19,1,15.00,微信
ORD102693,2026-05-18,S04,P14,1,10.00,现金
ORD103710,2026-05-25,S04,P11,2,52.00,会员储值
ORD102902,2026-05-20,S02,P06,1,42.00,会员储值
ORD103531,2026-05-24,S03,P09,2,36.00,支付宝
ORD101265,2026-05-09,S03,P06,2,84.00,支付宝
ORD101633,2026-05-11,S03,P08,2,50.00,现金
ORD112772,2026-07-26,S03,P06,2,90.00,微信
ORD108066,2026-06-24,S04,P10,1,24.00,现金
ORD118046,2026-08-31,S01,P21,1,16.00,会员储值
ORD114897,2026-08-09,S03,P08,3,75.00,微信
ORD118141,2026-08-31,S05,P20,1,22.00,银行卡
ORD107268,2026-06-19,S03,P03,1,26.00,会员储值
ORD112727,2026-07-26,S02,P05,2,68.00,支付宝
ORD110490,2026-07-11,S01,P14,1,10.00,会员储值
ORD115926,2026-08-16,S03,P06,2,90.00,银行卡
ORD104023,2026-05-28,S01,P13,1,20.00,现金
ORD109295,2026-07-03,S01,P01,1,32.00,会员储值
ORD117433,2026-08-27,S02,P09,1,18.00,会员储值
ORD102221,2026-05-16,S01,P13,2,40.00,会员储值
ORD101127,2026-05-08,S04,P06,1,42.00,现金
ORD112534,2026-07-25,S02,P07,2,44.00,会员储值
ORD114384,2026-08-06,S02,P21,1,16.00,会员储值
ORD106455,2026-06-14,S01,P15,1,6.00,会员储值
ORD110623,2026-07-11,S05,P05,1,34.00,微信
ORD105824,2026-06-09,S01,P01,1,32.00,支付宝
ORD107724,2026-06-21,S05,P19,1,15.00,现金
ORD104840,2026-06-02,S03,P02,1,30.00,银行卡
ORD112250,2026-07-22,S04,P06,3,135.00,支付宝
ORD115987,2026-08-16,S04,P10,2,48.00,支付宝
ORD105319,2026-06-06,S01,P13,1,20.00,现金
ORD113134,2026-07-28,S05,P06,1,45.00,银行卡
ORD106419,2026-06-13,S05,P03,2,52.00,现金
ORD103239,2026-05-23,S01,P13,1,20.00,银行卡
ORD103364,2026-05-23,S04,P11,1,26.00,微信
ORD117572,2026-08-28,S03,P13,2,40.00,现金
ORD100094,2026-05-01,S04,P07,3,66.00,现金
ORD101780,2026-05-12,S04,P10,1,24.00,会员储值
ORD111580,2026-07-18,s02,P03,1,,会员储值
ORD110997,2026-07-14,S01,P01,1,32.00,会员储值
ORD104053,2026-05-28,S02,P04,1,38.00,现金
ORD113683,2026-08-01,S04,P03,1,26.00,支付宝
ORD110310,2026-07-09,S05,P09,1,18.00,银行卡
ORD101095,2026-05-08,S03,P07,2,44.00,银行卡
ORD115862,2026-08-16,S01,P02,2,60.00,会员储值
ORD116032,2026-08-16,S05,P19,1,15.00,支付宝
ORD106963,2026-06-17,S04,P13,2,40.00,微信
ORD107635,2026-06-21,S03,P09,1,18.00,微信
ORD102277,2026-05-16,S02,P05,1,34.00,会员储值
ORD106318,2026-06-13,S02,P06,1,42.00,现金
ORD113092,2026-07-28,S04,P06,1,45.00,银行卡
ORD116399,2026-08-20,S02,P21,2,32.00,银行卡
ORD112809,2026-07-26,S04,P11,2,52.00,微信
ORD101528,2026-05-10,S05,P17,2,24.00,会员储值
ORD108519,2026-06-27,S04,P11,1,26.00,银行卡
ORD115020,2026-08-10,S01,P21,1,16.00,微信
ORD108121,2026-06-25,S01,P02,2,60.00,微信
ORD102139,2026-05-15,S03,P09,2,36.00,微信
ORD116927,2026-08-23,S04,P10,1,24.00,会员储值
ORD105871,2026-06-09,S02,P04,1,38.00,银行卡
ORD115625,2026-08-14,S05,P19,1,15.00,现金
ORD113354,2026-07-30,S04,P11,3,78.00,微信
ORD116925,2026-08-23,S04,P13,1,20.00,银行卡
ORD104105,2026-05-28,S04,P10,1,24.00,微信
ORD114234,2026-08-05,S02,P12,1,8.00,会员储值
ORD112744,2026-07-26,S02,P05,2,68.00,微信
ORD117497,2026-08-27,S05,P14,1,10.00,支付宝
ORD108457,2026-06-27,S03,P08,1,25.00,会员储值
ORD114599,2026-08-08,S01,P02,2,60.00,会员储值
ORD103061,2026-05-21,S04,P17,1,12.00,现金
ORD104456,2026-05-30,S05,P02,1,30.00,微信
ORD105391,2026-06-06,S02,P10,2,48.00,微信
ORD109278,2026-07-02,S05,P08,1,25.00,支付宝
ORD109557,2026-07-04,S04,P08,1,25.00,银行卡
ORD113767,2026-08-02,S01,P01,1,32.00,微信
ORD117852,2026-08-30,S01,P13,1,20.00,会员储值
ORD112063,2026-07-21,S02,P02,1,30.00,现金
ORD108965,2026-06-30,S03,P10,2,48.00,银行卡
ORD102852,2026-05-19,S05,P01,2,64.00,支付宝
ORD113755,2026-08-02,S01,P01,1,32.00,支付宝
ORD109228,2026-07-02,S03,P01,1,32.00,银行卡
ORD103794,2026-05-26,S02,P03,2,52.00,会员储值
ORD112950,2026-07-27,S03,P04,2,76.00,现金
ORD111073,2026-07-14,S04,P19,2,30.00,银行卡
ORD106593,2026-06-14,S04,P11,1,26.00,支付宝
ORD108351,2026-06-26,S05,P19,3,45.00,微信
ORD108730,2026-06-28,S05,P01,2,64.00,支付宝
ORD117196,2026-08-25,S03,P08,2,50.00,会员储值
ORD100792,2026-05-06,S01,P02,1,30.00,现金
ORD104665,2026-06-01,S01,P02,3,90.00,现金
ORD102180,2026-05-15,S04,P10,1,24.00,现金
ORD113628,2026-08-01,S03,P07,3,66.00,现金
ORD108187,2026-06-25,S04,P12,2,16.00,现金
ORD109622,2026-07-05,S01,P01,1,32.00,支付宝
ORD114191,2026-08-04,S05,P16,2,10.00,支付宝
ORD107061,2026-06-18,S02,P05,1,34.00,微信
ORD108261,2026-06-26,S02,P06,2,84.00,微信
ORD109547,2026-07-04,S04,P10,1,24.00,银行卡
ORD101220,2026-05-09,S02,P01,1,32.00,微信
ORD116645,2026-08-22,S01,P10,1,24.00,微信
ORD109585,2026-07-04,S05,P19,2,30.00,支付宝
ORD111394,2026-07-17,S01,P13,1,20.00,微信
ORD107020,2026-06-18,S01,P08,1,25.00,会员储值
ORD103865,2026-05-26,S05,P16,3,15.00,会员储值
ORD113775,2026-08-02,S01,P13,1,20.00,银行卡
ORD101880,2026-05-13,S03,P07,2,44.00,现金
ORD116415,2026-08-20,S03,P09,1,18.00,微信
ORD106043,2026-06-11,S01,P03,1,26.00,会员储值
ORD107618,2026-06-21,S03,P08,2,50.00,微信
ORD115128,2026-08-11,S01,P09,2,36.00,支付宝
ORD108672,2026-06-28,S03,P01,2,64.00,银行卡
ORD102595,2026-05-17,S05,P03,1,26.00,银行卡
ORD114386,2026-08-06,S02,P02,1,30.00,会员储值
ORD109874,2026-07-06,S03,P16,1,5.00,微信
ORD111639,2026-07-18,S04,P13,2,40.00,微信
ORD110563,2026-07-11,S03,P08,1,25.00,会员储值
ORD102415,2026-05-16,S05,P03,1,26.00,银行卡
ORD112679,2026-07-25,S05,P15,1,6.00,微信
ORD107093,2026-06-18,S02,P06,2,58.00,微信
ORD114805,2026-08-09,S01,P01,1,32.00,微信
ORD107436,2026-06-20,S03,P07,1,22.00,微信
ORD114777,2026-08-08,S05,P14,2,20.00,微信
ORD100192,2026-05-02,S02,P16,1,5.00,支付宝
ORD104040,2026-05-28,S01,P01,1,32.00,会员储值
ORD114085,2026-08-04,S01,P15,1,6.00,微信
ORD112750,2026-07-26,S02,P18,2,36.00,支付宝
ORD107529,2026-06-21,S01,P18,2,36.00,支付宝
ORD101612,2026-05-11,S03,P08,1,25.00,现金
ORD102735,2026-05-19,S01,P16,2,10.00,会员储值
ORD117068,2026-08-24,S03,P11,2,52.00,会员储值
ORD102711,2026-05-18,S05,P03,1,26.00,微信
ORD117340,2026-08-26,S04,P21,2,32.00,现金
ORD104910,2026-06-03,S01,P03,1,26.00,会员储值
ORD116339,2026-08-19,S05,P09,1,18.00,现金
ORD114679,2026-08-08,S03,P17,2,24.00,微信
ORD111625,2026-07-18,S04,P11,2,52.00,银行卡
ORD114241,2026-08-05,S02,P06,2,90.00,支付宝
ORD116659,2026-08-22,S02,P04,1,38.00,会员储值
ORD114476,2026-08-07,S01,P13,2,40.00,银行卡
ORD100609,2026-05-04,S04,P10,3,72.00,支付宝
ORD100819,2026-05-06,S02,P06,1,42.00,微信
ORD107754,2026-06-22,S02,P17,3,36.00,现金
ORD115133,2026-08-11,S01,P21,1,16.00,现金
ORD100903,2026-05-06,S05,P15,2,12.00,会员储值
ORD116185,2026-08-18,S03,P21,2,32.00,现金
ORD105567,2026-06-07,S02,P04,1,38.00,银行卡
ORD104139,2026-05-28,S05,P19,3,45.00,会员储值
ORD109234,2026-07-02,S03,P08,1,25.00,微信
ORD110586,2026-07-11,S04,P15,1,6.00,银行卡
ORD100850,2026-05-06,S03,P07,1,22.00,支付宝
ORD115951,2026-08-16,S03,P09,1,18.00,会员储值
ORD113901,2026-08-02,S05,P08,1,25.00,现金
ORD103306,2026-05-23,S02,P03,3,78.00,会员储值
ORD106185,2026-06-12,S03,P08,3,75.00,微信
ORD113119,2026-07-28,S05,P07,2,44.00,银行卡
ORD115835,2026-08-15,S05,P03,3,78.00,支付宝
ORD106069,2026-06-11,S02,P05,1,34.00,现金
ORD113643,2026-08-01,S03,P07,1,22.00,会员储值
ORD116397,2026-08-20,S02,P04,1,38.00,微信
ORD104603,2026-05-31,S04,P10,1,24.00,支付宝
ORD116853,2026-08-23,S02,P04,1,38.00,会员储值
ORD110468,2026-07-11,S01,P08,1,25.00,现金
ORD111020,2026-07-14,S02,P17,1,12.00,现金
ORD115608,2026-08-14,S04,P05,2,68.00,银行卡
ORD113313,2026-07-30,S02,P15,1,6.00,微信
ORD107002,2026-06-17,S05,P03,3,78.00,微信
ORD105652,2026-06-07,S04,P13,1,20.00,会员储值
ORD112041,2026-07-21,S01,P01,3,96.00,银行卡
ORD109490,2026-07-04,S02,P09,2,36.00,银行卡
ORD110188,2026-07-08,S05,P20,1,22.00,支付宝
ORD107006,2026-06-17,S05,P18,1,18.00,支付宝
ORD101588,2026-05-11,S02,P02,2,60.00,现金
ORD107024,2026-06-18,S01,P02,1,30.00,微信
ORD107135,2026-06-18,S03,P03,1,26.00,微信
ORD114872,2026-08-09,S02,P06,2,90.00,微信
ORD103368,2026-05-23,S04,P10,1,24.00,支付宝
ORD111275,2026-07-16,S02,P08,1,25.00,银行卡
ORD101124,2026-05-08,S04,P18,1,18.00,支付宝
ORD118030,2026-08-30,S05,P13,1,20.00,银行卡
ORD104826,2026-06-02,S02,P13,2,40.00,支付宝
ORD113882,2026-08-02,S04,P11,3,78.00,微信
ORD109512,2026-07-04,S03,P07,2,44.00,支付宝
ORD116274,2026-08-19,S01,P02,1,30.00,微信
ORD107971,2026-06-23,S05,P12,1,8.00,微信
ORD113206,2026-07-29,S03,P07,1,22.00,会员储值
ORD108082,2026-06-24,S04,P10,1,24.00,会员储值
ORD114892,2026-08-09,S03,P08,1,25.00,现金
ORD109914,2026-07-06,S05,P01,2,64.00,支付宝
ORD114524,2026-08-07,S03,P08,1,25.00,支付宝
ORD106509,2026-06-14,S02,P06,1,42.00,银行卡
ORD117398,2026-08-27,S01,P11,1,26.00,现金
ORD103581,2026-05-24,S04,P18,3,54.00,现金
ORD106424,2026-06-13,S05,P20,1,22.00,会员储值
ORD117919,2026-08-30,S03,P20,1,22.00,微信
ORD112993,2026-07-27,S05,P06,2,90.00,微信
ORD108095,2026-06-24,S05,P06,1,42.00,银行卡
ORD103508,2026-05-24,S03,P12,2,16.00,银行卡
ORD102742,2026-05-19,S01,P13,1,20.00,现金
ORD108627,2026-06-28,S02,P06,1,42.00,微信
ORD108887,2026-06-29,S05,P04,1,,现金
ORD102880,2026-05-20,S01,P15,1,6.00,银行卡
ORD114293,2026-08-05,s04,P00,2,60.00,会员储值
ORD117728,2026-08-29,S03,P05,2,68.00,支付宝
ORD113231,2026-07-29,S04,P05,2,68.00,银行卡
ORD117456,2026-08-27,S03,P08,1,25.00,支付宝
ORD103193,2026-05-22,S04,P11,2,52.00,微信
ORD111533,2026-07-18,S01,P17,2,24.00,微信
ORD113165,2026-07-29,S01,P05,2,68.00,现金
ORD108978,2026-06-30,S04,P10,1,24.00,微信
ORD101676,2026-05-11,S05,P08,2,50.00,现金
ORD111476,2026-07-17,S04,P11,1,26.00,支付宝
ORD114608,2026-08-08,S01,P09,1,18.00,会员储值
ORD112585,2026-07-25,S03,P07,2,44.00,会员储值
ORD118027,2026-08-30,S05,P03,2,52.00,现金
ORD112674,2026-07-25,S05,P01,1,32.00,现金
ORD110517,2026-07-11,S02,P06,1,45.00,微信
ORD109393,2026-07-03,S05,P09,1,18.00,会员储值
ORD100542,2026-05-04,S01,P19,1,15.00,支付宝
ORD109042,2026-07-01,S01,P16,1,5.00,微信
ORD107231,2026-06-19,S02,P14,2,20.00,微信
ORD110738,2026-07-12,S03,P07,2,44.00,会员储值
ORD102846,2026-05-19,S05,P20,3,66.00,银行卡
ORD102573,2026-05-17,S04,P10,2,48.00,会员储值
ORD106277,2026-06-13,S01,P16,1,5.00,支付宝
ORD116217,2026-08-18,S04,P16,2,10.00,微信
ORD114649,2026-08-08,S02,P20,1,22.00,银行卡
ORD108712,2026-06-28,S04,P10,2,48.00,银行卡
ORD116775,2026-08-22,S05,P21,1,16.00,微信
ORD104071,2026-05-28,S03,P16,1,5.00,微信
ORD117334,2026-08-26,S03,P07,1,22.00,支付宝
ORD112897,2026-07-27,S01,P01,3,96.00,支付宝
ORD107031,2026-06-18,S01,P04,2,76.00,会员储值
ORD112449,2026-07-24,S02,P04,3,114.00,微信
ORD105433,2026-06-06,S03,P17,2,24.00,现金
ORD110986,2026-07-14,S01,P02,1,30.00,会员储值
ORD101257,2026-05-09,S03,P09,3,54.00,微信
ORD110813,2026-07-12,S05,P03,3,78.00,微信
ORD112225,2026-07-22,S03,P03,1,26.00,现金
ORD110732,2026-07-12,S03,P17,2,24.00,会员储值
ORD108246,2026-06-26,S01,P15,1,6.00,微信
ORD113219,2026-07-29,S04,P06,1,45.00,微信
ORD102061,2026-05-14,S05,P11,2,52.00,微信
ORD109861,2026-07-06,S02,P06,2,90.00,现金
ORD113233,2026-07-29,S04,P11,3,78.00,微信
ORD117035,2026-08-24,S02,P05,2,68.00,银行卡
ORD106950,2026-06-17,S03,P08,1,25.00,现金
ORD100027,2026-05-01,S01,P15,1,6.00,现金
ORD103137,2026-05-22,S02,P06,1,42.00,支付宝
ORD115990,2026-08-16,S04,P21,2,32.00,支付宝
ORD115891,2026-08-16,S02,P10,1,24.00,银行卡
ORD102732,2026-05-18,S05,P02,1,30.00,现金
ORD108713,2026-06-28,S04,P03,1,26.00,银行卡
ORD115322,2026-08-12,S03,P07,1,22.00,微信
ORD102972,2026-05-20,S05,P17,1,12.00,银行卡
ORD111340,2026-07-16,S04,P07,2,44.00,现金
ORD107000,2026-06-17,S05,P20,2,44.00,会员储值
ORD117713,2026-08-29,S02,P17,1,12.00,现金
ORD114666,2026-08-08,S02,P21,1,16.00,微信
ORD116356,2026-08-20,S01,P03,1,26.00,现金
ORD109168,2026-07-02,S01,P12,1,8.00,会员储值
ORD110153,2026-07-08,S04,P01,1,32.00,支付宝
ORD115237,2026-08-11,S05,P06,3,135.00,银行卡
ORD104036,2026-05-28,S01,P01,2,64.00,银行卡
ORD107994,2026-06-24,S01,P03,2,52.00,会员储值
ORD103399,2026-05-23,S05,P12,1,8.00,会员储值
ORD117677,2026-08-29,S01,P12,2,16.00,现金
ORD117210,2026-08-25,S04,P01,1,32.00,会员储值
ORD107429,2026-06-20,S03,P11,2,52.00,会员储值
ORD112003,2026-07-20,S04,P10,2,48.00,支付宝
ORD114115,2026-08-04,S02,P03,1,26.00,微信
ORD100812,2026-05-06,S02,P15,1,6.00,支付宝
ORD111898,2026-07-20,S01,P02,1,30.00,会员储值
ORD100910,2026-05-07,S01,P17,3,36.00,银行卡
ORD118069,2026-08-31,S02,P15,1,6.00,支付宝
ORD106651,2026-06-15,S01,P18,1,18.00,现金
ORD102339,2026-05-16,S03,P13,1,20.00,现金
ORD112094,2026-07-21,S03,P19,2,30.00,支付宝
ORD112305,2026-07-23,S01,P17,2,24.00,支付宝
ORD103688,2026-05-25,S03,P07,2,44.00,会员储值
ORD116779,2026-08-22,S05,P09,1,18.00,银行卡
ORD105853,2026-06-09,S02,P06,2,84.00,现金
ORD110654,2026-07-12,S01,P13,2,40.00,微信
ORD100050,2026-05-01,S02,P03,2,52.00,银行卡
ORD105161,2026-06-04,S05,P07,2,44.00,银行卡
ORD106230,2026-06-12,S04,P10,1,24.00,支付宝
ORD113981,2026-08-03,S02,P09,2,36.00,会员储值
ORD103622,2026-05-24,S05,P04,1,38.00,银行卡
ORD113247,2026-07-29,S05,P15,1,6.00,会员储值
ORD104857,2026-06-02,S03,P09,1,18.00,会员储值
ORD104366,2026-05-30,S03,P07,1,22.00,现金
ORD114627,2026-08-08,S01,P15,2,12.00,现金
ORD113158,2026-07-29,S01,P04,1,38.00,微信
ORD111909,2026-07-20,S01,P18,3,54.00,银行卡
ORD102129,2026-05-15,S02,P02,1,30.00,会员储值
ORD100060,2026-05-01,S03,P07,3,66.00,支付宝
ORD109347,2026-07-03,S03,P18,1,18.00,微信
ORD105293,2026-06-05,S05,P19,2,30.00,银行卡
ORD103872,2026-05-26,S05,P17,1,12.00,会员储值
ORD105700,2026-06-07,S05,P20,1,22.00,银行卡
ORD101642,2026-05-11,S04,P10,1,24.00,会员储值
ORD116118,2026-08-17,S04,P09,1,18.00,支付宝
ORD109363,2026-07-03,S03,P11,1,26.00,支付宝
ORD101116,2026-05-08,S04,P01,2,64.00,微信
ORD110299,2026-07-09,S04,P11,2,52.00,银行卡
ORD103034,2026-05-21,S03,P10,1,24.00,支付宝
ORD101977,2026-05-14,S01,P01,2,64.00,微信
ORD107094,2026-06-18,S02,P06,3,87.00,支付宝
ORD111497,2026-07-17,S05,P18,3,54.00,银行卡
ORD104216,2026-05-29,S03,P08,2,50.00,会员储值
ORD113525,2026-07-31,S05,P03,2,52.00,现金
ORD117338,2026-08-26,S04,P18,1,18.00,现金
ORD110792,2026-07-12,S04,P15,1,6.00,现金
ORD111002,2026-07-14,S01,P01,1,32.00,会员储值
ORD105521,2026-06-07,S01,P12,2,16.00,银行卡
ORD101069,2026-05-08,S02,P05,1,34.00,银行卡
ORD104862,2026-06-02,S04,P20,2,44.00,支付宝
ORD113431,2026-07-31,S02,P12,2,16.00,支付宝
ORD115881,2026-08-16,S02,P18,2,36.00,微信
ORD112392,2026-07-23,S04,P12,1,8.00,现金
ORD101480,2026-05-10,S04,P17,2,24.00,支付宝
ORD108034,2026-06-24,S03,P09,1,18.00,会员储值
ORD106572,2026-06-14,S04,P12,1,8.00,银行卡
ORD116776,2026-08-22,S05,P01,1,32.00,微信
ORD102754,2026-05-19,S01,P08,3,75.00,微信
ORD113693,2026-08-01,S04,P03,1,26.00,支付宝
ORD108621,2026-06-28,S02,P06,1,42.00,会员储值
ORD117661,2026-08-29,S01,P01,1,32.00,微信
ORD109926,2026-07-06,S05,P11,1,26.00,支付宝
ORD112207,2026-07-22,S02,P05,1,34.00,银行卡
ORD103463,2026-05-24,S01,P17,1,12.00,现金
ORD108757,2026-06-28,S05,P20,2,44.00,现金
ORD114898,2026-08-09,S03,P21,2,32.00,支付宝
ORD114160,2026/8/4,S04,P09,2,36.00,现金
ORD101734,2026/5/12,S03,P07,2,44.00,现金
ORD105326,2026-06-06,S01,P05,1,34.00,银行卡
ORD112693,2026-07-26,S01,P99,1,12.00,微信
ORD108374,2026-06-27,S01,P15,1,6.00,会员储值
ORD108157,2026-06-25,S02,P18,1,,微信
ORD116554,2026-08-21,S03,P02,1,30.00,现金
ORD100348,2026-05-03,S01,P01,2,64.00,会员储值
ORD115893,2026-08-16,S02,P11,1,26.00,支付宝
ORD117034,2026-08-24,S02,P04,3,114.00,现金
ORD117690,2026-08-29,S02,P05,1,34.00,会员储值
ORD103896,2026-05-27,S01,P12,3,24.00,微信
ORD113310,2026-07-30,S02,P16,2,10.00,银行卡
ORD117085,2026-08-24,S04,P06,1,45.00,现金
ORD115230,2026-08-11,S05,P20,1,22.00,会员储值
ORD102527,2026-05-17,S03,P08,1,25.00,银行卡
ORD106634,2026-06-14,S05,P20,2,44.00,支付宝
ORD106222,2026-06-12,S04,P04,2,76.00,微信
ORD111214,2026-07-15,S05,P09,1,18.00,现金
ORD110819,2026-07-12,S05,P17,1,12.00,现金
ORD108949,2026-06-30,S03,P08,1,25.00,银行卡
ORD117912,2026-08-30,S02,P04,1,38.00,会员储值
ORD107022,2026-06-18,S01,P02,2,60.00,现金
ORD112120,2026-07-21,S04,P10,3,72.00,支付宝
ORD101722,2026-05-12,S02,P19,2,30.00,支付宝
ORD113731,2026-08-01,S05,P18,2,36.00,现金
ORD114468,2026-08-07,S01,P18,2,36.00,银行卡
ORD104864,2026-06-02,S04,P03,2,52.00,微信
ORD113910,2026-08-02,S05,P16,2,10.00,现金
ORD106746,2026-06-15,S05,P14,1,10.00,会员储值
ORD114949,2026-08-09,S04,P14,1,10.00,现金
ORD108124,2026-06-25,S01,P11,2,52.00,现金
ORD101520,2026-05-10,S05,P12,1,,银行卡
ORD114479,2026-08-07,S01,P12,1,8.00,微信
ORD107107,2026-06-18,S02,P06,1,29.00,银行卡
ORD107416,2026-06-20,S03,P08,1,25.00,银行卡
ORD117098,2026-08-24,S04,P17,1,12.00,支付宝
ORD113288,2026-07-30,S01,P02,2,60.00,会员储值
ORD101582,2026-05-11,S02,P04,1,38.00,银行卡
ORD104773,2026-06-01,S05,P03,1,26.00,现金
ORD117192,2026-08-25,S03,P07,1,22.00,银行卡
ORD100697,2026-05-05,S02,P05,2,68.00,会员储值
ORD103829,2026-05-26,S03,P09,2,36.00,现金
ORD112982,2026-07-27,S05,P13,1,20.00,现金
ORD111240,2026-07-16,S01,P02,1,¥30.00,会员储值
ORD117872,2026-08-30,S01,P01,1,32.00,支付宝
ORD101897,2026-05-13,S04,P10,3,72.00,现金
ORD105708,2026-06-07,S05,P01,1,32.00,支付宝
ORD107096,2026-06-18,S02,P06,3,87.00,银行卡
ORD108000,2026-06-24,S01,P04,1,38.00,会员储值
ORD101452,2026-05-10,S03,P06,3,126.00,微信
ORD115251,2026-08-11,S05,P01,3,96.00,微信
ORD111863,2026-07-19,S05,P19,1,15.00,银行卡
ORD114050,2026-08-03,S05,P18,1,18.00,现金
ORD113945,2026-08-03,S01,P14,2,20.00,现金
ORD115550,2026-08-14,S02,P05,1,34.00,微信
ORD108655,2026-06-28,S03,P13,1,20.00,银行卡
ORD105100,2026-06-04,S03,P12,1,8.00,支付宝
ORD112742,2026-07-26,S02,P02,1,30.00,支付宝
ORD110609,2026-07-11,S04,P16,1,5.00,微信
ORD113969,2026-08-03,S02,P04,1,38.00,银行卡
ORD101966,2026-05-14,S01,P16,3,15.00,支付宝
ORD115588,2026-08-14,S03,P04,2,76.00,微信
ORD103976,2026-05-27,S04,P15,3,18.00,现金
ORD114583,2026-08-07,S05,P12,2,16.00,现金
ORD111845,2026-07-19,S04,P10,1,24.00,现金
ORD106856,2026-06-16,S04,P13,1,20.00,会员储值
ORD111924,2026-07-20,S01,P02,1,30.00,银行卡
ORD104842,2026-06-02,S03,P09,2,36.00,微信
ORD117077,2026-08-24,S04,P21,1,-16.00,银行卡
ORD108688,2026-06-28,S04,P18,1,18.00,银行卡
ORD101473,2026-05-10,S03,P08,1,25.00,会员储值
ORD107390,2026-06-20,S02,P06,1,42.00,会员储值
ORD104289,2026-05-30,S01,P02,2,60.00,会员储值
ORD104615,2026-05-31,S04,P10,1,24.00,会员储值
ORD101383,2026-05-10,S01,P01,2,64.00,会员储值
ORD118021,2026-08-30,S05,P21,1,16.00,银行卡
ORD103224,2026-05-22,S05,P06,1,42.00,支付宝
ORD114648,2026-08-08,S02,P06,1,   ,现金
ORD114436,2026-08-06,S04,P10,2,48.00,会员储值
ORD114656,2026-08-08,S02,P02,1,30.00,会员储值
ORD112572,2026-07-25,S03,P08,2,50.00,银行卡
ORD103354,2026-05-23,S04,P18,1,18.00,支付宝
ORD109649,2026-07-05,S01,P13,1,20.00,会员储值
ORD105647,2026-06-07,S04,P11,2,52.00,银行卡
ORD117324,2026-08-26,S03,P18,1,18.00,支付宝
ORD105685,2026-06-07,S05,P19,1,15.00,微信
ORD101052,2026-05-08,S01,P01,1,32.00,支付宝
ORD109523,2026-07-04,S03,P09,2,36.00,银行卡
ORD115422,2026-08-13,S02,P06,1,45.00,支付宝
ORD114141,2026-08-04,S03,P07,3,66.00,微信
ORD108447,2026-06-27,S03,P08,1,25.00,微信
ORD101173,2026-05-09,S01,P17,3,36.00,支付宝
ORD103522,2026-05-24,S03,P08,1,25.00,现金
ORD117037,2026-08-24,S02,P05,1,34.00,微信
ORD109329,2026-07-03,S02,P05,2,68.00,会员储值
ORD103479,2026-05-24,S02,P04,1,38.00,现金
ORD102678,2026-05-18,S03,P02,1,30.00,现金
ORD101978,2026/5/14,S01,P15,3,18.00,会员储值
ORD100921,2026-05-07,S01,P02,2,60.00,现金
ORD107518,2026-06-20,S05,P03,2,52.00,支付宝
ORD114840,2026-08-09,S02,P17,2,24.00,支付宝
ORD105722,2026-06-08,S01,P02,1,30.00,银行卡
ORD114548,2026-08-07,S04,P21,1,16.00,会员储值
ORD117857,2026-08-30,S01,P02,1,30.00,银行卡
ORD104423,2026-05-30,S04,P17,2,24.00,微信
ORD104970,2026-06-03,S03,P09,1,18.00,银行卡
ORD103674,2026-05-25,S03,P17,1,12.00,微信
ORD111634,2026-07-18,S04,P10,1,24.00,现金
ORD106309,2026-06-13,S02,P03,1,26.00,银行卡
ORD108488,2026-06-27,S04,P10,1,24.00,银行卡
ORD112447,2026-07-24,S02,P06,1,45.00,微信
ORD109600,2026-07-04,S05,P07,1,,支付宝
ORD104933,2026-06-03,S01,P12,1,8.00,微信
ORD103067,2026-05-21,S04,P11,2,52.00,微信
ORD105864,2026-06-09,S02,P14,2,20.00,银行卡
ORD114480,2026-08-07,S01,P16,1,5.00,会员储值
ORD104055,2026-05-28,S02,P06,1,42.00,会员储值
ORD113660,2026-08-01,S04,P16,2,10.00,支付宝
ORD108253,2026-06-26,S01,P14,2,20.00,微信
ORD106590,2026-06-14,S04,P11,2,52.00,银行卡
ORD108308,2026-06-26,S04,P15,1,6.00,银行卡
ORD108893,2026-06-29,S05,P07,1,22.00,微信
ORD109733,2026-07-05,S03,P03,1,26.00,支付宝
ORD108897,2026-06-30,S01,P08,1,25.00,会员储值
ORD102620,2026-05-18,S01,P01,1,32.00,现金
ORD112437,2026-07-24,S01,P20,1,22.00,支付宝
ORD114246,2026-08-05,S02,P04,2,76.00,会员储值
ORD117788,2026-08-29,S04,P16,1,5.00,银行卡
ORD116726,2026-08-22,S04,P02,1,30.00,支付宝
ORD109489,2026-07-04,S02,P04,2,76.00,微信
ORD108737,2026-06-28,S05,P05,1,34.00,会员储值
ORD110575,2026-07-11,S04,P12,1,8.00,银行卡
ORD114176,2026-08-04,S04,P08,2,50.00,现金
ORD113485,2026-07-31,S04,P15,1,6.00,银行卡
ORD115050,2026-08-10,S03,P07,2,44.00,现金
ORD108421,2026-06-27,S02,P01,1,32.00,微信
ORD106860,2026-06-16,S04,P11,1,26.00,银行卡
ORD116790,2026-08-22,S05,P21,1,16.00,支付宝
ORD114451,2026-08-06,S05,P10,2,48.00,微信
ORD112089,2026-07-21,S03,P02,1,30.00,现金
ORD103919,2026-05-27,S02,P06,1,42.00,银行卡
ORD104873,2026-06-02,S04,P15,1,6.00,银行卡
ORD117789,2026-08-29,S04,P14,1,10.00,现金
ORD115650,2026-08-15,S01,P19,2,30.00,会员储值
ORD106119,2026-06-11,S05,P19,1,15.00,微信
ORD115899,2026-08-16,S02,P21,1,16.00,会员储值
ORD102776,2026-05-19,S02,P04,2,76.00,现金
ORD107243,2026-06-19,S02,P06,1,42.00,银行卡
ORD105873,2026-06-09,S04,P14,1,,支付宝
ORD101828,2026-05-13,S01,P12,1,8.00,微信
ORD112067,2026-07-21,S02,P05,1,34.00,微信
ORD107556,2026-06-21,S01,P12,1,8.00,支付宝
ORD110712,2026-07-12,S02,P16,1,5.00,现金
ORD116696,2026-08-22,S03,P18,2,36.00,现金
ORD102581,2026-05-17,S05,P07,3,66.00,会员储值
ORD115675,2026-08-15,S01,P15,1,6.00,银行卡
ORD112373,2026-07-23,S03,P08,1,25.00,现金
ORD104786,2026-06-02,S01,P03,2,52.00,会员储值
ORD108135,2026-06-25,S02,P04,2,76.00,现金
ORD116710,2026-08-22,S03,P07,1,22.00,银行卡
ORD105677,2026-06-07,S05,P15,2,12.00,微信
ORD107925,2026-06-23,S03,P09,2,36.00,会员储值
ORD117345,2026-08-26,S04,P04,2,76.00,支付宝
ORD104934,2026-06-03,S02,P04,2,76.00,支付宝
ORD110366,2026-07-10,S02,P06,2,90.00,会员储值
ORD106195,2026-06-12,S03,P17,1,12.00,银行卡
ORD105877,2026-06-09,S04,P10,1,24.00,支付宝
ORD107828,2026-06-22,S05,P05,3,102.00,现金
ORD113790,2026-08-02,S02,P04,1,38.00,会员储值
ORD114723,2026-08-08,S04,P13,2,40.00,现金
ORD113033,2026-07-28,S02,P16,1,5.00,支付宝
ORD108412,2026/6/27,S02,P01,1,32.00,银行卡
ORD108111,2026-06-25,S01,P01,1,32.00,微信
ORD104757,2026-06-01,S04,P11,1,26.00,支付宝
ORD110510,2026-07-11,S02,P08,1,25.00,现金
ORD113894,2026-08-02,S04,P10,2,48.00,微信
ORD101123,2026-05-08,S04,P12,2,16.00,支付宝
ORD110369,2026-07-10,S02,P06,1,45.00,会员储值
ORD114469,2026-08-07,S01,P07,1,22.00,微信
ORD101623,2026-05-11,S03,P15,1,6.00,微信
ORD101446,2026-05-10,S03,P20,1,22.00,现金
ORD113850,2026-08-02,S03,P10,2,48.00,微信
ORD105691,2026-06-07,S05,P12,2,16.00,会员储值
ORD104736,2026-06-01,S04,P05,1,34.00,会员储值
ORD112286,2026-07-22,S05,P12,1,8.00,银行卡
ORD107937,2026-06-23,S04,P03,3,78.00,现金
ORD108216,2026-06-25,S05,P02,1,30.00,支付宝
ORD104419,2026-05-30,S04,P10,1,24.00,微信
ORD109143,2026-07-01,S05,P20,1,22.00,支付宝
ORD114137,2026-08-04,S03,P08,1,25.00,支付宝
ORD107382,2026/6/20,S02,P06,1,42.00,会员储值
ORD117072,2026-08-24,S03,P11,1,26.00,现金
ORD108256,2026-06-26,S02,P13,1,20.00,微信
ORD110987,2026-07-14,S01,P11,2,52.00,支付宝
ORD101611,2026-05-11,S03,P11,1,26.00,支付宝
ORD105167,2026-06-04,S05,P07,2,44.00,微信
ORD100968,2026-05-07,S03,P08,1,25.00,微信
ORD117121,2026-08-24,S05,P08,1,25.00,银行卡
ORD113944,2026-08-03,S01,P01,1,32.00,银行卡
ORD103538,2026-05-24,S03,P07,1,22.00,现金
ORD111679,2026-07-18,S05,P19,1,15.00,支付宝
ORD116316,2026-08-19,S04,P15,1,6.00,现金
ORD114730,2026-08-08,S04,P10,1,24.00,会员储值
ORD111364,2026-07-16,S05,P13,1,20.00,会员储值
ORD100434,2026-05-03,S03,P08,1,25.00,现金
ORD115757,2026-08-15,S03,P15,1,6.00,会员储值
ORD105585,2026-06-07,S02,P04,2,76.00,现金
ORD107403,2026-06-20,S02,P06,1,42.00,微信
ORD115547,2026-08-14,S02,P08,1,25.00,现金
ORD116424,2026-08-20,S03,P19,3,45.00,现金
ORD105986,2026-06-10,S04,P07,1,22.00,银行卡
ORD117416,2026-08-27,S02,P05,2,68.00,银行卡
ORD100565,2026-05-04,S02,P04,1,38.00,现金
ORD101583,2026-05-11,S02,P13,1,20.00,银行卡
ORD110670,2026-07-12,S01,P15,2,12.00,现金
ORD110681,2026-07-12,S01,P12,3,24.00,会员储值
ORD105309,2026-06-05,S05,P19,2,30.00,会员储值
ORD114932,2026-08-09,S04,P15,1,6.00,银行卡
ORD101835,2026-05-13,S01,P02,1,30.00,支付宝
ORD101406,2026-05-10,S02,P05,1,34.00,银行卡
ORD115754,2026-08-15,S03,P14,1,10.00,微信
ORD110122,2026-07-08,S03,P11,1,26.00,会员储值
ORD116953,2026-08-23,S04,P17,1,12.00,微信
ORD108303,2026-06-26,S03,P17,1,12.00,银行卡
ORD111402,2026-07-17,S02,P04,2,76.00,现金
ORD100389,2026-05-03,S02,P11,1,26.00,银行卡
ORD106814,2026-06-16,S03,P02,1,30.00,支付宝
ORD112525,2026-07-25,S02,P14,1,10.00,银行卡
ORD107033,2026-06-18,S01,P15,2,12.00,会员储值
ORD102165,2026-05-15,S04,P11,1,26.00,银行卡
ORD117170,2026/8/25,S02,P06,1,45.00,支付宝
ORD113143,2026-07-29,S01,P13,1,20.00,微信
ORD117352,2026-08-26,S04,P09,1,18.00,支付宝
ORD118113,2026-08-31,S04,P12,2,16.00,微信
ORD102927,2026-05-20,S03,P08,1,25.00,微信
ORD111146,2026-07-15,S02,P06,1,45.00,现金
ORD105285,2026-06-05,S05,P15,2,12.00,支付宝
ORD115139,2026-08-11,S01,P11,2,52.00,支付宝
ORD106454,2026-06-14,S01,P02,2,60.00,银行卡
ORD110879,2026-07-13,S02,P05,1,34.00,现金
ORD107443,2026-06-20,S03,P12,2,16.00,微信
ORD108507,2026-06-27,S04,P12,1,8.00,现金
ORD109673,2026-07-05,S02,P05,1,34.00,现金
ORD105158,2026-06-04,S05,P01,2,64.00,支付宝
ORD108678,2026-06-28,S03,P13,1,20.00,现金
ORD105754,2026-06-08,S02,P01,1,32.00,会员储值
ORD107222,2026-06-19,S01,P01,1,32.00,银行卡
ORD117031,2026-08-24,S02,P13,1,20.00,支付宝
ORD108415,2026-06-27,S02,P02,2,60.00,会员储值
ORD101028,2026-05-07,S05,P03,1,26.00,微信
ORD113072,2026-07-28,S03,P05,1,34.00,现金
ORD105189,2026-06-05,S01,P07,1,22.00,微信
ORD102336,2026-05-16,S03,P09,2,36.00,微信
ORD100327,2026-05-03,S01,P02,3,90.00,会员储值
ORD106268,2026-06-13,S01,P02,2,60.00,会员储值
ORD103247,2026-05-23,S01,P01,2,64.00,支付宝
ORD115765,2026-08-15,S03,P09,2,36.00,微信
ORD101240,2026-05-09,S02,P14,1,10.00,现金
ORD113237,2026-07-29,S04,P13,1,20.00,会员储值
ORD106701,2026-06-15,S03,P07,1,22.00,支付宝
ORD108415,2026-06-27,S02,P04,2,76.00,会员储值
ORD117696,2026-08-29,S02,P06,2,90.00,银行卡
ORD114549,2026-08-07,S04,P11,2,52.00,现金
ORD108809,2026-06-29,S02,P17,3,36.00,会员储值
ORD101254,2026-05-09,S03,P07,1,22.00,支付宝
ORD103044,2026-05-21,S03,P07,1,22.00,银行卡
ORD100600,2026-05-04,S03,P19,2,30.00,银行卡
ORD105473,06-06-2026,S05,P04,1,,会员储值
ORD105131,2026-06-04,S04,P10,1,24.00,会员储值
ORD117079,2026-08-24,S04,P19,1,15.00,现金
ORD104957,2026-06-03,S02,P04,2,76.00,支付宝
ORD103003,2026-05-21,S01,P04,3,114.00,现金
ORD116950,2026-08-23,S04,P21,1,16.00,微信
ORD114984,2026-08-09,S05,P11,2,52.00,支付宝
ORD114844,2026-08-09,S02,P21,3,48.00,银行卡
ORD114943,2026-08-09,S04,P16,2,10.00,微信
ORD101350,2026-05-09,S05,P03,1,26.00,银行卡
ORD103412,2026-05-23,S05,P19,2,30.00,会员储值
ORD110461,2026-07-11,S01,P01,1,32.00,银行卡
ORD105249,2026-06-05,S03,P18,1,18.00,现金
ORD108093,2026-06-24,S05,P03,2,52.00,微信
ORD101017,2026-05-07,S05,P07,2,44.00,微信
ORD107820,2026-06-22,S04,P10,1,24.00,现金
ORD100492,2026-05-03,S05,P02,1,30.00,会员储值
ORD112005,2026-07-20,S05,P12,1,8.00,银行卡
ORD105290,2026-06-05,S05,P08,2,50.00,现金
ORD108577,2026-06-28,S01,P01,2,64.00,现金
ORD102764,2026-05-19,S02,P05,2,68.00,微信
ORD116769,2026-08-22,S05,P03,1,26.00,现金
ORD102055,2026-05-14,S05,P08,1,25.00,会员储值
ORD100325,2026-05-02,S05,P18,2,36.00,现金
ORD113705,2026-08-01,S05,P01,1,32.00,支付宝
ORD115057,2026-08-10,S03,P21,1,16.00,现金
ORD114556,2026-08-07,S04,P17,1,12.00,微信
ORD105232,2026-06-05,S02,P05,3,102.00,会员储值
ORD100877,2026-05-06,S04,P10,3,72.00,现金
ORD117749,2026-08-29,S03,P07,1,22.00,微信
ORD105027,2026-06-03,S05,P20,1,22.00,支付宝
ORD110679,2026-07-12,S01,P01,2,64.00,支付宝
ORD111726,2026-07-19,S01,P01,1,32.00,银行卡
ORD109495,2026-07-04,S02,P04,1,38.00,微信
ORD100368,2026-05-03,S01,P02,1,30.00,支付宝
ORD110993,2026-07-14,S01,P12,1,8.00,支付宝
ORD112848,2026-07-26,S05,P09,1,18.00,支付宝
ORD102263,2026-05-16,S02,P04,1,38.00,微信
ORD117069,2026/8/24,S03,P09,2,36.00,支付宝
ORD109838,2026-07-06,S01,P14,2,20.00,微信
ORD116609,2026-08-22,S01,P09,1,18.00,现金
ORD109768,2026-07-05,S04,P03,1,26.00,银行卡
ORD118059,2026-08-31,S02,P06,2,90.00,支付宝
ORD100149,2026-05-02,S01,P02,1,30.00,支付宝
ORD109179,2026-07-02,S01,P19,1,15.00,会员储值
ORD110344,2026-07-10,S01,P13,3,60.00,银行卡
ORD105732,2026-06-08,S01,P01,1,32.00,支付宝
ORD112533,2026-07-25,S02,P10,3,72.00,支付宝
ORD113591,2026-08-01,S02,P06,2,90.00,会员储值
ORD115211,2026-08-11,S04,P09,1,18.00,微信
ORD115692,2026-08-15,S02,P06,2,90.00,银行卡
ORD117253,2026-08-25,S05,P04,2,76.00,银行卡
ORD100450,2026-05-03,S04,P18,2,36.00,现金
ORD103016,2026-05-21,S02,P06,1,42.00,银行卡
ORD109267,2026-07-02,S05,P07,1,22.00,支付宝
ORD108847,2026-06-29,S04,P06,3,126.00,银行卡
ORD109100,2026-07-01,S03,P19,1,15.00,会员储值
ORD107032,2026-06-18,S01,P18,1,18.00,微信
ORD106976,2026-06-17,S04,P17,1,12.00,银行卡
ORD113312,2026-07-30,S02,P06,2,90.00,会员储值
ORD113255,2026-07-29,S05,P03,1,26.00,银行卡
ORD101233,2026-05-09,S02,P05,1,34.00,现金
ORD106355,2026-06-13,S03,P09,1,18.00,微信
ORD113843,2026-08-02,S03,P09,2,¥36.00,银行卡
ORD117426,2026-08-27,S02,P05,1,34.00,银行卡
ORD103099,2026-05-21,S05,P19,1,15.00,微信
ORD109980,2026-07-07,S02,P05,1,34.00,微信
ORD117309,2026-08-26,S03,P09,2,36.00,会员储值
ORD116827,2026-08-23,S01,P11,1,26.00,支付宝
ORD116215,2026-08-18,S04,P06,1,45.00,现金
ORD105357,2026-06-06,S02,P06,1,42.00,会员储值
ORD112906,2026-07-27,S02,P19,2,30.00,微信
ORD109728,2026-07-05,S03,P09,1,18.00,银行卡
ORD114183,2026-08-04,S05,P17,1,12.00,银行卡
ORD113975,2026-08-03,S02,P05,2,68.00,银行卡
ORD111514,2026-07-18,S01,P03,1,26.00,现金
ORD105121,2026-06-04,S03,P09,2,36.00,银行卡
ORD109592,2026-07-04,S05,P05,1,34.00,现金
ORD105544,2026-06-07,S01,P09,2,36.00,支付宝
ORD111558,2026-07-18,S02,P03,1,26.00,现金
ORD109096,2026-07-01,S03,P07,2,44.00,银行卡
ORD108445,2026-06-27,S03,P09,1,18.00,支付宝
ORD112815,2026-07-26,S04,P08,1,25.00,现金
ORD115471,2026-08-13,S04,P16,2,10.00,银行卡
ORD109199,2026-07-02,S02,P05,1,34.00,微信
ORD114196,2026-08-04,S05,P07,1,22.00,微信
ORD116105,2026-08-17,S04,P05,2,68.00,支付宝
ORD104095,2026-05-28,S04,P17,3,36.00,微信
ORD109675,2026-07-05,S02,P12,1,8.00,支付宝
ORD114735,2026-08-08,S04,P09,2,36.00,银行卡
ORD113733,2026-08-01,S05,P02,1,30.00,会员储值
ORD104303,2026-05-30,S01,P01,3,96.00,银行卡
ORD100016,2026-05-01,S01,P02,2,60.00,银行卡
ORD108354,2026-06-26,S05,P19,3,45.00,现金
ORD100493,2026/5/3,S05,P11,1,26.00,支付宝
ORD106161,2026-06-12,S02,P05,2,68.00,会员储值
ORD117926,2026-08-30,S03,P07,3,66.00,会员储值
ORD101719,2026-05-12,S02,P05,2,68.00,现金
ORD116371,2026-08-20,S01,P21,1,16.00,银行卡
ORD103373,2026-05-23,S04,P16,2,10.00,现金
ORD108461,2026-06-27,S03,P08,1,25.00,现金
ORD113527,2026-07-31,S05,P20,1,22.00,支付宝
ORD115409,2026-08-13,S01,P01,1,32.00,现金
ORD106838,2026-06-16,S03,P07,1,22.00,会员储值
ORD117636,2026-08-28,S05,P19,2,30.00,现金
ORD106271,2026-06-13,S01,P08,1,25.00,银行卡
ORD101333,2026-05-09,S05,P03,1,26.00,支付宝
ORD104316,2026-05-30,S02,P02,1,30.00,微信
ORD104217,2026-05-29,S03,P08,1,25.00,会员储值
ORD105720,2026-06-08,S01,P14,1,10.00,会员储值
ORD101424,2026-05-10,S02,P04,2,76.00,微信
ORD103614,2026-05-24,S05,P19,1,15.00,会员储值
ORD108314,2026-06-26,S04,P11,1,26.00,现金
ORD105980,2026-06-10,S04,P13,1,20.00,微信
ORD115459,2026-08-13,S03,P16,3,15.00,微信
ORD111742,2026-07-19,S01,P13,1,20.00,支付宝
ORD113319,2026-07-30,S02,P06,3,135.00,微信
ORD114452,2026-08-06,S05,P20,1,22.00,支付宝
ORD111986,2026-07-20,S04,P99,1,5.00,现金
ORD102533,2026-05-17,S03,P08,3,75.00,现金
ORD109952,2026-07-07,S01,P17,1,12.00,支付宝
ORD114816,2026-08-09,S01,P12,2,16.00,会员储值
ORD112121,2026-07-21,S04,P20,1,22.00,现金
ORD111556,2026-07-18,S02,P04,1,38.00,银行卡
ORD100591,2026-05-04,S03,P09,2,36.00,支付宝
ORD115581,2026-08-14,S03,P05,1,34.00,银行卡
ORD116212,2026-08-18,S04,P16,1,5.00,支付宝
ORD105335,2026-06-06,S01,P12,1,8.00,会员储值
ORD103813,2026-05-26,S03,P09,1,18.00,会员储值
ORD114439,2026-08-06,S05,P21,1,16.00,支付宝
ORD117799,2026-08-29,S05,P21,2,32.00,会员储值
ORD115867,2026-08-16,S01,P04,1,38.00,会员储值
ORD104479,2026-05-31,S01,P12,3,24.00,现金
ORD116318,2026-08-19,S04,P16,1,5.00,会员储值
ORD115886,2026-08-16,S02,P01,3,96.00,银行卡
ORD115075,2026-08-10,S04,P17,2,24.00,会员储值
ORD113099,2026-07-28,S04,P12,1,8.00,支付宝
ORD116128,2026-08-17,S05,P21,2,32.00,银行卡
ORD100883,2026-05-06,S05,P16,1,5.00,微信
ORD111293,2026-07-16,S03,P09,1,18.00,支付宝
ORD108435,2026-06-27,S02,P06,1,42.00,银行卡
ORD110379,2026-07-10,S02,P14,1,10.00,银行卡
ORD108138,2026-06-25,S02,P12,1,8.00,现金
ORD114860,2026-08-09,S02,P12,1,8.00,现金
ORD107888,2026-06-23,S02,P16,1,5.00,会员储值
ORD109654,2026-07-05,S01,P02,1,30.00,现金
ORD116528,2026-08-21,S03,P07,1,22.00,银行卡
ORD102686,2026-05-18,S04,P10,1,24.00,现金
ORD114969,2026-08-09,S05,P16,1,5.00,支付宝
ORD114709,2026-08-08,S03,P08,2,50.00,会员储值
ORD105562,2026-06-07,S02,P04,1,38.00,现金
ORD115876,2026-08-16,S01,P21,3,48.00,微信
ORD103391,2026-05-23,S05,P20,1,22.00,微信
ORD109085,2026-07-01,S03,P07,2,44.00,微信
ORD101118,2026-05-08,S04,P11,2,52.00,微信
ORD110385,2026-07-10,S03,P08,1,25.00,会员储值
ORD101821,2026-05-13,S01,P01,1,32.00,支付宝
ORD116886,2026-08-23,S03,P14,1,10.00,微信
ORD108941,2026-06-30,S02,P06,3,126.00,银行卡
ORD114343,2026-08-06,S01,P12,2,16.00,支付宝
ORD110475,2026-07-11,S01,P15,1,6.00,支付宝
ORD113410,2026-07-31,S01,P03,1,26.00,会员储值
ORD108955,2026-06-30,S03,P07,1,22.00,支付宝
ORD112070,2026-07-21,S02,P00,2,90.00,现金
ORD103068,2026-05-21,S04,P07,1,22.00,会员储值
ORD112802,2026-07-26,S04,P17,1,12.00,现金
ORD103587,2026-05-24,S05,P05,1,34.00,银行卡
ORD110457,2026-07-11,S01,P15,1,6.00,会员储值
ORD111477,2026-07-17,S04,P04,2,76.00,会员储值
ORD113708,2026-08-01,S05,P07,1,22.00,现金
ORD106244,2026-06-12,S05,P09,3,54.00,会员储值
ORD105898,2026-06-09,S05,P08,1,25.00,会员储值
ORD108324,2026-06-26,S04,P10,2,48.00,微信
ORD102125,2026-05-15,S02,P14,1,10.00,会员储值
ORD113569,2026-08-01,S01,P13,1,20.00,银行卡
ORD111727,2026-07-19,S01,P02,2,60.00,微信
ORD101145,2026-05-08,S05,P03,3,78.00,现金
ORD105496,2026-06-06,S05,P06,1,42.00,银行卡
ORD102919,2026-05-20,S03,P08,1,25.00,微信
ORD114233,2026-08-05,S02,P13,2,40.00,支付宝
ORD107732,2026-06-22,S01,P01,2,64.00,银行卡
ORD104837,2026-06-02,S03,P07,2,44.00,银行卡
ORD101046,2026-05-08,S01,P13,3,60.00,银行卡
ORD100780,2026-05-06,S01,P13,1,20.00,现金
ORD115383,2026-08-12,S05,P02,1,30.00,银行卡
ORD111748,2026-07-19,S02,P04,1,38.00,支付宝
ORD112718,2026-07-26,S02,P14,3,30.00,银行卡
ORD112729,2026-07-26,S02,P13,1,20.00,支付宝
ORD115293,2026-08-12,S02,P04,1,38.00,现金
ORD109939,2026-07-06,S05,P17,3,36.00,现金
ORD101858,2026-05-13,S02,P17,3,36.00,支付宝
ORD117526,2026-08-28,S01,P16,1,5.00,银行卡
ORD111023,2026-07-14,S02,P04,2,76.00,微信
ORD101606,2026-05-11,S02,P04,1,38.00,微信
ORD106209,2026-06-12,S03,P02,1,30.00,银行卡
ORD117481,2026-08-27,S04,P10,1,24.00,微信
ORD112593,2026-07-25,S03,P07,1,22.00,会员储值
ORD101974,2026-05-14,S01,P02,2,60.00,现金
ORD103894,2026-05-27,S01,P01,1,32.00,银行卡
ORD113342,2026-07-30,S03,P09,1,18.00,支付宝
ORD111792,2026-07-19,S03,P17,3,36.00,银行卡
ORD109787,2026-07-05,S05,P19,3,45.00,微信
ORD104387,2026-05-30,S03,P18,2,36.00,银行卡
ORD115216,2026-08-11,S04,P03,1,26.00,微信
ORD100914,2026-05-07,S01,P01,1,32.00,现金
ORD108541,2026-06-27,S05,P04,2,76.00,支付宝
ORD114489,2026-08-07,S02,P05,1,34.00,微信
ORD108127,2026-06-25,S01,P13,1,20.00,会员储值
ORD106368,2026-06-13,S03,P07,2,44.00,微信
ORD116679,2026-08-22,S02,P13,2,40.00,银行卡
ORD106284,2026-06-13,S01,P01,1,32.00,微信
ORD112738,2026-07-26,S02,P05,1,34.00,现金
ORD104509,2026-05-31,S02,P04,2,76.00,银行卡
ORD117357,2026-08-26,S04,P14,2,20.00,微信
ORD115682,2026-08-15,S01,P19,1,15.00,微信
ORD114768,2026-08-08,S05,P16,2,10.00,现金
ORD111479,2026-07-17,S05,P18,1,18.00,支付宝
ORD115487,2026-08-13,S04,P21,2,32.00,银行卡
ORD115414,2026-08-13,S02,P04,2,76.00,支付宝
ORD104682,2026-06-01,S01,P16,1,5.00,现金
ORD104735,2026-06-01,S04,P03,1,26.00,微信
ORD100612,2026-05-04,S04,P01,1,32.00,会员储值
ORD101428,2026-05-10,S02,P10,2,48.00,支付宝
ORD107902,2026-06-23,S02,P03,2,52.00,银行卡
ORD114929,2026-08-09,S04,P10,1,24.00,支付宝
ORD104538,2026-05-31,S02,P04,1,38.00,会员储值
ORD102388,2026-05-16,S05,P20,1,22.00,会员储值
ORD107685,2026-06-21,S05,P20,1,22.00,支付宝
ORD116345,2026-08-19,S05,P03,1,26.00,现金
ORD109746,2026-07-05,S04,P10,1,24.00,支付宝
ORD112819,2026-07-26,S04,P11,1,26.00,支付宝
ORD113939,2026-08-03,S01,P13,1,20.00,银行卡
ORD105207,2026-06-05,S02,P06,2,84.00,支付宝
ORD102583,2026-05-17,S05,P04,1,38.00,支付宝
ORD116912,2026-08-23,S03,P07,1,22.00,现金
ORD102028,2026-05-14,S04,P15,1,6.00,银行卡
ORD103715,2026-05-25,S04,P17,2,24.00,支付宝
ORD103353,2026-05-23,S04,P10,2,48.00,现金
ORD116401,2026-08-20,S02,P03,2,52.00,银行卡
ORD110694,2026-07-12,S02,P09,1,18.00,现金
ORD105407,2026-06-06,S03,P07,1,22.00,微信
ORD104298,2026-05-30,S01,P02,1,30.00,会员储值
ORD109656,2026-07-05,S01,P08,1,25.00,现金
ORD110624,2026-07-11,S05,P15,1,6.00,会员储值
ORD111428,2026-07-17,S03,P09,3,54.00,现金
ORD103332,2026-05-23,S03,P08,1,25.00,微信
ORD107543,2026-06-21,S01,P00,2,64.00,微信
ORD113581,2026-08-01,S02,P20,1,22.00,会员储值
ORD111358,2026-07-16,S05,P15,1,6.00,支付宝
ORD100309,2026-05-02,S05,P05,1,34.00,支付宝
ORD106968,2026-06-17,S04,P18,2,36.00,银行卡
ORD116367,2026-08-20,S01,P13,1,20.00,现金
ORD103986,2026-05-27,S04,P10,1,24.00,现金
ORD100918,2026-05-07,S01,P02,1,30.00,微信
ORD116192,2026-08-18,S03,P07,1,22.00,银行卡
ORD101507,2026-05-10,S04,P11,2,52.00,会员储值
ORD112343,2026-07-23,S02,P16,1,5.00,银行卡
ORD117542,2026-08-28,S02,P14,1,10.00,支付宝
ORD116704,2026-08-22,S03,P09,1,18.00,微信
ORD101670,2026-05-11,S05,P02,2,60.00,银行卡
ORD114974,2026-08-09,S05,P09,3,54.00,现金
ORD114088,2026-08-04,S01,P17,1,12.00,银行卡
ORD102477,2026-05-17,S02,P04,1,38.00,会员储值
ORD100859,2026-05-06,S04,P11,1,26.00,银行卡
ORD103979,2026-05-27,S04,P11,2,52.00,银行卡
ORD118106,2026-08-31,S03,P12,1,8.00,现金
ORD113022,2026-07-28,S01,P03,1,26.00,现金
ORD100093,2026-05-01,S04,P15,1,6.00,现金
ORD113259,2026-07-29,S05,P05,2,68.00,会员储值
ORD112584,2026-07-25,S03,P03,1,26.00,会员储值
ORD116384,2026-08-20,S02,P05,1,34.00,会员储值
ORD109761,2026-07-05,S04,P04,1,38.00,现金
ORD102413,2026-05-16,S05,P10,1,24.00,微信
ORD117545,2026-08-28,S02,P11,1,26.00,支付宝
ORD115095,2026-08-10,S04,P21,2,32.00,现金
ORD105489,2026-06-06,S05,P06,2,84.00,会员储值
ORD112503,2026-07-25,S01,P01,1,32.00,微信
ORD109385,2026-07-03,S04,P12,1,8.00,支付宝
ORD106252,2026-06-12,S05,P17,2,24.00,支付宝
ORD111677,2026-07-18,S05,P04,1,38.00,微信
ORD106621,2026-06-14,S05,P19,3,45.00,现金
ORD107948,2026-06-23,S04,P03,2,52.00,微信
ORD107748,2026-06-22,S01,P02,1,30.00,支付宝
ORD110534,2026-07-11,S03,P05,1,34.00,会员储值
ORD100521,2026-05-03,S05,P08,1,25.00,支付宝
ORD104531,2026-05-31,S02,P17,2,24.00,银行卡
ORD111807,2026-07-19,S03,P07,1,22.00,现金
ORD107922,2026-06-23, s03,P03,1,26.00,现金
ORD116967,2026-08-23,S05,P21,1,16.00,现金
ORD102407,2026-05-16,S05,P04,1,38.00,会员储值
ORD113218,2026-07-29,S04,P20,1,22.00,现金
ORD100868,2026-05-06,S04,P10,1,24.00,现金
ORD115704,2026-08-15,S02,P18,1,18.00,银行卡
ORD105480,2026-06-06,S05,P18,3,54.00,支付宝
ORD108344,2026-06-26,S05,P01,1,32.00,支付宝
ORD112359,2026-07-23,S03,P03,1,26.00,现金
ORD108681,2026-06-28,S03,P14,1,10.00,会员储值
ORD108134,2026-06-25,S02,P15,1,6.00,会员储值
ORD116177,2026-08-18,S03,P08,2,50.00,支付宝
ORD109282,2026-07-02,S05,P13,1,20.00,微信
ORD103657,2026-05-25,S02,P06,1,42.00,银行卡
ORD107464,2026-06-20,S04,P11,2,52.00,会员储值
ORD103727,2026-05-25,S05,P13,1,20.00,会员储值
ORD105221,2026-06-05,S02,P05,1,34.00,现金
ORD112278,2026-07-22,S05,P04,1,38.00,银行卡
ORD115014,2026-08-10,S01,P01,1,32.00,微信
ORD113332,2026/7/30,S03,P07,2,44.00,支付宝
ORD100242,2026-05-02,S03,P09,-1,36.00,会员储值
ORD108018,2026-06-24,S02,P06,3,126.00,会员储值
ORD108597,2026-06-28,S01,P03,1,26.00,支付宝
ORD113190,2026-07-29,S02,P13,3,60.00,微信
ORD108089,2026-06-24,S05,P13,1,20.00,银行卡
ORD110685,2026-07-12,S01,P12,1,8.00,会员储值
ORD106295,2026-06-13,S01,P01,2,64.00,微信
ORD116843,2026-08-23,S01,P12,1,8.00,现金
ORD107216,2026-06-19,S01,P16,3,15.00,会员储值
ORD114933,2026-08-09,S04,P13,1,20.00,银行卡
ORD107189,2026-06-18,S05,P12,1,8.00,现金
ORD103766,2026-05-26,S01,P14,2,20.00,银行卡
ORD113229,2026-07-29,S04,P11,1,26.00,现金
ORD108801,2026-06-29,S02,P04,1,38.00,支付宝
ORD111414,2026-07-17,S02,P06,3,135.00,现金
ORD116587,2026-08-21,S05,P04,1,38.00,现金
ORD109653,2026-07-05,S01,P05,2,68.00,会员储值
ORD105302,2026-06-05,S05,P07,1,22.00,银行卡
ORD109089,2026-07-01,S03,P08,3,75.00,银行卡
ORD104106,2026-05-28,S04,P15,2,12.00,银行卡
ORD110042,2026-07-07,S05,P09,3,54.00,支付宝
ORD109676,2026-07-05,S02,P15,1,6.00,支付宝
ORD117580,2026-08-28,S03,P08,1,25.00,支付宝
ORD113681,2026-08-01,S04,P09,2,36.00,会员储值
ORD108471,2026-06-27,S03,P09,1,18.00,微信
ORD108606,2026-06-28,S02,P06,2,84.00,现金
ORD108576,2026-06-28,S01,P02,1,30.00,银行卡
ORD115523,2026-08-14,S01,P06,3,135.00,现金
ORD113549,2026-08-01,S01,P06,2,90.00,现金
ORD115574,2026-08-14,S03,P09,3,54.00,支付宝
ORD109526,2026-07-04,S03,P07,2,44.00,微信
ORD112329,2026-07-23,S02,P03,1,26.00,支付宝
ORD114054,2026-08-03,S05,P13,2,40.00,现金
ORD108036,2026-06-24,S03,P08,1,25.00,支付宝
ORD105089,2026-06-04,S02,P05,1,34.00,银行卡
ORD116008,2026-08-16,S05,P06,2,90.00,支付宝
ORD113636,2026-08-01,S03,P01,1,32.00,现金
ORD110220,2026-07-09,S01,P01,2,64.00,会员储值
ORD106231,2026-06-12,S04,P16,2,10.00,现金
ORD101785,2026-05-12,S04,P11,1,26.00,微信
ORD108345,2026-06-26,S05,P19,1,,现金
ORD101182,2026-05-09,S01,P12,3,24.00,现金
ORD105191,2026-06-05,S01,P12,1,8.00,支付宝
ORD113399,2026-07-30,S05,P01,2,64.00,银行卡
ORD117708,2026-08-29,S02,P21,2,32.00,支付宝
ORD114263,2026-08-05,S03,P04,1,38.00,支付宝
ORD115328,2026-08-12,S03,P12,1,8.00,支付宝
ORD115923,2026-08-16,S03,P09,1,18.00,银行卡
ORD114546,2026-08-07,S04,P11,1,26.00,银行卡
ORD103073,2026-05-21,S04,P16,2,10.00,微信
ORD110674,2026-07-12,S01,P01,1,32.00,支付宝
ORD101771,2026-05-12,S04,P11,1,26.00,现金
ORD110699,2026-07-12,S02,P16,1,5.00,银行卡
ORD101018,2026-05-07,S05,P07,2,44.00,会员储值
ORD116433,2026-08-20,S04,P09,3,54.00,微信
ORD101251,2026-05-09,S03,P03,1,26.00,支付宝
ORD106240,2026-06-12,S05,P08,1,25.00,现金
ORD118017,2026-08-30,S05,P21,1,16.00,银行卡
ORD113393,2026-07-30,S05,P20,1,22.00,银行卡
ORD108634,2026-06-28,S02,P13,1,20.00,会员储值
ORD115884,2026-08-16,S02,P05,1,34.00,支付宝
ORD109144,2026-07-01,S05,P03,3,78.00,微信
ORD102788,2026-05-19,S03,P16,2,10.00,现金
ORD111031,2026-07-14,S02,P14,2,20.00,微信
ORD111417,2026-07-17,S02,P03,3,78.00,微信
ORD114368,2026-08-06,S02,P06,1,45.00,银行卡
ORD118090,2026-08-31,S03,P21,1,16.00,银行卡
ORD101702,2026-05-12,S01,P02,1,30.00,支付宝
ORD117097,2026-08-24,S04,P20,1,22.00,现金
ORD112023,2026-07-20,S05,P01,1,32.00,银行卡
ORD116620,2026-08-22,S01,P02,1,30.00,会员储值
ORD101403,2026-05-10,S02,P06,1,42.00,银行卡
ORD117875,2026-08-30,S01,P12,1,8.00,支付宝
ORD111538,2026-07-18,S01,P05,2,68.00,支付宝
ORD108626,2026-06-28,S02,P08,2,50.00,微信
ORD109352,2026-07-03,S03,P17,2,24.00,微信
ORD113145,2026-07-29,S01,P15,2,12.00,支付宝
ORD112364,2026-07-23,S03,P07,3,66.00,现金
ORD109769,2026-07-05,S04,P09,2,36.00,现金
ORD100877,2026-05-06,S04,P10,3,72.00,现金
ORD100499,2026-05-03,S05,P13,2,40.00,支付宝
ORD111509,2026-07-18,S01,P01,1,32.00,会员储值
ORD111122,2026-07-15,S01,P19,1,15.00,会员储值
ORD100130,2026-05-02,S01,P02,2,60.00,支付宝
ORD112312,2026-07-23,S01,P02,1,30.00,支付宝
ORD112870,2026-07-26,S05,P03,1,26.00,会员储值
ORD108915,2026-06-30,S01,P02,2,60.00,会员储值
ORD117353,2026-08-26,S04,P10,1,24.00,现金
ORD100563,2026-05-04,S02,P04,2,76.00,会员储值
ORD104160,2026-05-29,S01,P01,3,96.00,会员储值
ORD110400,2026-07-10,S03,P18,1,18.00,银行卡
ORD117607,2026-08-28,S04,P15,1,6.00,支付宝
ORD102724,2026-05-18,S05,P04,1,38.00,银行卡
ORD104305,2026-05-30,S01,P12,3,24.00,微信
ORD105768,2026-06-08,S04,P10,1,24.00,支付宝
ORD112159,2026-07-21,S05,P08,1,25.00,会员储值
ORD115966,2026-08-16,S04,P21,2,32.00,会员储值
ORD113438,2026-07-31,S02,P05,1,34.00,支付宝
ORD100226,2026-05-02,S03,P01,1,32.00,银行卡
ORD114379,2026-08-06,S02,P03,1,26.00,支付宝
ORD117601,2026-08-28,S04,P10,1,24.00,现金
ORD111831,2026-07-19,S04,P08,1,25.00,微信
ORD113696,2026-08-01,S04,P13,1,20.00,银行卡
ORD102121,2026-05-15,S02,P05,2,68.00,微信
ORD103742,2026-05-25,S05,P04,2,76.00,现金
ORD102293,2026-05-16,S02,P05,2,68.00,银行卡
ORD107205,2026-06-19,S01,P10,1,24.00,银行卡
ORD117883,2026-08-30,S02,P02,1,30.00,现金
ORD104599,2026-05-31,S04,P05,1,34.00,会员储值
ORD111209,2026-07-15,S04,P11,2,52.00,银行卡
ORD102193,2026-05-15,S05,P03,2,52.00,会员储值
ORD100833,2026-05-06,S03,P08,1,25.00,会员储值
ORD101971,2026-05-14,S01,P02,1,30.00,支付宝
ORD116079,2026-08-17,S03,P09,3,54.00,现金
ORD106376,2026-06-13,S03,P08,2,50.00,会员储值
ORD106994,2026-06-17,S05,P14,2,20.00,银行卡
ORD107260,2026-06-19,S03,P09,2,36.00,银行卡
ORD110879,2026-07-13,S02,P05,1,34.00,现金
ORD114272,2026-08-05,S03,P19,3,45.00,现金
ORD110215,2026-07-09,S01,P13,1,20.00,会员储值
ORD112202,2026-07-22,S02,P04,3,114.00,现金
ORD101070,2026-05-08,S02,P06,1,42.00,现金
ORD116421,2026-08-20,S03,P08,1,25.00,微信
ORD102265,2026-05-16,S02,P03,2,52.00,支付宝
ORD116130,2026-08-17,S05,P20,1,22.00,支付宝
ORD112310,2026-07-23,S01,P12,1,8.00,会员储值
ORD100216,2026-05-02,S03,P13,1,20.00,微信
ORD105328,2026-06-06,S01,P14,2,20.00,银行卡
ORD110972,2026-07-13,S05,P20,1,22.00,银行卡
ORD111082,2026-07-14,S04,P20,3,66.00,会员储值
ORD105286,2026-06-05,S05,P10,2,48.00,支付宝
ORD117236,2026-08-25,S05,P16,1,5.00,会员储值
ORD114555,2026-08-07,S04,P21,1,16.00,微信
ORD102119,2026-05-15,S02,P17,1,12.00,银行卡
ORD105532,2026-06-07,S01,P02,2,60.00,微信
ORD108428,2026-06-27,S02,P06,1,42.00,支付宝
ORD104950,2026-06-03,S02,P13,2,40.00,银行卡
ORD112922,2026-07-27,S02,P19,1,15.00,支付宝
ORD113301,2026-07-30,S02,P07,2,44.00,支付宝
ORD115722,2026-08-15,S02,P06,1,45.00,现金
ORD101873,2026-05-13,S03,P09,3,54.00,会员储值
ORD101226,2026-05-09,S02,P04,2,76.00,会员储值
ORD116932,2026-08-23,S04,P21,2,32.00,银行卡
ORD113965,2026-08-03,S02,P06,1,45.00,银行卡
ORD106979,2026-06-17,S04,P11,2,52.00,支付宝
ORD115021,2026-08-10,S01,P14,2,20.00,支付宝
ORD117949,2026-08-30,S03,P07,1,22.00,现金
ORD112793,2026-07-26,S03,P08,1,25.00,微信
ORD106233,2026-06-12,S04,P18,1,18.00,支付宝
ORD117944,2026-08-30,S03,P14,3,30.00,现金
ORD116256,2026-08-19,S01,P13,2,40.00,现金
ORD106583,2026-06-14,S04,P11,3,78.00,支付宝
ORD116158,2026-08-18,S01,P02,1,30.00,支付宝
ORD113741,2026-08-02,S01,P02,2,60.00,会员储值
ORD105885,2026-06-09,S04,P15,1,6.00,银行卡
ORD104089,2026-05-28,S03,P15,2,12.00,支付宝
ORD106214,2026-06-12,S04,P11,1,26.00,微信
ORD112539,2026-07-25,S02,P15,1,6.00,微信
ORD117583,2026-08-28,S03,P21,2,32.00,微信
ORD109104,2026-07-01,S03,P07,1,22.00,会员储值
ORD105212,2026-06-05,S02,P06,1,42.00,微信
ORD108719,2026-06-28,S04,P15,1,6.00,支付宝
ORD107175,2026-06-18,S05,P03,1,26.00,现金
ORD105327,2026-06-06,S01,P12,1,8.00,微信
ORD107695,2026-06-21,S05,P19,2,30.00,微信
ORD110088,2026-07-08,S01,P02,2,60.00,现金
ORD115274,2026-08-12,S01,P02,3,90.00,支付宝
ORD103376,2026-05-23,S04,P10,3,72.00,银行卡
ORD114484,2026-08-07,S01,P02,1,30.00,微信
ORD106375,2026-06-13,S03,P08,1,25.00,支付宝
ORD106197,2026-06-12,S03,P18,1,18.00,会员储值
ORD115118,2026-08-10,S05,P03,1,26.00,现金
ORD111337,2026-07-16,S04,P15,3,18.00,现金
ORD114364,2026-08-06,S02,P05,3,102.00,银行卡
ORD114178,2026-08-04,S04,P03,1,26.00,银行卡
ORD117624,2026-08-28,S05,P20,1,22.00,会员储值
ORD107823,2026-06-22,S04,P17,3,36.00,银行卡
ORD117821,2026-08-29,S05,P02,1,30.00,现金
ORD111813,2026-07-19,S03,P17,1,12.00,支付宝
ORD104555,2026-05-31,S03,P08,2,50.00,现金
ORD102742,2026-05-19,S01,P09,2,36.00,现金
ORD107522,2026-06-20,S05,P09,3,54.00,银行卡
ORD107907,2026-06-23,S03,P17,1,12.00,会员储值
ORD106473,2026-06-14,S01,P01,2,64.00,支付宝
ORD113513,2026-07-31,S05,P05,1,34.00,微信
ORD103138,2026-05-22,S02,P04,1,38.00,会员储值
ORD108886,2026-06-29,S05,P04,1,38.00,现金
ORD108793,2026-06-29,S02,P03,2,52.00,会员储值
ORD115288,2026-08-12,S02,P06,1,45.00,会员储值
ORD112757,2026-07-26,S03,P12,1,8.00,会员储值
ORD106587,2026-06-14,S04,P18,1,18.00,会员储值
ORD108388,2026-06-27,S01,P01,1,32.00,银行卡
ORD111320,2026-07-16,S04,P03,1,26.00,微信
ORD115981,2026-08-16,S04,P09,1,18.00,支付宝
ORD101160,2026-05-08,S05,P19,3,45.00,微信
ORD110202,2026-07-09,S01,P02,1,30.00,会员储值
ORD108527,2026-06-27,S05,P06,1,42.00,现金
ORD103726,2026-05-25,S05,P20,2,44.00,支付宝
ORD109564,2026-07-04,S04,P11,3,78.00,银行卡
ORD111216,2026-07-15,S05,P04,1,38.00,支付宝
ORD115665,2026-08-15,S01,P01,1,32.00,会员储值
ORD106792,2026-06-16,S02,P04,2,76.00,现金
ORD105547,2026-06-07,S01,P08,1,25.00,会员储值
ORD116003,2026-08-16,S05,P19,2,30.00,银行卡
ORD109197,2026-07-02,S02,P15,1,6.00,银行卡
ORD109216,2026-07-02,S03,P05,2,68.00,会员储值
ORD103991,2026-05-27,S05,P03,1,26.00,现金
ORD100077,2026-05-01,S03,P07,1,22.00,现金
ORD111372,2026-07-16,S05,P03,2,52.00,现金
ORD114375,2026-08-06,S02,P18,1,18.00,现金
ORD101775,2026-05-12,S04,P19,2,30.00,支付宝
ORD107165,2026-06-18,S04,P10,2,48.00,现金
ORD106705,2026-06-15,S03,P07,1,22.00,会员储值
ORD101648,2026-05-11,S04,P10,1,24.00,支付宝
ORD105924,2026-06-10,S01,P01,2,64.00,会员储值
ORD110170,2026-07-08,S04,P11,1,26.00,现金
ORD109464,2026-07-04,S02,P16,1,5.00,微信
ORD113465,2026-07-31,S03,P09,1,18.00,微信
ORD110718,2026-07-12,S02,P18,1,18.00,支付宝
ORD101836,2026-05-13,S01,P16,2,10.00,现金
ORD105240,2026-06-05,S03,P07,2,44.00,会员储值
ORD117736,2026-08-29,S03,P05,2,68.00,现金
ORD111351,2026-07-16,S05,P03,2,52.00,银行卡
ORD103203,2026-05-22,S04,P11,1,26.00,会员储值
ORD107979,2026-06-24,S01,P02,1,30.00,银行卡
ORD112602,2026-07-25,S04,P10,2,48.00,现金
ORD112272,2026-07-22,S05,P19,1,15.00,支付宝
ORD112732,2026-07-26,S02,P18,3,54.00,微信
ORD109623,2026-07-05,S01,P06,3,135.00,会员储值
ORD116073,2026-08-17,S03,P13,3,60.00,微信
ORD107624,2026-06-21,S03,P10,1,24.00,现金
ORD111236,2026-07-15,S05,P11,1,26.00,现金
ORD110769,2026-07-12,S04,P09,2,36.00,会员储值
ORD109106,2026-07-01,S03,P14,2,20.00,微信
ORD101883,2026-05-13,S03,P03,1,26.00,会员储值
ORD101103,2026-05-08,S03,P03,1,26.00,微信
ORD111429,2026-07-17,S03,P08,1,25.00,会员储值
ORD112424,2026-07-23,S05,P09,2,36.00,微信
ORD109188,2026-07-02,S02,P05,1,34.00,会员储值
ORD104209,2026-05-29,S03,P08,1,25.00,微信
ORD105819,2026-06-08,S05,P14,1,10.00,现金
ORD105905,2026-06-09,S05,P05,2,68.00,微信
ORD105704,2026-06-07,S05,P10,1,24.00,银行卡
ORD107759,2026-06-22,S02,P05,1,34.00,会员储值
ORD102907,2026-05-20,S03,P02,1,30.00,会员储值
ORD112871,2026-07-26,S05,P19,1,15.00,微信
ORD105196,2026-06-05,S01,P05,1,34.00,微信
ORD105822,2026-06-09,S01,P15,2,12.00,银行卡
ORD115150,2026-08-11,S01,P19,1,15.00,现金
ORD118039,2026-08-31,S01,P14,2,20.00,微信
ORD117489,2026/8/27,S05,P16,2,10.00,微信
ORD110328,2026-07-09,S05,P14,3,30.00,会员储值
ORD111119,2026-07-15,S01,P09,1,18.00,微信
ORD109812,2026-07-06,S01,P11,1,26.00,支付宝
ORD111922,2026-07-20,S01,P01,2,64.00,现金
ORD117901,2026-08-30,S02,P05,2,68.00,微信
ORD103139,2026-05-22,S02,P06,2,84.00,会员储值
ORD112483,2026-07-24,S05,P01,2,64.00,会员储值
ORD107019,2026-06-18,S01,P01,1,32.00,现金
ORD115614,2026-08-14,S04,P10,2,48.00,现金
ORD105990,2026-06-10,S04,P15,1,6.00,会员储值
ORD117312,2026-08-26,S03,P08,1,25.00,现金
ORD116918,2026-08-23,S03,P14,1,10.00,会员储值
ORD104628,2026-05-31,S05,P06,3,126.00,银行卡
ORD109763,2026-07-05,S04,P11,3,78.00,现金
ORD101787,2026-05-12,S04,P13,1,20.00,支付宝
ORD102063,2026-05-14,S05,P19,1,15.00,银行卡
ORD114945,2026-08-09,S04,P21,1,16.00,银行卡
ORD110876,2026-07-13,S02,P05,1,34.00,支付宝
ORD101245,2026-05-09,S03,P14,3,30.00,现金
ORD117675,2026-08-29,S01,P02,1,30.00,现金
ORD105418,2026-06-06,S03,P07,1,22.00,会员储值
ORD111628,2026-07-18,S04,P14,1,10.00,微信
ORD101014,2026-05-07,S05,P19,1,15.00,微信
ORD102025,2026-05-14,S03,P07,1,22.00,会员储值
ORD117562,2026-08-28,S03,P19,1,15.00,会员储值
ORD116400,2026-08-20,S02,P04,3,114.00,支付宝
ORD104611,2026-05-31,S04,P10,1,24.00,银行卡
ORD108334,2026-06-26,S04,P01,1,32.00,支付宝
ORD116195,2026-08-18,S03,P09,1,18.00,现金
ORD102552,2026-05-17,S04,P10,1,24.00,微信
ORD102236,2026-05-16,S01,P02,1,30.00,银行卡
ORD114841,2026-08-09,S02,P05,1,34.00,支付宝
ORD105398,2026-06-06,S03,P13,1,20.00,银行卡
ORD107290,2026-06-19,S04,P05,3,102.00,银行卡
ORD112047,2026-07-21,S01,P07,2,44.00,会员储值
ORD103401,2026-05-23,S05,P03,1,26.00,微信
ORD104601,2026-05-31,S04,P13,2,40.00,微信
ORD108999,2026-06-30,S04,P10,2,48.00,支付宝
ORD115552,2026-08-14,S02,P04,3,114.00,支付宝
ORD108465,2026-06-27,S03,P08,1,25.00,现金
ORD104548,2026-05-31,S02,P05,1,34.00,现金
ORD118024,2026-08-30,S05,P08,1,25.00,微信
ORD108906,2026-06-30,S01,P16,1,5.00,银行卡
ORD112591,2026-07-25,S03,P07,2,44.00,现金
ORD105427,2026-06-06,S03,P16,1,5.00,现金
ORD106461,2026-06-14,S01,P02,3,90.00,会员储值
ORD109857,2026-07-06,S02,P01,1,32.00,银行卡
ORD105913,2026-06-09,S05,P20,1,22.00,现金
ORD107289,2026-06-19,S04,P16,1,5.00,支付宝
ORD105600,2026-06-07,S03,P14,1,10.00,现金
ORD110705,2026-07-12,S02,P03,1,26.00,银行卡
ORD100853,2026-05-06,S03,P08,1,25.00,会员储值
ORD102516,2026-05-17,S03,P08,2,50.00,支付宝
ORD106721,2026-06-15,S04,P10,1,24.00,现金
ORD103955,2026-05-27,S03,P07,2,44.00,银行卡
ORD107818,2026-06-22,S04,P11,1,26.00,现金
ORD109714,2026-07-05,S03,P01,1,32.00,支付宝
ORD109430,2026-07-04,S01,P05,1,34.00,支付宝
ORD105429,2026-06-06,S03,P12,3,24.00,银行卡
ORD110447,2026-07-10,S05,P02,1,30.00,现金
ORD115632,2026-08-14,S05,P01,2,64.00,微信
ORD106339,2026-06-13,S02,P05,2,68.00,现金
ORD116150,2026-08-18,S01,P02,2,60.00,银行卡
ORD103150,2026-05-22,S02,P04,1,38.00,现金
ORD116743,2026-08-22,S04,P05,1,34.00,会员储值
ORD115956,2026-08-16,S03,P08,1,25.00,微信
ORD105194,2026-06-05,S01,P02,1,30.00,支付宝
ORD107396,2026-06-20,S02,P06,1,42.00,银行卡
ORD114417,2026-08-06,S04,P13,1,20.00,微信
ORD100965,2026-05-07,S03,P08,1,25.00,现金
ORD107730,2026-06-22,S01,P01,2,64.00,银行卡
ORD103749,2026-05-25,S05,P07,1,22.00,支付宝
ORD111156,2026-07-15,S02,P06,3,135.00,银行卡
ORD117218,2026-08-25,S04,P10,2,48.00,现金
ORD115132,2026-08-11,S01,P01,2,64.00,现金
ORD106635,2026-06-14,S05,P20,2,44.00,微信
ORD108776,2026-06-29,S01,P03,3,78.00,会员储值
ORD106157,2026-06-12,S02,P02,1,30.00,支付宝
ORD100975,2026-05-07,S03,P18,1,18.00,微信
ORD103131,2026-05-22,S01,P19,1,15.00,会员储值
ORD110688,2026-07-12,S02,P12,1,8.00,微信
ORD103754,2026-05-26,S01,P02,1,30.00,现金
ORD101458,2026-05-10,S03,P05,2,68.00,支付宝
ORD107605,21-06-2026,S03,P03,1,26.00,银行卡
ORD110827,2026-07-12,S05,P02,2,60.00,会员储值
ORD111582,2026-07-18,S02,P06,2,90.00,微信
ORD100523,2026-05-03,S05,P19,2,30.00,微信
ORD111225,2026-07-15,S05,P19,1,15.00,现金
ORD111507,2026-07-18,S01,P14,1,10.00,银行卡
ORD109828,2026-07-06,S01,P12,2,16.00,微信
ORD106978,2026-06-17,S04,P15,1,6.00,银行卡
ORD111066,2026-07-14,S04,P03,1,26.00,微信
ORD103492,2026-05-24,S02,P04,2,76.00,现金
ORD105033,2026-06-03,S05,P09,1,18.00,支付宝
ORD106790,2026-06-16,S02,P17,1,12.00,支付宝
ORD113599,2026-08-01,S02,P06,3,135.00,微信
ORD104384,2026-05-30,S03,P06,1,42.00,银行卡
ORD117328,2026-08-26,S03,P21,2,32.00,银行卡
ORD111534,2026-07-18,S01,P12,1,8.00,支付宝
ORD112142,2026-07-21,S05,P19,2,30.00,支付宝
ORD100261,2026-05-02,S04,P10,1,24.00,支付宝
ORD101877,2026-05-13,S03,P09,1,18.00,支付宝
ORD115932,2026-08-16,S03,P16,1,5.00,支付宝
ORD108052,2026-06-24,S03,P19,2,30.00,支付宝
ORD107590,2026-06-21,S02,P04,1,38.00,微信
ORD116016,2026-08-16,S05,P08,1,25.00,支付宝
ORD115489,2026-08-13,S05,P14,1,10.00,支付宝
ORD106728,2026-06-15,S04,P10,3,72.00,微信
ORD116176,2026-08-18,S03,P07,3,66.00,现金
ORD108006,2026-06-24,S02,P18,2,36.00,会员储值
ORD100156,2026-05-02,S01,P03,2,52.00,现金
ORD102793,2026-05-19,S03,P18,1,18.00,现金
ORD110760,2026-07-12,S03,P08,3,75.00,会员储值
ORD100674,2026-05-05,S01,P17,1,12.00,支付宝
ORD108360,2026-06-27,S01,P12,1,8.00,微信
ORD105426,2026-06-06,S03,P07,1,22.00,支付宝
ORD105487,2026-06-06,S05,P03,2,52.00,会员储值
ORD100055,2026-05-01,S03,P20,2,44.00,现金
ORD100651,2026-05-04,S05,P17,2,24.00,微信
ORD117190,2026-08-25,S03,P09,1,18.00,支付宝
ORD110770,2026-07-12,S04,P03,1,26.00,银行卡
ORD111848,2026-07-19,S04,P18,3,54.00,支付宝
ORD118054,2026-08-31,S01,P03,2,52.00,银行卡
ORD103021,2026-05-21,S02,P06,1,42.00,支付宝
ORD114500,2026-08-07,S02,P11,2,52.00,现金
ORD116985,2026-08-23,S05,P05,1,34.00,现金
ORD115911,2026-08-16,S02,P06,3,135.00,支付宝
ORD108819,2026-06-29,S03,P10,2,48.00,支付宝
ORD105725,2026-06-08,S01,P01,2,64.00,会员储值
ORD109586,2026-07-04,S05,P12,1,8.00,会员储值
ORD114963,2026-08-09,S05,P19,2,30.00,银行卡
ORD113295,2026-07-30,S01,P12,1,8.00,现金
ORD115205,2026-08-11,S04,P10,1,24.00,微信
ORD105459,06-06-2026,S04,P15,2,,会员储值
ORD114644,2026-08-08,S02,P05,1,34.00,支付宝
ORD111598,2026-07-18,S03,P08,2,50.00,支付宝
ORD109078,2026-07-01,S02,P05,2,68.00,微信
ORD104341,2026-05-30,S02,P18,2,36.00,微信
ORD112275,2026-07-22,S05,P03,1,26.00,微信
ORD102246,2026-05-16,S01,P10,1,24.00,银行卡
ORD100916,2026-05-07,S01,P01,1,32.00,银行卡
ORD100937,2026-05-07,S02,P06,1,42.00,支付宝
ORD116760,2026-08-22,S05,P06,2,90.00,会员储值
ORD105067,2026-06-04,S01,P16,1,5.00,支付宝
ORD117435,2026-08-27,S02,P05,1,34.00,会员储值
ORD117685,2026-08-29,S02,P21,1,16.00,微信
ORD100264,2026-05-02,S04,P10,2,48.00,支付宝
ORD101895,2026-05-13,S03,P01,1,32.00,微信
ORD102865,2026-05-20,S01,P10,2,48.00,会员储值
ORD115928,2026-08-16,S03,P07,2,44.00,微信
ORD103485,2026-05-24,S02,P20,3,66.00,银行卡
ORD111880,2026-07-19,S05,P16,2,10.00,银行卡
ORD116805,2026-08-23,S01,P03,1,26.00,微信
ORD100159,2026-05-02,S01,P10,2,48.00,微信
ORD116018,2026-08-16,S05,P08,1,25.00,会员储值
ORD114453,2026-08-06,S05,P03,1,26.00,现金
ORD112834,2026-07-26,S05,P07,1,22.00,银行卡
ORD108748,2026-06-28,S05,P09,1,18.00,微信
ORD101855,2026-05-13,S02,P17,2,24.00,微信
ORD100310,2026-05-02,S05,P17,1,12.00,支付宝
ORD110034,2026-07-07,S04,P20,1,22.00,银行卡
ORD103404,2026-05-23,S05,P13,1,20.00,支付宝
ORD107575,2026-06-21,S02,P05,1,34.00,会员储值
ORD110872,2026-07-13,S02,P05,2,68.00,银行卡
ORD115779,2026-08-15,S04,P20,1,22.00,银行卡
ORD108838,2026-06-29,S03,P08,1,25.00,会员储值
ORD100208,2026-05-02,S03,P08,2,50.00,会员储值
ORD107445,2026-06-20,S03,P13,1,20.00,会员储值
ORD115809,2026-08-15,S05,P03,1,26.00,银行卡
ORD114510,2026-08-07,S02,P18,2,36.00,会员储值
ORD100583,2026-05-04,S03,P13,3,60.00,现金
ORD114843,2026-08-09,S02,P04,2,76.00,支付宝
ORD111995,2026-07-20,S04,P11,1,26.00,微信
ORD109371,2026-07-03,S04,P10,2,48.00,现金
ORD102156,2026-05-15,S03,P11,3,78.00,微信
ORD108221,2026-06-25,S05,P16,2,10.00,现金
ORD117183,2026-08-25,S03,P07,2,44.00,支付宝
ORD101571,2026-05-11,S01,P15,2,12.00,会员储值
ORD107757,2026-06-22,S02,P03,3,78.00,现金
ORD102279,2026-05-16,S02,P04,2,76.00,微信
ORD103126,2026-05-22,S01,P01,1,32.00,现金
ORD112899,2026-07-27,S01,P20,1,22.00,现金
ORD100044,2026-05-01,S02,P05,2,68.00,会员储值
ORD103520,2026-05-24,S03,P06,2,,银行卡
ORD114641,2026-08-08,S02,P05,2,,会员储值
ORD110880,2026-07-13,S02,P19,2,30.00,微信
ORD106787,2026-06-16,S02,P06,2,84.00,微信
ORD117674,2026-08-29,S01,P20,3,66.00,银行卡
ORD117113,2026-08-24,S05,P06,1,45.00,银行卡
ORD113889,2026-08-02,S04,P21,2,32.00,微信
ORD106294,2026-06-13,S01,P17,2,24.00,支付宝
ORD105935,2026-06-10,S01,P18,1,18.00,现金
ORD110347,2026-07-10,S01,P18,1,18.00,支付宝
ORD114571,2026-08-07,S05,P19,1,15.00,现金
ORD117302,2026-08-26,S02,P03,1,26.00,现金
ORD115736,2026-08-15,S03,P07,3,66.00,银行卡
ORD104996,2026-06-03,S04,P10,1,24.00,会员储值
ORD103610,2026-05-24,S05,P07,1,22.00,现金
ORD110976,2026-07-13,S05,P20,1,22.00,会员储值
ORD106738,2026-06-15,S04,P04,2,76.00,现金
ORD105752,2026-06-08,S02,P05,1,34.00,支付宝
ORD117978,2026-08-30,S04,P10,2,48.00,现金
ORD117078,2026-08-24,S04,P21,2,32.00,会员储值
ORD111154,2026-07-15,S02,P10,1,24.00,会员储值
ORD107585,2026-06-21,S02,P04,1,38.00,支付宝
ORD113787,2026-08-02,S02,P04,1,38.00,微信
ORD115183,2026-08-11,S03,P02,2,60.00,微信
ORD102682,2026-05-18,S03,P07,1,22.00,会员储值
ORD108701,2026-06-28,S04,P16,1,5.00,会员储值
ORD111704,2026-07-19,S01,P17,2,24.00,支付宝
ORD104557,2026-05-31,S03,P09,1,18.00,银行卡
ORD108245,2026-06-26,S01,P13,1,20.00,银行卡
ORD117701,2026-08-29,S02,P05,1,34.00,银行卡
ORD111058,2026-07-14,S03,P07,2,44.00,支付宝
ORD113159,2026-07-29,S01,P02,1,30.00,现金
ORD107885,2026-06-23,S02,P04,1,38.00,微信
ORD105390,2026-06-06,S02,P12,3,24.00,支付宝
ORD103642,2026-05-25,S01,P06,2,84.00,微信
ORD107678,2026-06-21,S04,P10,1,24.00,银行卡
ORD101856,2026-05-13,S02,P15,2,12.00,支付宝
ORD115620,2026-08-14,S05,P01,1,32.00,微信
ORD103116,2026-05-22,S01,P01,3,96.00,会员储值
ORD107411,2026-06-20,S03,P09,1,18.00,支付宝
ORD114303,2026-08-05,S04,P10,2,48.00,银行卡
ORD105938,2026-06-10,S01,P09,1,18.00,微信
ORD104554,2026-05-31,S03,P07,2,44.00,会员储值
ORD108795,2026-06-29,S02,P04,1,38.00,支付宝
ORD112323,2026-07-23,S01,P09,2,36.00,现金
ORD111466,2026-07-17,S04,P10,1,24.00,现金
ORD115182,2026-08-11,S03,P15,2,12.00,银行卡
ORD104496,2026/5/31,S01,P01,2,64.00,微信
ORD112247,2026-07-22,S04,P18,1,18.00,现金
ORD116473,2026-08-20,S05,P19,1,15.00,银行卡
ORD102594,2026-05-17,S05,P10,2,48.00,银行卡
ORD118019,2026-08-30,S05,P08,3,75.00,现金
ORD101446,2026-05-10,S03,P17,1,12.00,现金
ORD108845,2026-06-29,S04,P08,1,25.00,会员储值
ORD116506,2026-08-21,S02,P06,3,135.00,现金
ORD114806,2026-08-09,S01,P01,1,32.00,微信
ORD102444,2026-05-17,S01,P01,3,96.00,微信
ORD114835,2026-08-09,S02,P05,1,34.00,银行卡
ORD101776,2026-05-12,S04,P05,2,68.00,支付宝
ORD107560,2026-06-21,S01,P14,1,10.00,会员储值
ORD116366,2026-08-20,S01,P05,1,34.00,银行卡
ORD111721,2026-07-19,S01,P15,1,6.00,微信
ORD101441,2026-05-10,S03,P12,2,16.00,银行卡
ORD117576,2026-08-28,S03,P09,1,18.00,银行卡
ORD107410,2026-06-20,S03,P15,1,6.00,微信
ORD112541,2026-07-25,S02,P08,1,25.00,微信
ORD117164,2026-08-25,S02,P04,1,38.00,会员储值
ORD116870,2026-08-23,S02,P06,1,45.00,会员储值
ORD104887,2026-06-02,S05,P20,2,44.00,银行卡
ORD110714,2026-07-12,S02,P05,1,34.00,现金
ORD110392,2026-07-10,S03,P09,3,54.00,会员储值
ORD100307,2026-05-02,S05,P15,3,18.00,支付宝
ORD117290,2026-08-26,S02,P06,2,90.00,银行卡
ORD116955,2026-08-23,S04,P10,1,24.00,支付宝
ORD103745,2026-05-25,S05,P16,1,5.00,支付宝
ORD111181,2026-07-15,S03,P05,2,68.00,现金
ORD105840,2026-06-09,S01,P15,1,6.00,银行卡
ORD100589,2026-05-04,S03,P03,1,26.00,银行卡
ORD106952,2026-06-17,S03,P07,2,44.00,会员储值
ORD113179,2026-07-29,S02,P05,1,34.00,会员储值
ORD101418,2026-05-10,S02,P03,3,78.00,会员储值
ORD101224,2026-05-09,S02,P04,1,¥38.00,银行卡
ORD102874,2026-05-20,S01,P19,1,15.00,会员储值
ORD117467,2026-08-27,S04,P10,2,48.00,会员储值
ORD105929,2026-06-10,S01,P99,1,32.00,会员储值
ORD103717,2026-05-25,S04,P09,2,36.00,现金
ORD106894,2026-06-17,S01,P12,1,8.00,微信
ORD108143,2026-06-25,S02,P19,1,15.00,银行卡
ORD118111,2026-08-31,S04,P18,1,18.00,现金
ORD104720,2026-06-01,S03,P12,2,16.00,现金
ORD108696,2026-06-28,S04,P11,1,26.00,微信
ORD116101,2026-08-17,S04,P14,1,10.00,微信
ORD107505,2026-06-20,S05,P10,1,24.00,会员储值
ORD109147,2026-07-01,S05,P16,1,5.00,银行卡
ORD106874,2026-06-16,S05,P01,1,32.00,支付宝
ORD100000,2026-05-01,S01,P01,1,32.00,现金
ORD103985,2026-05-27,S04,P10,1,24.00,微信
ORD109357,2026-07-03,S03,P09,2,36.00,现金
ORD116791,2026-08-22,S05,P02,1,30.00,支付宝
ORD112545,2026-07-25,S02,P06,1,45.00,现金
ORD100190,2026-05-02,S02,P01,2,64.00,银行卡
ORD111173,2026-07-15,S03,P15,1,6.00,现金
ORD113296,2026-07-30,S01,P07,1,,支付宝
ORD110235,2026-07-09,S02,P13,2,40.00,支付宝
ORD114613,2026-08-08,S01,P06,2,90.00,微信
ORD105850,2026-06-09,S02,P06,2,84.00,银行卡
ORD115802,2026-08-15,S04,P10,2,48.00,现金
ORD109776,2026-07-05,S05,P13,3,60.00,支付宝
ORD102172,2026-05-15,S04,P11,2,52.00,会员储值
ORD109331,2026-07-03,S02,P04,2,76.00,微信
ORD100824,2026-05-06,S02,P03,1,26.00,支付宝
ORD100461,2026-05-03,S04,P10,1,24.00,银行卡
ORD107584,2026-06-21,S02,P17,1,12.00,银行卡
ORD107974,2026-06-23,S05,P15,2,12.00,支付宝
ORD101748,2026-05-12,S03,P04,2,76.00,会员储值
ORD109440,2026-07-04,S01,P12,1,8.00,银行卡
ORD105565,2026-06-07,S02,P06,1,42.00,现金
ORD112289,2026-07-22,S05,P04,1,38.00,微信
ORD113613,2026-08-01,S02,P05,1,34.00,会员储值
ORD109056,2026-07-01,S02,P04,2,76.00,支付宝
ORD109569,2026-07-04,S04,P10,1,24.00,会员储值
ORD104936,2026-06-03,S02,P01,3,96.00,现金
ORD107105,2026-06-18,S02,P06,1,29.00,现金
ORD115298,2026-08-12,S02,P06,2,90.00,支付宝
ORD106177,2026-06-12,S02,P02,1,30.00,会员储值
ORD117058,2026-08-24,S03,P20,2,44.00,支付宝
ORD105456,2026-06-06,S04,P10,1,24.00,现金
ORD102045,2026-05-14,S04,P03,1,26.00,会员储值
ORD117519,2026-08-28,S01,P02,2,60.00,微信
ORD115578,2026-08-14,S03,P02,1,30.00,支付宝
ORD104514,2026-05-31,S02,P16,1,5.00,支付宝
ORD113126,2026-07-28,S05,P03,1,26.00,银行卡
ORD114520,2026-08-07,S03,P03,2,52.00,支付宝
ORD104503,2026-05-31,S01,P03,1,26.00,微信
ORD115601,2026-08-14,S04,P19,1,15.00,会员储值
ORD109823,2026-07-06,S01,P13,1,20.00,现金
ORD103594,2026-05-24,S05,P16,1,5.00,银行卡
ORD107597,2026-06-21,S02,P10,1,24.00,支付宝
ORD105443,2026-06-06,S04,P14,1,10.00,支付宝
ORD109988,2026-07-07,S02,P17,2,24.00,现金
ORD118087,2026-08-31,S03,P21,1, ¥16.00 ,会员储值
ORD114959,2026-08-09,S05,P08,1,25.00,银行卡
ORD108791,2026-06-29,S02,P04,3,114.00,银行卡
ORD111523,2026-07-18,S01,P02,1,30.00,微信
ORD103169,2026-05-22,S03,P08,1,25.00,微信
ORD106661,2026-06-15,S01,P02,3,90.00,支付宝
ORD111956,2026-07-20,S03,P09,1,18.00,支付宝
ORD105854,2026-06-09,S02,P17,1,12.00,会员储值
ORD115368,2026-08-12,S05,P17,1,12.00,支付宝
ORD101659,2026-05-11,S05,P18,3,54.00,银行卡
ORD104722,2026-06-01, s03,P11,1,26.00,银行卡
ORD114087,2026-13-45,S01,P12,1,8.00,支付宝
ORD117075,2026-08-24,S04,P09,3,54.00,微信
ORD103464,2026-05-24,S01,P13,1,20.00,支付宝
ORD111908,2026-07-20,S01,P15,3,18.00,微信
ORD108027,2026-06-24,S02,P06,1,42.00,支付宝
ORD111889,2026-07-19,S05,P19,1,15.00,微信
ORD116539,2026-08-21,S03,P07,2,44.00,现金
ORD116095,2026-08-17,S04,P17,1,12.00,微信
ORD109736,2026-07-05,S04,P07,3,66.00,微信
ORD118060,2026-08-31,S02,P05,2,68.00,微信
ORD116741,2026-08-22,S04,P13,1,20.00,银行卡
ORD101201,2026-05-09,S01,P04,1,,现金
ORD100196,2026-05-02,S02,P06,1,42.00,会员储值
ORD110697,2026-07-12,S02,P05,1,34.00,银行卡
ORD100177,2026-05-02,S02,P09,2,36.00,现金
ORD106906,17-06-2026,S01,P02,1,30.00,会员储值
ORD110140,2026-07-08,S03,P12,1,8.00,会员储值
ORD100485,2026-05-03,S04,P07,1,22.00,会员储值
ORD109895,2026-07-06,S04,P18,1,18.00,支付宝
ORD115952,2026-08-16,S03,P16,2,10.00,现金
ORD104545,2026-05-31,S02,P04,1,38.00,现金
ORD112709,2026-07-26,S01,P13,2,40.00,微信
ORD113473,2026-07-31,S03,P07,2,44.00,支付宝
ORD106805,2026-06-16,S02,P20,3,66.00,微信
ORD104450,2026-05-30,S05,P17,2,24.00,支付宝
ORD110187,2026-07-08,S05,P12,1,8.00,现金
ORD111371,2026-07-16,S05,P20,1,22.00,会员储值
ORD113886,2026-08-02,S04,P09,2,36.00,现金
ORD103826,2026-05-26,S03,P17,3,36.00,会员储值
ORD101790,2026-05-12, s05,P19,1,15.00,会员储值
ORD104659,2026-05-31,S05,P02,1,30.00,现金
ORD108075,2026-06-24,S04,P05,1,34.00,现金
ORD112341,2026-07-23,S02,P06,2,90.00,支付宝
ORD116693,2026-08-22,S03,P12,1,8.00,会员储值
ORD103798,2026-05-26,S02,P13,1,20.00,支付宝
ORD114194,2026-08-04,S05,P02,2,60.00,现金
ORD106986,2026-06-17,S04,P13,1,20.00,会员储值
ORD106079,2026-06-11,S04,P11,2,52.00,支付宝
ORD107156,2026-06-18,S04,P10,1,24.00,微信
ORD114192,2026-08-04,S05,P20,1,22.00,现金
ORD116096,2026-08-17,S04,P10,1,24.00,银行卡
ORD111379,2026/7/17,S01,P02,1,30.00,支付宝
ORD106453,2026-06-13,S05,P20,1,22.00,银行卡
ORD105329,2026-06-06,S01,P02,2,60.00,微信
ORD111650,2026-07-18,S04,P10,3,72.00,微信
ORD104218,2026-05-29,S03,P05,1,34.00,支付宝
ORD116907,2026-08-23,S03,P18,2,36.00,支付宝
ORD110938,2026-07-13,S04,P17,1,12.00,现金
ORD109802,2026-07-05,S05,P18,2,36.00,会员储值
ORD112350,2026-07-23,S02,P04,2,76.00,微信
ORD113062,2026-07-28,S03,P13,2,40.00,现金
ORD103225,2026-05-22,S05,P19,1,15.00,现金
ORD113506,2026-07-31,S04,P02,3,90.00,微信
ORD114214,2026-08-05,S01,P01,1,32.00,支付宝
ORD109126,2026-07-01,S04,P10,3,72.00,微信
ORD105406,2026-06-06,S03,P09,3,54.00,支付宝
ORD101391,2026-05-10,S01,P02,3,90.00,现金
ORD102239,2026-05-16,S01,P02,1,30.00,微信
ORD115119,2026-08-10,S05,P07,2,44.00,现金
ORD103229,2026-05-22,S05,P03,1,26.00,微信
ORD100882,2026-05-06,S04,P11,2,52.00,支付宝
ORD113412,2026-07-31,S01,P17,1,12.00,银行卡
ORD113486,2026-07-31,S04,P10,2,48.00,会员储值
ORD105472,2026-06-06,S05,P03,1,26.00,支付宝
ORD117969,2026-08-30,S04,P15,1,6.00,微信
ORD114663,2026-08-08,S02,P03,1,26.00,支付宝
ORD114325,2026-08-05,S05,P21,2,32.00,支付宝
ORD103970,2026-05-27,S04,P14,2,20.00,会员储值
ORD115340,2026-08-12,S04,P17,1,12.00,会员储值
ORD104770,2026-06-01,S05,P03,1,26.00,微信
ORD105670,2026-06-07,S04,P11,2,52.00,现金
ORD109648,2026-07-05,S01,P01,2,64.00,会员储值
ORD110752,2026-07-12,S03,P01,1,32.00,银行卡
ORD113364,2026-07-30,S04,P11,1,26.00,银行卡
ORD110456,2026-07-11,S01,P12,1,8.00,银行卡
ORD107147,2026-06-18,S04,P11,1,26.00,微信
ORD114565,2026-08-07,S04,P12,1,8.00,现金
ORD111920,2026-07-20,S01,P01,1,32.00,银行卡
ORD111950,2026-07-20,S02,P06,2,90.00,支付宝
ORD112850,2026-07-26,S05,P05,1,34.00,支付宝
ORD116607,2026-08-22,S01,P09,2,36.00,会员储值
ORD103308,2026-05-23,S02,P07,3,66.00,现金
ORD113407,2026-07-31,S01,P18,1,18.00,支付宝
ORD108599,2026-06-28,S01,P01,1,32.00,现金
ORD102268,2026-05-16,S02,P06,1,42.00,微信
ORD107829,2026-06-22,S05,P14,2,20.00,会员储值
ORD111024,2026-07-14,S02,P06,1,45.00,微信
ORD117188,2026-08-25,S03,P07,1,22.00,微信
ORD107182,2026-06-18,S05,P02,2,60.00,现金
ORD117537,2026-08-28,S02,P01,1,32.00,现金
ORD101600,2026-05-11,S02,P06,1,42.00,微信
ORD106091,2026-06-11,S04,P18,1,18.00,会员储值
ORD100272,2026-05-02,S04,P10,2,48.00,支付宝
ORD102113,2026-05-15,S02,P19,2,30.00,会员储值
ORD109355,2026-07-03,S03,P14,2,20.00,银行卡
ORD105054,2026-06-04,S01,P20,1,22.00,会员储值
ORD116066,2026-08-17,S01,P02,1,30.00,现金
ORD108705,2026-06-28,S04,P10,3,72.00,微信
ORD108327,2026-06-26,S04,P10,1,24.00,现金
ORD111369,2026-07-16,S05,p03,2,52.00,会员储值
ORD116562,2026-08-21,S04,P21,1,16.00,银行卡
ORD101782,2026-05-12,S04,P17,2,24.00,现金
ORD111492,2026-07-17,S05,P01,1,32.00,会员储值
ORD113763,2026-08-02,S01,P02,1,30.00,微信
ORD110305,2026-07-09,S05,P06,1,45.00,支付宝
ORD116267,2026-08-19,S01,P01,1,32.00,银行卡
ORD117682,2026-08-29,S02,P05,3,102.00,微信
ORD109836,2026-07-06,S01,P15,1,6.00,支付宝
ORD105989,2026-06-13,S04,P19,1,-15.00,会员储值
ORD113666,2026-08-01,S04,P02,2,60.00,银行卡
ORD101652,2026-05-11,S04,P15,2,12.00,现金
ORD117975,2026-08-30,S04,P17,1,12.00,支付宝
ORD112188,2026-07-22,S02,P05,1,34.00,支付宝
ORD110158,2026-07-08,S04,P11,1,26.00,会员储值
ORD106597,2026-06-14,S04,P07,1,22.00,支付宝
ORD101653,2026-05-11,S04,P09,1,18.00,支付宝
ORD115997,2026-08-16,S04,P21,1,16.00,现金
ORD106046,2026-06-11,S02,P05,2,68.00,微信
ORD116352,2026-08-19,S05,P12,2,16.00,微信
ORD112376,2026-07-23,S03,P07,2,44.00,微信
ORD100166,2026-05-02,S01,P01,2,64.00,银行卡
ORD109360,2026-07-03,S03,P08,3,75.00,会员储值
ORD104257,2026-05-29,S05,P04,3,114.00,支付宝
ORD102168,2026-05-15,S04,P10,1,24.00,会员储值
ORD103497,2026-05-24,S02,P01,1,32.00,现金
ORD108243,2026-06-26,S01,P14,1,10.00,现金
ORD105617,2026-06-07,S03,P05,1,34.00,支付宝
ORD109767,2026-07-05,S04,P07,1,22.00,会员储值
ORD108266,2026-06-26,S02,P04,1,38.00,会员储值
ORD113810,2026-08-02,S02,P04,1,38.00,现金
ORD102825,2026-05-19,S04,P17,2,24.00,支付宝
ORD113800,2026-08-02,S02,P03,1,26.00,现金
ORD101957,2026-05-14,S01,P02,2,60.00,支付宝
ORD112535,2026-07-25,S02,P02,1,30.00,银行卡
ORD107977,2026-06-23,S05,P05,3,102.00,会员储值
ORD108101,2026-06-24,S05,P03,1,26.00,银行卡
ORD112342,2026-07-23,S02,P03,1,26.00,银行卡
ORD115767,2026-08-15,S04,P17,1,12.00,现金
ORD110406,2026-07-10,S03,P08,1,25.00,支付宝
ORD106808,2026-06-16,S02,P06,2,84.00,会员储值
ORD110176,2026-07-08,S05,P20,2,44.00,会员储值
ORD106946,2026-06-17,S03,P09,1,18.00,支付宝
ORD116054,2026-08-17,S01,P19,1,15.00,银行卡
ORD104472,2026-05-31,S01,P01,1,32.00,微信
ORD107263,2026-06-19,S03,P13,1,20.00,会员储值
ORD104431,2026-05-30,S05,P18,2,36.00,银行卡
ORD107157,2026-06-18,S04,P11,1,26.00,现金
ORD117981,2026-08-30,S04,P01,1,32.00,会员储值
ORD104279,2026-05-30,S01,P02,2,60.00,微信
ORD108551,2026-06-27,S05,P04,1,38.00,会员储值
ORD111979,2026/7/20,S03,P12,2,16.00,支付宝
ORD106602,2026-06-14,S04,P16,1,5.00,银行卡
ORD111591,2026-07-18,S03,P06,1,45.00,支付宝
ORD112661,2026-07-25,S05,P10,1,24.00,银行卡
ORD110038,2026-07-07,S04,P11,2,52.00,支付宝
ORD100830,2026-05-06,S02,P06,2,84.00,支付宝
ORD100641,2026-05-04,S05,P20,1,22.00,银行卡
ORD103456,2026-05-24,S01,P02,1,30.00,会员储值
ORD107797,2026-06-22,S03,P07,1,22.00,会员储值
ORD106893,2026-06-17,S01,P02,1,30.00,会员储值
ORD105796,2026-06-08,S05,P03,1,26.00,支付宝
ORD100519,2026-05-03,S05,P13,1,20.00,会员储值
ORD117589,2026-08-28,S04,P13,2,40.00,会员储值
ORD100929,2026-05-07,S01,P06,2,84.00,现金
ORD104107,2026-05-28,S04,P18,3,54.00,支付宝
ORD107381,2026-06-20,S02,P17,1,12.00,微信
ORD104669,2026-06-01,S01,P01,1,32.00,现金
ORD117655,2026-08-29,S01,P21,2,32.00,会员储值
ORD109587,2026-07-04,S05,P10,2,48.00,现金
ORD109689,2026-07-05,S02,P05,2,68.00,微信
ORD115691,2026-08-15,S02,P19,1,15.00,会员储值
ORD102705,2026-05-18,S04,P11,1,26.00,银行卡
ORD110728,2026-07-12,S03,P08,1,25.00,会员储值
ORD105123,2026-06-04,S03,P20,2,44.00,现金
ORD114491,2026-08-07,S02,P04,1,38.00,支付宝
ORD103525,2026-05-24,S03,P08,2,50.00,银行卡
ORD113014,2026-07-28,S01,P02,1,30.00,支付宝
ORD107077,2026-06-18,S02,P06,2,58.00,支付宝
ORD110937,2026-07-13,S04,P13,1,20.00,支付宝
ORD108469,2026-06-27,S03,P11,3,78.00,支付宝
ORD104755,2026-06-01,S04,P10,2,48.00,银行卡
ORD103776,2026-05-26,S01,P02,1,30.00,银行卡
ORD106006,2026-06-10,S05,P15,3,18.00,会员储值
ORD114640,2026-08-08,S02,P21,3,48.00,现金
ORD112172,2026-07-22,S01,P01,1,32.00,微信
ORD100847,2026-05-06,S03,P01,2,64.00,微信
ORD107071,2026-06-18,S02,P06,1,29.00,现金
ORD113230,2026-07-29,S04,P10,1,24.00,会员储值
ORD104721,2026-06-01,S03,P07,1,22.00,现金
ORD115486,2026-08-13,S04,P12,1,8.00,银行卡
ORD101389,2026-05-10,S01,P09,1,18.00,现金
ORD103279,2026-05-23,S02,P05,1,34.00,现金
ORD116103,2026-08-17,S04,P12,1,8.00,银行卡
ORD116497,2026-08-21,S01,P16,2,10.00,会员储值
ORD107418,2026-06-20,S03,P07,1,22.00,支付宝
ORD101047,2026-05-08,S01,P02,1,30.00,微信
ORD111830,2026-07-19,S04,P11,1,26.00,现金
ORD114271,2026-08-05,S03,P17,1,12.00,微信
ORD112263,2026-07-22,S04,P13,1,20.00,现金
ORD106596,2026-06-14,S04,P18,1,18.00,银行卡
ORD116879,2026-08-23,S02,P04,2,76.00,会员储值
ORD116439,2026-08-20,S04,P15,1,6.00,银行卡
ORD100978,2026-05-07,S03,P19,2,30.00,微信
ORD106010,2026-06-10,S05,P20,2,44.00,支付宝
ORD108205,2026-06-25,S04,P11,1,26.00,微信
ORD103214,2026-05-22,S05,P09,3,54.00,银行卡
ORD105950,2026-06-10,S02,P20,3,66.00,现金
ORD101777,2026-05-12,S04,P16,2,10.00,微信
ORD117613,2026-08-28,S04,P10,3,72.00,银行卡
ORD112016,2026-07-20,S05,P09,1,18.00,微信
ORD116331,2026-08-19,S05,P03,2,52.00,支付宝
ORD117516,2026-08-28,S01,P02,1,30.00,现金
ORD115823,2026-08-15,S05,P19,2,30.00,支付宝
ORD108096,2026-06-24,S05,P07,1,22.00,现金
ORD104661,2026-06-01,S01,P10,1,24.00,银行卡
ORD109794,2026-07-05,S05,P02,3,90.00,现金
ORD102672,2026-05-20,S03,P14,3,-30.00,现金
ORD111098,14-07-2026,S05,P04,2,76.00,银行卡
ORD113855,2026-08-02,S03,P09,1,18.00,微信
ORD111465,2026-07-17,S99,P09,1,18.00,会员储值
ORD100794,2026-05-06,S01,P14,2,20.00,支付宝
ORD104913,2026-06-03,S01,P02,3,90.00,会员储值
ORD112269,2026-07-22,S04,P10,1,24.00,会员储值
ORD111380,2026-07-17,S01,P03,1,26.00,微信
ORD108760,2026-06-28,S05,P17,1,12.00,微信
ORD100067,2026-05-01,S03,P08,2,50.00,现金
ORD109259,2026-07-02,S04,P15,2,12.00,现金
ORD101896,2026-05-13,S03,P09,1,18.00,会员储值
ORD108557,2026-06-27,S05,P20,3,66.00,支付宝
ORD107863,2026-06-23,S01,P08,1,25.00,银行卡
ORD115469,2026-08-13,S04,P10,1,24.00,微信
ORD104440,2026-05-30,S05,P06,1,42.00,微信
ORD116311,2026-08-19,S04,P10,1,24.00,会员储值
ORD103827,2026-05-26,S03,P09,1,18.00,微信
ORD100967,2026-05-07,S03,P18,1,18.00,现金
ORD115276,2026-08-12,S01,P17,1,12.00,支付宝
ORD100471,2026-05-03,S04,P16,1,5.00,现金
ORD110772,2026-07-12,S04,P18,3,54.00,微信
ORD107026,2026-06-18,S01,P02,1,30.00,支付宝
ORD115109,2026-08-10,S05,P01,2,64.00,现金
ORD104565,2026-05-31,S03,P12,3,24.00,现金
ORD117314,2026-08-26,S03,P16,3,15.00,会员储值
ORD104870,2026-06-02,S04,P11,1,26.00,银行卡
ORD108177,2026-06-25,S03,P18,1,18.00,会员储值
ORD112592,2026-07-25,S03,P07,1,22.00,微信
ORD105711,07-06-2026,S05,P17,2,24.00,银行卡
ORD104041,2026-05-28,S01,P18,1,18.00,银行卡
ORD111455,2026-07-17,S04,P10,1,24.00,会员储值
ORD110282,2026-07-09,S04,P10,2,48.00,现金
ORD104801,2026-06-02,S01,P17,1,12.00,微信
ORD117266,2026-08-26,S01,P13,2,40.00,支付宝
ORD103780,2026-05-26,S01,P09,1,18.00,支付宝
ORD112460,2026-07-24,S03,P18,1,18.00,银行卡
ORD109208,2026-07-02,S02,P04,1,38.00,支付宝
ORD106139,2026-06-12,S01,P03,1,,现金
ORD108883,2026-06-29,S05,P19,2,30.00,微信
ORD114962,2026-08-09,S05,P10,2,48.00,现金
ORD116017,2026-08-16,S05,P18,2,36.00,银行卡
ORD102862,2026-05-20,S01,P12,2,16.00,现金
ORD109701,2026-07-05,S03,P07,2,44.00,支付宝
ORD105606,2026-06-07,S03,P09,1,18.00,会员储值
ORD103858,2026-05-26,S05,P20,2,44.00,会员储值
ORD116245,2026-08-18,S05,P12,3,24.00,银行卡
ORD117170,2026-08-25,S02,P06,1,45.00,支付宝
ORD100275,2026-05-02,S04,P12,2,16.00,支付宝
ORD110118,2026-07-08,S02,P19,2,30.00,会员储值
ORD115503,2026/8/13,S05,P20,1,22.00,支付宝
ORD109750,2026-07-05,S04,P12,1,8.00,支付宝
ORD113945,2026-08-03,S01,P12,1,8.00,现金
ORD114158,2026-08-04,S04,P10,1,24.00,银行卡
ORD111751,2026-07-19,S02,P04,2,76.00,现金
ORD115716,2026-08-15,S02,P05,1,34.00,会员储值
ORD105356,2026-06-06,S02,P15,1,6.00,会员储值
ORD106732,2026-06-15,S04,P15,1,6.00,微信
ORD107822,2026-06-22,S04,P10,1,24.00,支付宝
ORD116035,2026-08-16,S05,P03,1,,会员储值
ORD105723,2026-06-08,S01,P02,2,60.00,微信
ORD100165,2026-05-02,S01,P02,1,30.00,银行卡
ORD112132,2026-07-21,S04,P02,1,30.00,银行卡
ORD103174,2026-05-22,S03,P07,2,44.00,现金
ORD112855,2026-07-26,S05,P07,2,44.00,现金
ORD104091,2026-05-28,S04,P10,1,24.00,银行卡
ORD109120,2026-07-01,S04,P11,1,26.00,微信
ORD116407,2026-08-20,S03,P07,1,22.00,微信
ORD103001,2026-05-21,S01,P14,2,20.00,会员储值
ORD109194,2026-07-02,S02,P04,1,38.00,支付宝
ORD108330,2026-06-26,S04,P12,1,8.00,银行卡
ORD108156,2026-06-25,S02,P12,1,8.00,银行卡
ORD110134,2026-07-08,S03,P16,1,5.00,现金
ORD112391,2026-07-23,S04,P10,3,72.00,支付宝
ORD117947,2026-08-30,S03,P18,1,18.00,微信
ORD115701,2026-08-15,S02,P04,2,76.00,会员储值
ORD115750,2026-08-15,S03,P21,1,16.00,现金
ORD102008,2026-05-14,S03,P17,2,24.00,支付宝
ORD106088,2026-06-11,S04,P11,2,52.00,会员储值
ORD102381,2026-05-16,S05,P02,2,60.00,微信
ORD100357,2026-05-03,S01,P01,1,32.00,支付宝
ORD104254,2026-05-29,S05,P18,1,18.00,现金
ORD105681,2026-06-07,S05,P17,1,12.00,会员储值
ORD104591,2026-05-31,S04,P11,1,26.00,支付宝
ORD107185,2026-06-18,S05,P03,3,78.00,现金
ORD101023,2026-05-07,S05,P13,2,40.00,现金
ORD112695,2026-07-26,S01,P20,2,44.00,微信
ORD117008,2026-08-24,S01,P21,1,16.00,微信
ORD107261,2026-06-19,S03,P08,1,25.00,银行卡
ORD112509,2026-07-25,S01,P01,1,32.00,银行卡
ORD107056,2026-06-18,S02,P05,2,68.00,银行卡
ORD103482,2026-05-24,S02,P18,1,18.00,微信
ORD112812,2026-07-26,S04,P03,1,26.00,会员储值
ORD116834,2026-08-23,S01,P10,2,48.00,会员储值
ORD115437,2026-08-13,S02,P06,2,90.00,微信
ORD115606,2026-08-14,S04,P21,1,16.00,银行卡
ORD111806,2026-07-19,S03,P13,1,20.00,现金
ORD116501,2026-08-21,S01,P16,1,5.00,会员储值
ORD104496,2026-05-31,S01,P01,2,64.00,微信
ORD106440,2026-06-13,S05,P10,1,24.00,现金
ORD111105,2026-07-14,S05,P04,3,114.00,支付宝
ORD100204,2026-05-02,S02,P19,1,15.00,银行卡
ORD110368,2026-07-10,S02,P17,1,12.00,银行卡
ORD113841,2026-08-02,S03,P01,2,64.00,现金
ORD118041,2026-08-31,S01,P07,1,22.00,支付宝
ORD108629,2026-06-28,S02,P05,1,34.00,会员储值
ORD105999,2026-06-10,S05,P19,2,30.00,支付宝
ORD111600,2026-07-18,S03,P07,1,22.00,支付宝
ORD101486,2026-05-10,S04,P10,2,48.00,会员储值
ORD100148,2026-05-02,S01,P01,1,32.00,银行卡
ORD103869,2026-05-26,S05,P02,1,30.00,支付宝
ORD100957,2026-05-07,S02,P03,1,26.00,支付宝
ORD101158,2026-05-08,S05,P08,2,50.00,微信
ORD116959,2026-08-23,S04,P18,2,36.00,支付宝
ORD103615,2026-05-24,S05,P17,3,36.00,会员储值
ORD107200,2026-06-19,S01,P09,1,18.00,支付宝
ORD115646,2026-08-15,S01,P04,2,76.00,银行卡
ORD108203,2026-06-25,S04,P18,2,36.00,会员储值
ORD102770,2026-05-19,S02,P14,2,20.00,支付宝
ORD100142,2026-05-03,S01,P01,2,-64.00,银行卡
ORD100225,2026-05-02,S03,P07,1,22.00,银行卡
ORD117003,2026-08-24,S01,P02,1,30.00,会员储值
ORD103933,2026-05-27,S02,P05,1,34.00,会员储值
ORD102632,2026-05-18,S01,P13,1,20.00,现金
ORD116849,2026-08-23,S02,P17,2,,现金
ORD103579,2026-05-24,S04,P10,1,24.00,现金
ORD101700,2026-05-12,S01,P12,2,16.00,银行卡
ORD111014,2026-07-14,S02,P06,3,135.00,支付宝
ORD111701,2026-07-18,S05,P09,1,18.00,现金
ORD114051,2026-08-03,S05,P15,1,6.00,现金
ORD111311,2026-07-16,S03,P03,1,26.00,银行卡
ORD108820,2026-06-29,S03,P16,1,5.00,微信
ORD112721,2026-07-26,S02,P04,1,38.00,会员储值
ORD100181,2026-05-02,S02,P04,1,38.00,现金
ORD101454,2026-05-10,S03,P14,1,10.00,微信
ORD112083,2026-07-21,S03,P08,2,50.00,银行卡
ORD110629,2026-07-11,S05,P13,1,20.00,支付宝
ORD114851,2026-08-09,S02,P01,2,64.00,微信
ORD113209,2026-07-29,S03,P08,1,25.00,现金
ORD103595,2026-05-24,S05,P09,2,36.00,微信
ORD114102,2026-08-04,S02,P04,1,38.00,银行卡
ORD114864,2026-08-09,S02,P06,2,90.00,现金
ORD115108,2026-08-10,S05,P02,2,60.00,支付宝
ORD102866,2026-05-20,S01,P11,1,26.00,支付宝
ORD107330,2026-06-20,S01,P11,2,52.00,支付宝
ORD104602,2026-05-31,S04,P04,1,38.00,会员储值
ORD116723,2026-08-22,S03,P02,2,60.00,微信
ORD111904,2026-07-20,S01,P14,1,10.00,银行卡
ORD117101,2026/8/24,S05,P20,2,,会员储值
ORD102342,2026-05-16,S04,P14,1,10.00,微信
ORD117247,2026-08-25,S05,P21,2,32.00,支付宝
ORD102110,2026-05-15,S02,P14,1,10.00,微信
ORD107348,2026-06-20,S01,P01,2,64.00,支付宝
ORD102186,2026-05-15,S04,P10,1,24.00,现金
ORD106754,15-06-2026,S05,P03,3,78.00,微信
ORD105995,2026-06-10,S04,P03,1,26.00,支付宝
ORD104516,2026-05-31,S02,P05,2,68.00,银行卡
ORD108826,2026-06-29,S03,P14,3,30.00,现金
ORD112236,2026-07-22,S03,P08,1,25.00,支付宝
ORD111368,2026-07-16,S05,P01,2,64.00,会员储值
ORD115567,2026-08-14,S03,P10,1,24.00,支付宝
ORD112414,2026-07-23,S05,P09,1,18.00,会员储值
ORD104198,2026-05-29,S03,P09,1,18.00,支付宝
ORD102138,2026-05-15,S03,P16,3,15.00,支付宝
ORD110356,2026-07-10,S01,P01,2,64.00,支付宝
ORD104417,2026-05-30,S04,P05,1,34.00,现金
ORD101372,2026-05-10,S01,P16,1,5.00,银行卡
ORD107468,2026-06-20,S04,P17,1,12.00,现金
ORD102483,2026-05-17,S02,P06,1,42.00,银行卡
ORD104500,2026-05-31,S01,P06,1,42.00,支付宝
ORD108929,2026-06-30,S02,P16,1,,现金
ORD109135,2026-07-01,S05,P20,3,66.00,银行卡
ORD103115,2026-05-22,S01,P02,1,30.00,银行卡
ORD111377,2026-07-17,S01,P20,2,44.00,现金
ORD115384,2026-08-12,S05,P21,1,16.00,银行卡
ORD110632,2026-07-11,S05,P07,3,66.00,支付宝
ORD117342,2026-08-26,S04,P10,1,24.00,会员储值
ORD113426,2026-07-31,S01,P11,2,52.00,微信
ORD110887,2026-07-13,S02,P04,3,114.00,微信
ORD114702,2026-08-08,S03,P15,2,12.00,会员储值
ORD114217,2026-08-05,S01,P16,2,10.00,支付宝
ORD102882,2026-05-20,S02,P04,1,38.00,现金
ORD106043,2026-06-11,S01,P03,1,26.00,会员储值
ORD101460,2026-05-10,S03,P09,2,36.00,银行卡
ORD117331,2026-08-26,S03,P07,2,44.00,支付宝
ORD105104,2026-06-04,S03,P09,2,36.00,现金
ORD115860,2026-08-16,S01,P21,2,¥32.00,支付宝
ORD113437,2026-07-31,S02,P06,1,45.00,会员储值
ORD110916,2026-07-13,S03,P14,2,20.00,会员储值
ORD112612,2026-07-25,S04,P03,3,78.00,银行卡
ORD100097,2026-05-01,S04,P12,2,16.00,微信
ORD102856,2026-05-19,S05,P07,1,22.00,微信
ORD114329,2026-08-05,S05,P04,1,38.00,微信
ORD117407,2026-08-27,S01,P14,3,30.00,银行卡
ORD106203,2026-06-12,S03,P01,1,32.00,支付宝
ORD105334,06-06-2026,S01,P01,3,96.00,银行卡
ORD101889,2026-05-13,S03,P08,1,25.00,银行卡
ORD115110,2026-08-10,S05,P09,1,18.00,银行卡
ORD106162,2026-06-12,S02,P06,1,42.00,现金
ORD100803,2026-05-06,S01,P13,1,20.00,支付宝
ORD110514,2026-07-11,S02,P06,1,45.00,会员储值
ORD104951,2026-06-03,S02,P05,1,34.00,银行卡
ORD113715,2026-08-01,S05,P03,1,26.00,支付宝
ORD113284,2026-07-30,S01,P02,1,30.00,银行卡
ORD113645,2026-08-01,S03,P21,2,32.00,会员储值
ORD104616,2026-05-31,S04,P11,1,26.00,会员储值
ORD105341,2026-06-06,S01,P19,2,30.00,支付宝
ORD113603,2026-08-01,S02,P06,2,90.00,支付宝
ORD109626,2026-07-05,S01,P14,3,30.00,微信
ORD105826,2026-06-09,S01,P18,3,54.00,支付宝
ORD114989,2026-08-09,S05,P15,1,6.00,银行卡
ORD109764,2026-07-05,S04,P11,2,52.00,会员储值
ORD103644,2026-05-25,S01,P18,2,36.00,微信
ORD102431,2026-05-17,S01,P17,2,24.00,会员储值
ORD113181,2026-07-29,S02,P06,1,45.00,现金
ORD114542,2026-08-07,S04,P21,3,48.00,现金
ORD104559,2026-05-31,S03,P03,3,78.00,银行卡
ORD103265,2026-05-23,S01,P06,2,84.00,微信
ORD112569,2026-07-25,S03,P08,1,25.00,微信
ORD104332,2026-05-30,S02,P04,1,38.00,微信
ORD108788,2026-06-29,S02,P04,1,38.00,银行卡
ORD116644,2026-08-22,S01,P18,2,36.00,银行卡
ORD109379,2026-07-03,S04,P10,2,48.00,支付宝
ORD109885,2026-07-06,S03,P09,1,18.00,支付宝
ORD111916,2026-07-20,S01,P02,2,60.00,支付宝
ORD117859,2026-08-30,S01,P02,3,90.00,支付宝
ORD112724,2026-07-26,S02,P07,3,66.00,现金
ORD117127,2026-08-25,S01,P13,1,20.00,支付宝
ORD108125,2026/6/25,S01,P10,1,24.00,会员储值
ORD111505,2026-07-17,S05,P16,1,5.00,支付宝
ORD103824,2026-05-26,S03,P07,1,22.00,银行卡
ORD109476,2026-07-04,S02,P02,2,60.00,会员储值
ORD106976,2026-06-17,S04,P15,2,12.00,银行卡
ORD115708,2026-08-15,S02,P14,1,10.00,银行卡
ORD101790,2026-05-12,S05,P04,2,76.00,会员储值
ORD115678,2026-08-15,S01,P02,2,60.00,支付宝
ORD107930,2026-06-23,S04,P11,1,26.00,银行卡
ORD117810,2026-08-29,S05,P11,3,78.00,现金
ORD103957,2026-05-27,S03,P16,1,5.00,支付宝
ORD109897,2026-07-06,S04,P10,3,72.00,会员储值
ORD109567,2026-07-04,S04,P18,2,36.00,支付宝
ORD107040,2026-06-18,S01,P07,1,22.00,现金
ORD102493,2026-05-17,S02,P06,2,84.00,微信
ORD111077,2026-07-14,S04,P20,3,66.00,会员储值
ORD110253,2026-07-09,S03,P08,1,25.00,现金
ORD110352,2026-07-10,S01,P14,1,10.00,支付宝
ORD103159,2026-05-22,S03,P10,1,24.00,会员储值
ORD116876,2026-08-23,S02,P14,2,20.00,会员储值
ORD103037,2026-05-21,S03,P12,1,8.00,微信
ORD111199,2026-07-15,S04,P04,2,76.00,现金
ORD112337,2026-07-23,S02,P03,1,26.00,支付宝
ORD109904,2026/7/6,S04,P17,1,12.00,支付宝
ORD109819,2026-07-06,S01,P02,1,30.00,银行卡
ORD110807,2026-07-12,S05,P14,2,20.00,微信
ORD113078,2026-07-28,S03,P02,1,30.00,现金
ORD113277,2026-07-30,S01,P01,2,64.00,微信
ORD100047,2026-05-01,S02,P14,2,20.00,支付宝
ORD106378,2026-06-13,S03,P09,2,36.00,银行卡
ORD100183,2026-05-02,S02,P05,1,34.00,会员储值
ORD112109,2026-07-21,S04,P19,1,15.00,微信
ORD114980,2026-08-09,S05,P03,2,52.00,银行卡
ORD104084,2026-05-28,S03,P11,2,52.00,微信
ORD115103,2026-08-10,S05,P03,1,26.00,会员储值
ORD117870,2026-08-30,S01,P16,2,10.00,现金
ORD106341,2026/6/13,S03,P17,2,24.00,银行卡
ORD115442,2026-08-13,S03,P10,2,48.00,微信
ORD114362,2026-08-06,S02,P21,1,16.00,支付宝
ORD105802,2026-06-08,S05,P20,1,22.00,现金
ORD116724,2026-08-22,S04,P21,1,16.00,会员储值
ORD103071,2026-05-21,S04,P13,3,60.00,支付宝
ORD114353,2026-08-06,S01,P09,1,18.00,微信
ORD117646,2026-08-29,S01,P10,1,24.00,支付宝
ORD106716,2026-06-15,S04,P10,2,48.00,支付宝
ORD108977,2026-06-30,S04,P01,1,32.00,现金
ORD113020,2026-07-28,S01,P19,1,15.00,银行卡
ORD110391,2026-07-10,S03,P07,1,22.00,支付宝
ORD101980,2026-05-14,S02,P11,3,78.00,会员储值
ORD106694,2026-06-15,S03,P07,1,22.00,支付宝
ORD107555,2026-06-21,S01,P16,1,5.00,银行卡
ORD111952,2026-07-20,S02,P04,2,76.00,银行卡
ORD113289,2026-07-30,S01,P01,1,32.00,支付宝
ORD106072,2026-06-11,S04,P10,1,24.00,支付宝
ORD117193,2026-08-25,S03,P16,2,10.00,支付宝
ORD105159,2026-06-04,S05,P06,2,84.00,银行卡
ORD102510,2026-05-17,S03,P09,2,36.00,现金
ORD118125,2026-08-31,S04,P17,2,24.00,微信
ORD114061,2026-08-03,S05,P21,3,48.00,现金
ORD116931,2026-08-23,S04,P03,1,26.00,微信
ORD117134,2026-08-25,S01,P04,1,38.00,会员储值
ORD111892,2026-07-19,S05,P18,2,36.00,银行卡
ORD100269,2026-05-02,S04,P11,2,52.00,会员储值
ORD109759,2026-07-05,S04,P10,1,24.00,会员储值
ORD107931,2026-06-23,S04,P12,1,8.00,会员储值
ORD115405,2026-08-13,S01,P12,1,8.00,微信
ORD102550,2026-05-17,S04,P11,2,52.00,微信
ORD100231,2026-05-02,S03,P07,1,22.00,会员储值
ORD100809,06-05-2026,S02,P06,2,84.00,支付宝
ORD105333,2026-06-06,S01,P01,1,32.00,银行卡
ORD100710,2026-05-05,S03,P04,2,76.00,微信
ORD109677,2026-07-05,S02,P06,1,45.00,会员储值
ORD108937,2026-06-30,S02,P12,3,24.00,会员储值
ORD100059,2026-05-01,S03,P14,3,-30.00,支付宝
ORD117051,2026-08-24,S03,P09,2,36.00,微信
ORD111432,2026-07-17,S03,P09,1,18.00,微信
ORD117004,2026-08-24,S01,P02,1,30.00,现金
ORD107427,2026-06-20,S03,P02,2,60.00,支付宝
ORD108862,2026-06-29,S04,P10,3,72.00,会员储值
ORD103437,2026-05-24,S01,P02,1,30.00,会员储值
ORD105374,2026-06-06,S02,P07,2,44.00,现金
ORD114065,2026-08-03,S05,P09,1,18.00,现金
ORD111604,2026-07-18,S03,P07,2,44.00,支付宝
ORD101478,2026-05-10,S04,P16,3,15.00,银行卡
ORD110927,2026-07-13,S04,P11,2,52.00,支付宝
ORD105020,2026-06-03,S05,P20,2,44.00,银行卡
ORD113401,2026-07-30,S05,P09,1,18.00,会员储值
ORD106609,2026-06-14,S05,P02,1,30.00,现金
ORD100071,2026-05-02,S03,P12,1,-8.00,支付宝
ORD116580,2026-08-21,S05,P12,1,8.00,会员储值
ORD110937,2026-07-13,S04,P10,1,24.00,支付宝
ORD110703,2026-07-12,S02,P05,1,34.00,会员储值
ORD100302,2026-05-02,S05,P01,2,64.00,银行卡
ORD111447,2026-07-17,S03,P09,-1,18.00,微信
ORD115910,2026-08-16,S02,P06,2,90.00,银行卡
ORD102813,2026-05-19,S04,P10,3,72.00,微信
ORD113816,2026-08-02,S02,P06,1,45.00,微信
ORD100147,2026-05-02,S01,P06,1,42.00,支付宝
ORD109950,2026-07-07,S01,P16,1,5.00,微信
ORD107538,2026-06-21,S01,P19,1,15.00,支付宝
ORD117945,2026-08-30,S03,P12,2,16.00,微信
ORD111174,2026-07-15,S03,P09,1,18.00,银行卡
ORD107259,2026-06-19,S03,P07,2,44.00,现金
ORD103275,2026/5/23,S02,P14,1,10.00,微信
ORD113031,2026-07-28,S01,P09,1,18.00,现金
ORD106899,2026-06-17,S01,P15,2,12.00,微信
ORD109825,2026-07-06,S01,P02,1,30.00,微信
ORD105320,2026-06-06,S01,P16,1,5.00,支付宝
ORD117614,2026-08-28,S05,P17,1,12.00,会员储值
ORD111851,2026-07-19,S04,P01,2,64.00,支付宝
ORD105678,2026-06-07,S05,P01,1,32.00,现金
ORD108424,2026-06-27,S02,P04,1,38.00,银行卡
ORD117928,2026-08-30,S03,P21,1,16.00,会员储值
ORD104909,2026-06-02,S05,P03,1,26.00,会员储值
ORD100599,2026-05-04,S03,P14,1,10.00,微信
ORD101199,2026-05-09,S01,P02,2,60.00,银行卡
ORD117172,2026-08-25,S02,P09,2,36.00,微信
ORD100840,2026-05-06,S03,P08,2,50.00,银行卡
ORD104157,2026-05-29,S01,P18,2,36.00,支付宝
ORD115137,2026-08-11,S01,P21,1,16.00,支付宝
ORD105170,2026-06-04,S05,P03,1,26.00,现金
ORD112907,2026-07-27,S02,P06,2,90.00,会员储值
ORD109893,2026-07-06,S04,P18,2,36.00,现金
ORD110353,2026-07-10,S01,P01,1,32.00,银行卡
ORD103481,2026-05-24,S02,P05,1,34.00,现金
ORD110918,2026-07-13,S03,P07,1,22.00,现金
ORD113302,2026-07-30,S02,P11,3,78.00,现金
ORD111713,2026-07-19,S01,P15 ,2,12.00,微信
ORD105497,2026-06-06,S05,P15,3,18.00,现金
ORD110216,2026-07-09,S01,P11,2,52.00,银行卡
ORD117255,2026-08-25,S05,P06,2,90.00,现金
ORD101232,2026-05-09,S02,P03,1,26.00,微信
ORD111094,2026-07-14,S05,P12,1,8.00,微信
ORD113187,2026-07-29,S02,P05,1,34.00,银行卡
ORD101619,2026-05-11,S03,P09,3,54.00,微信
ORD107292,2026-06-19,S04,P04,2,76.00,支付宝
ORD103951,2026-05-27,S03,P12,3,24.00,微信
ORD103419,2026-05-23,S05,P06,1,42.00,现金
ORD100497,2026-05-03,S05,P08,1,25.00,会员储值
ORD106700,2026-06-15,S03,P01,1,32.00,现金
ORD116046,2026-08-17,S01,P21,2,32.00,支付宝
ORD103233,2026-05-23,S01,P15,1,6.00,现金
ORD100323,2026-05-02,S05,P17,1,12.00,支付宝
ORD109450,2026-07-04,S01,P13,3,60.00,会员储值
ORD104728,2026-06-01,S03,P08,2,50.00,支付宝
ORD108551,2026-06-27,S05,P04,1,38.00,会员储值
ORD116874,2026-08-23,S02,P12,2,16.00,现金
ORD114107,2026-08-04,S02,P12,3,24.00,支付宝
ORD106346,2026-06-13,S03,P01,1,32.00,现金
ORD100206,2026-05-02,S03,P11,2,52.00,现金
ORD112056,2026-07-21,S01,P20,2,44.00,支付宝
ORD116280,2026-08-19,S03,P20,1,22.00,现金
ORD100043,2026-05-01,S02,P04,2,76.00,会员储值
ORD107101,2026-06-18,S02,P06,3,87.00,微信
ORD102038,2026-05-14,S04,P14,1,10.00,微信
ORD114113,2026-08-04,S02,P05,1,34.00,支付宝
ORD112262,2026-07-22,S04,P15,1,6.00,支付宝
ORD109784,2026-07-05,S05,P02,1,30.00,现金
ORD111891,2026-07-19,S05,P07,1,22.00,支付宝
ORD115286,2026-08-12,S02,P17,1,12.00,微信
ORD109990,2026-07-07,S02,P03,2,52.00,现金
ORD118050,2026-08-31,S01,P01,1,32.00,微信
ORD100369,2026-05-03,S01,P07,3,66.00,支付宝
ORD110429,2026-07-10,S04,P03,1,26.00,微信
ORD116611,2026-08-22,S01,P21,3,48.00,银行卡
ORD106076,2026-06-11,S04,P04,1,38.00,支付宝
ORD114310,2026-08-05,S04,P20,1,22.00,微信
ORD109127,2026/7/1,S04,P10,1,24.00,微信
ORD117509,2026-08-27,S05,P06,2,90.00,支付宝
ORD106674,2026-06-15,S02,P06,2,84.00,微信
ORD116237,2026-08-18,S05,P21,3,48.00,微信
ORD102593,2026-05-17,S05,P15,1,6.00,现金
ORD114461,2026-08-06,S05,P09,1,18.00,会员储值
ORD104047,2026-05-28,S02,P20,1,22.00,银行卡
ORD118001,2026-08-30,S05,P18,1,18.00,现金
ORD106429,2026-06-13,S05,P20,3,66.00,支付宝
ORD110917,2026-07-13,S03,P15,2,12.00,微信
ORD110797,2026-07-12,S04,P09,2,36.00,银行卡
ORD107887,2026-06-23,S02,P05,1,34.00,支付宝
ORD108166,2026-06-25,S03,P07,2,44.00,会员储值
ORD115144,2026-08-11,S01,P21,2,32.00,支付宝
ORD101657,2026-05-11,S04,P11,3,78.00,现金
ORD111700,2026-07-18,S05,P03,1,26.00,微信
ORD112035,2026-07-21,S01,P03,1,26.00,银行卡
ORD110881,2026-07-13,S02,P10,1,24.00,现金
ORD110564,2026-07-11,S03,P09,3,54.00,会员储值
ORD105573,2026-06-07,S02,P06,1,42.00,微信
ORD109901,2026-07-06,S04,P12,1,8.00,支付宝
ORD102654,2026-05-18,S02,P15,1,6.00,银行卡
ORD105947,2026-06-10,S01,P18,1,18.00,银行卡
ORD104919,2026-06-03,S01,P02,3,90.00,银行卡
ORD112902,2026-07-27,S02,P06,2,90.00,会员储值
ORD110897,2026-07-13,S03,P07,1,22.00,会员储值
ORD108058,2026-06-24,S04,P11,1,26.00,支付宝
ORD104629,2026-05-31,S05,P06,1,42.00,会员储值
ORD116288,2026-08-19,S03,P16,1,5.00,现金
ORD110205,2026-07-09,S01,P12,1,8.00,支付宝
ORD104010,2026-05-27,S05,P05,1,34.00,支付宝
ORD110486,2026-07-11,S01,P01,1,32.00,银行卡
ORD101857,2026-05-13,S02,P02,2,60.00,支付宝
ORD114321,2026-08-05,S05,P21,1,16.00,现金
ORD108725,2026-06-28,S04,P10,2,48.00,现金
ORD112936,2026-07-27,S03,P08,2,50.00,会员储值
ORD118089,2026-08-31,S03,P07,1,22.00,微信
ORD110478,2026-07-11,S01,P05,2,68.00,支付宝
ORD103284,2026-05-23,S02,P16,3,15.00,现金
ORD109395,2026-07-03,S05,P20,2,44.00,微信
ORD104182,2026-05-29,S02,P04,2,76.00,支付宝
ORD116523,2026-08-21,S02,P18,2,36.00,支付宝
ORD112124,2026-07-21,S04,P15,1,6.00,微信
ORD105667,2026-06-07,S04,P10,2,48.00,会员储值
ORD108419,2026-06-27,S02,P06,1,42.00,银行卡
ORD104763,2026-06-01,S05,P13,1,20.00,银行卡
ORD109934,06-07-2026,S05,P09,3,54.00,支付宝
ORD108778,2026-06-29,S01,P12,1,8.00,支付宝
ORD109837,2026-07-06,S01,P02,1,30.00,支付宝
ORD100344,2026-05-03,S01,P14,1,10.00,银行卡
ORD114249,2026-08-05,S02,P00,2,76.00,现金
ORD108774,2026-06-29,S01,P12,2,16.00,银行卡
ORD111244,2026-07-16,S01,P02,1,30.00,支付宝
ORD116752,2026-08-22,S04,P18,1,18.00,支付宝
ORD101663,2026-05-11,S05,P03,1,26.00,银行卡
ORD110262,2026-07-09,S03,P06,1,45.00,支付宝
ORD116839,2026-08-23,S01,P02,1,30.00,银行卡
ORD107735,2026-06-22,S01,P07,1,22.00,银行卡
ORD117506,2026-08-27,S05,P01,1,32.00,会员储值
ORD103969,2026-05-27,S04,P15,3,18.00,微信
ORD100758,2026-05-05,S05,P03,1,26.00,银行卡
ORD104691,2026-06-01,S02,P06,1,42.00,微信
ORD105520,2026-06-07,S01,P04,2,76.00,现金
ORD111280,2026-07-16,S02,P05,2,68.00,支付宝
ORD105037,2026-06-03,S05,P03,1,26.00,现金
ORD114136,2026-08-04,S03,P17,2,24.00,会员储值
ORD113198,2026-07-29,S03,P10,3,72.00,支付宝
ORD101870,2026-05-13,S03,P06,2,84.00,银行卡
ORD105330,2026-06-06,S01,P02,2,60.00,会员储值
ORD103845,2026-05-26,S04,P05,1,34.00,支付宝
ORD108493,2026-06-27,S04,P10,1,24.00,微信
ORD108307,2026-06-26,S03,P08,1,25.00,现金
ORD109758,2026-07-05,S04,P13,1,20.00,银行卡
ORD114552,2026-08-07,S04,P10,2,48.00,微信
ORD101407,2026-05-10,S02,P06,2,84.00,微信
ORD107233,2026-06-19,S02,P06,2,84.00,银行卡
ORD105595,2026-06-07,S02,P06,1,42.00,现金
ORD112787,2026-07-26,S03,P08,2,50.00,会员储值
ORD111143,2026-07-15,S02,P19,1,15.00,会员储值
ORD105075,2026-06-04,S02,P16,1,5.00,会员储值
ORD112230,2026-07-22,S03,P07,1,22.00,微信
ORD114507,2026-08-07,S02,P21,3,48.00,现金
ORD117132,2026-08-25,S01,P21,2,32.00,支付宝
ORD105053,2026/6/4,S01,P20,2,44.00,银行卡
ORD113386,2026-07-30,S05,P19,1,15.00,会员储值
ORD111152,2026-07-15,S02,P16,2,10.00,支付宝
ORD108393,2026-06-27,S01,P02,1,30.00,会员储值
ORD101404,2026-05-10,S02,P04,1,38.00,会员储值
ORD103591,2026-05-24,S05,P20,2,44.00,银行卡
ORD110618,2026-07-11,S05,P03,1,26.00,现金
ORD105062,2026-06-04,S01,P01,3,96.00,支付宝
ORD109411,2026-07-03,S05,P04,2,76.00,支付宝
ORD100028,2026-05-01,S02,P02,1,30.00,银行卡
ORD112055,2026-07-21,S01,P01,1,32.00,银行卡
ORD109518,2026-07-04,S03,P03,1,26.00,银行卡
ORD104974,2026-06-04,S03,P08,1,-25.00,银行卡
ORD116294,2026-08-19,S03,P08,1,25.00,微信
ORD107146,2026-06-18,S03,P07,2,44.00,会员储值
ORD113236,2026-07-29,S04,P10,2,48.00,微信
ORD112798,2026-07-26,S04,P11,1,26.00,微信
ORD109889,2026-07-06,S04,P16,1,5.00,支付宝
ORD114081,2026-08-04,S01,P12,1,8.00,微信
ORD113899,2026-08-02,S05,P06,1,45.00,银行卡
ORD100445,2026-05-03,S03,P09,2,36.00,会员储值
ORD102849,2026-05-19,S05,P02,3,90.00,会员储值
ORD115386,2026-08-13,S01,P02,1,30.00,现金
ORD109634,2026-07-05,S01,P20,2,44.00,现金
ORD116841,2026-08-23,S01,P14,1,10.00,微信
ORD110380,2026-07-10,S02,P05,2,68.00,银行卡
ORD109414,2026-07-03,S05,P06,2,90.00,银行卡
ORD105610,2026-06-07,S03,P09,3,54.00,微信
ORD114307,2026-08-05,S04,P10,1,24.00,微信
ORD100865,2026-05-06,S04,P17,1,12.00,现金
ORD117630,2026-08-28,S05,P11,1,26.00,微信
ORD114123,2026-08-04,S02,P17,1,12.00,银行卡
ORD104312,2026-05-30,S02,P10,2,48.00,会员储值
ORD110150,2026-07-08,S04,P13,2,40.00,现金
ORD104380,2026-05-30,S03,P03,2,52.00,现金
ORD102424,2026-05-17,S01,P09,1,18.00,支付宝
ORD108120,2026-06-25,S01,P14,2,20.00,现金
ORD102140,2026-05-15,S03,P09,3,54.00,会员储值
ORD105548,2026-06-07,S01,P02,1,30.00,微信
ORD107228,2026-06-19,S02,P06,1,42.00,银行卡
ORD117532,2026-08-28,S01,P21,1,16.00,会员储值
ORD103592,2026-05-24,S05,P03,2,52.00,支付宝
ORD110068,2026-07-08,S01,P20,2,44.00,微信
ORD115260,2026-08-12,S01,P01,1,32.00,现金
ORD117977,2026-08-30,S04,P15,1,6.00,支付宝
ORD113974,2026-08-03,S02,P04,2,76.00,支付宝
ORD100255,2026-05-02,S04,P04,1,38.00,现金
ORD116343,2026-08-19,S05,P02,3,,银行卡
ORD115184,2026-08-11,S03,P07,2,44.00,支付宝
ORD101752,2026-05-12,S03,P10,2,48.00,会员储值
ORD103897,2026-05-27,S01,P03,1,26.00,银行卡
ORD105890,2026-06-09,S04,P10,2,48.00,会员储值
ORD100010,2026-05-01,S01,P04,3,114.00,微信
ORD111396,2026-07-17,S01,P10,3,72.00,会员储值
ORD103568,2026-05-24,S04,P04,1,38.00,微信
ORD117323,2026-08-26,S03,P07,1,22.00,会员储值
ORD105876,2026-06-09,S04,P10,3,72.00,支付宝
ORD106535,2026-06-14,S03,P10,1,24.00,现金
ORD109443,2026-07-04,S01,P02,2,60.00,会员储值
ORD104948,2026-06-03,S02,P01,1,32.00,银行卡
ORD115711,2026-08-15,S02,P02,3,90.00,现金
ORD105642,2026-06-07,S04,P10,1,24.00,银行卡
ORD108945,2026-06-30,S02,P04,3,114.00,支付宝
ORD118149,2026-08-31,S05,P20,1,22.00,会员储值
ORD108544,2026-06-27,S05,P18,1,18.00,会员储值
ORD100494,2026-05-03,S05,P20,1,22.00,银行卡
ORD101414,2026-05-10,S02,P07,1,22.00,会员储值
ORD105555,2026-06-07,S02,P13,1,20.00,微信
ORD103267,2026-05-23,S01,P11,1,26.00,微信
ORD106644,2026-06-15,S01,P16,1,5.00,支付宝
ORD109859,2026-07-06,S02,P06,2,90.00,支付宝
ORD116286,2026-08-19,S03,P11,1,26.00,银行卡
ORD110787,2026-07-15,S04,P11,1,-26.00,现金
ORD107763,2026-06-23,S02,P03,1,-26.00,微信
ORD111334,2026-07-16,S04,P12,1,8.00,会员储值
ORD115645,2026-08-15,S01,P14,1,10.00,会员储值
ORD110010,2026-07-07,S03,P07,1,22.00,微信
ORD108529,2026-06-27,S05,P02,2,60.00,支付宝
ORD115194,2026-08-11,S03,P13,1,20.00,银行卡
ORD115560,2026-08-14,S02,P21,1,16.00,银行卡
ORD113789,2026-08-02,S02,P14,1,10.00,微信
ORD107799,2026-06-22,S04,P07,3,66.00,现金
ORD110794,2026-07-12,S04,P15,2,12.00,银行卡
ORD111539,2026-07-18,S01,P10,2,48.00,银行卡
ORD102235,2026-05-16,S01,P13,1,20.00,银行卡
ORD112294,2026-07-22,S05,P06,2,90.00,会员储值
ORD107789,2026-06-22,S03,P08,1,25.00,会员储值
ORD110996,2026-07-14,S01,P01,1,32.00,银行卡
ORD110132,2026-07-08,S03,P08,3,75.00,银行卡
ORD115131,2026-08-11,S01,P02,2,60.00,银行卡
ORD106491,2026-06-14,S01,P01,1,32.00,银行卡
ORD105901,2026-06-09,S05,P20,2,44.00,现金
ORD100755,2026-05-05,S04,P18,3,54.00,现金
ORD110866,2026-07-13,S01,P02,1,30.00,微信
ORD110912,2026-07-13,S03,P07,3,66.00,银行卡
ORD114717,2026-08-08,S04,P15,3,18.00,现金
ORD103166,2026-05-22,S03,P09,1,18.00,支付宝
ORD104584,2026-05-31,S03,P06,2,84.00,现金
ORD113634,2026-08-01,S03,P21,1,16.00,支付宝
ORD101929,2026-05-13,S05,P99,2,76.00,支付宝
ORD102934,2026-05-20,S04,P10,2,48.00,微信
ORD109158,2026-07-02,S01,P05,2,68.00,银行卡
ORD100025,2026-05-01,S01,P02,2,60.00,支付宝
ORD110193,2026-07-08,S05,P18,1,18.00,现金
ORD102929,2026-05-20,S03,P08,2,50.00,会员储值
ORD110285,2026-07-09,S04,P15,1,6.00,会员储值
ORD116508,2026-08-21,S02,P15,2,12.00,微信
ORD106109,2026-06-11,S05,P08,1,25.00,支付宝
ORD114804,2026-08-09,S01,P05,2,68.00,微信
ORD104697,2026-06-01,S02,P18,1,18.00,支付宝
ORD117449,2026-08-27,S03,P08,1,-25.00,微信
ORD104070,2026-05-28,S03,P12,1,8.00,现金
ORD107120,2026-06-18,S03,P09,3,54.00,现金
ORD106619,2026-06-14,S05,P03,1,26.00,银行卡
ORD115800,2026-08-15,S04,P18,1,18.00,现金
ORD101154,2026-05-08,S05,P19,-1,15.00,银行卡
ORD111022,2026-07-14,S02,P04,3,114.00,银行卡
ORD104730,2026-06-01,S03,P07,2,44.00,现金
ORD104810,2026-06-02,S02,P04,3,114.00,现金
ORD102809,2026-05-19,S03,P09,1,18.00,支付宝
ORD101946,2026-05-13,S05,P16,3,15.00,现金
ORD104168,2026-05-29,S01,P12,1,8.00,银行卡
ORD111030,2026-07-14,S02,P11,1,26.00,现金
ORD104309,2026-05-30,S01,P17,1,12.00,现金
ORD113041,2026-07-28,S02,P06,3,135.00,支付宝
ORD115481,2026-08-13,S04,P05,3,102.00,支付宝
ORD117094,2026-08-24,S04,P17,2,24.00,会员储值
ORD100915,2026-05-07,S01,P01,1,32.00,支付宝
ORD110332,2026-07-10,S01,P02,3,90.00,现金
ORD107908,2026-06-23,S03,P19,2,30.00,现金
ORD100412,2026-05-03,S03,P09,1,18.00,银行卡
ORD112062,2026-07-21,S02,P04,2,76.00,微信
ORD101317,2026-05-09,S04,P11,2,52.00,微信
ORD108296,2026-06-26,S03,P12,2,16.00,现金
ORD102916,2026-05-20,S03,P08,2,50.00,会员储值
ORD101522,2026-05-10,S05,P01,2,64.00,现金
ORD103427,2026-05-23,S05,P01,3,96.00,微信
ORD103753,2026-05-26,S01,P01,3,96.00,微信
ORD111980,2026-07-20,S04,P11,2,52.00,微信
ORD106761,2026-06-15,S05,P10,1,24.00,现金
ORD103472,2026-05-24,S02,P03,3,78.00,微信
ORD109755,2026-07-05,S04,P08,1,25.00,银行卡
ORD102597,2026-05-17,S05,P18,1,18.00,会员储值
ORD110828,2026-07-12,S05,P03,1,26.00,现金
ORD107569,2026-06-21,S02,P06,1,42.00,支付宝
ORD103486,2026-05-24,S02,P05,1,34.00,银行卡
ORD110294,2026-07-09,S04,P10,2,48.00,会员储值
ORD102738,2026-05-19,S01,P01,1,32.00,微信
ORD105458,2026-06-06,S04,P18,2,36.00,支付宝
ORD113941,2026-08-03,S01,P21,2,32.00,现金
ORD100693,2026-05-05,S02,P03,3,78.00,现金
ORD116021,2026-08-16,S05,P21,1,16.00,会员储值
ORD113640,2026-08-01,S03,P15,1,6.00,微信
ORD100140,2026-05-02,S01,P05,1,34.00,支付宝
ORD118028,2026-08-30,S05,P12,1,8.00,现金
ORD116191,2026-08-18,S03,P09,1,18.00,现金
ORD116340,2026-08-19,S05,P03,3,78.00,银行卡
ORD110736,2026-07-12,S03,P16,1,5.00,支付宝
ORD105185,2026-06-05,S01,P01,2,64.00,微信
ORD103252,2026-05-26,S01,P19,1,-15.00,微信
ORD107256,2026-06-19,S03,P03,1,26.00,现金
ORD114770,2026-08-08,S05,P20,2,44.00,微信
ORD115920,2026-08-16,S03,P07,1,22.00,支付宝
ORD116830,2026-08-23,S01,P07,1,22.00,会员储值
ORD117833,2026-08-29,S05,P03,2,52.00,银行卡
ORD112197,2026-07-22,S02,P06,1,45.00,银行卡
ORD106251,2026-06-12,S05,P20,2,44.00,银行卡
ORD106817,2026-06-16,S03,P09,1,18.00,会员储值
ORD113205,2026-07-29,S03,P11,2,52.00,微信
ORD100006,2026-05-01,S01,P14,1,10.00,微信
ORD104819,2026-06-02,S02,P05,1,34.00,现金
ORD104949,2026-06-03,S02,P03,1,26.00,支付宝
ORD108538,2026-06-27,S05, p19,1,15.00,支付宝
ORD101442,2026-05-10,S03,P08,3,75.00,会员储值
ORD100541,2026-05-04,S01,P12,1,8.00,微信
ORD117090,2026-08-24,S04,P01,3,96.00,支付宝
ORD114889,2026-08-09,S03,P08,3,75.00,银行卡
ORD112953,2026-07-27,S04,P10,1,24.00,支付宝
ORD108478,2026-06-27,S03,P07,1,22.00,微信
ORD102127,2026-05-15,S02,P05,1,34.00,现金
ORD116772,2026-08-22,S05,P19,1,15.00,微信
ORD106832,2026-06-16,S03,P07,2,44.00,会员储值
ORD109203,2026-07-02,S02,P06,2,90.00,现金
ORD107060,2026-06-18,S02,P14,2,20.00,银行卡
ORD103083,2026-05-21,S05,P10,1,24.00,银行卡
ORD109454,2026-07-04,S01,P18,2,36.00,支付宝
ORD117604,2026-08-28,S04,P10,1,24.00,会员储值
ORD114197,2026-08-04,S05,P04,2,76.00,会员储值
ORD117015,2026-08-24,S01,P14,1,10.00,会员储值
ORD117657,2026-08-29,S01,P15,1,6.00,银行卡
ORD101263,2026-05-09,S03,P10,1,24.00,微信
ORD106495,2026-06-14,S02,P16,2,10.00,现金
ORD111191,2026-07-15,S04,P17,2,24.00,微信
ORD102823,2026-05-19,S04,P03,1,26.00,支付宝
ORD108745,2026-06-28,S05,P01,2,64.00,银行卡
ORD108426,2026-06-27,S02,P13,2,40.00,银行卡
ORD117813,2026-08-29,S05,P21,1,16.00,支付宝
ORD108992,2026-06-30,S04,P13,3,60.00,支付宝
ORD100391,2026-05-03,S02,P04,1,38.00,银行卡
ORD104080,2026-05-28,S03,P09,1,18.00,现金
ORD104973,2026-06-03,S03,P10,1,24.00,现金
ORD115399,2026-08-13,S01,P02,2,60.00,现金
ORD108116,2026-06-25,S01,P19,1,15.00,会员储值
ORD113600,2026-08-01,S02,P16,2,10.00,支付宝
ORD105247,2026-06-05,S03,P13,1,20.00,微信
ORD105064,2026-06-04,S01,P15,1,6.00,支付宝
ORD114477,2026-08-07,S01,P16,1,5.00,支付宝
ORD115988,2026-08-16,S04,P10,2,48.00,支付宝
ORD104708,2026-06-01,S02,P06,3,126.00,微信
ORD109214,2026-07-02,S03,P07,1,22.00,微信
ORD110729,2026-07-12,S03,P09,1,18.00,会员储值
ORD109243,2026-07-02,S04,P11,1,,会员储值
ORD102827,2026-05-19,S04,P11,1,26.00,微信
ORD114455,2026-08-06,S05,P20,1,22.00,银行卡
ORD100111,2026-05-01,S05,P02,3,90.00,银行卡
ORD114868,2026-08-09,S02,P06,2,90.00,现金
ORD112601,2026-07-25,S04,P11,1,26.00,支付宝
ORD114675,2026-08-08,S03,P12,1,8.00,会员储值
ORD101057,2026-05-08,S01,P13,2,40.00,支付宝
ORD111481,2026-07-17,S05,P02,1,30.00,现金
ORD117279,2026/8/26,S01,P13,1,20.00,现金
ORD117229,2026-08-25,S04,P20,2,44.00,微信
ORD101329,2026-05-09,S05,P15,2,12.00,现金
ORD100781,2026-05-06,S01,P17,1,12.00,支付宝
ORD109731,2026-07-05,S03,P08,2,50.00,支付宝
ORD107108,2026-06-18,S02,P06,1,29.00,微信
ORD102485,2026-05-17,S02,P04,1,38.00,微信
ORD102815,2026-05-19,S04,P03,1,26.00,现金
ORD108732,2026/6/28,S05,P12,2,16.00,微信
ORD109496,2026-07-04,S02,P16,2,10.00,微信
ORD107100,2026-06-18,S02,P06,3,87.00,会员储值
ORD102251,2026-05-16,S01,P01,1,32.00,微信
ORD109665,2026-07-05,S02,P05,1,34.00,微信
ORD115470,2026-08-13,S04,P10,1,24.00,银行卡
ORD116612,2026-08-22,S01,P21,1,16.00,银行卡
ORD114505,2026-08-07,S02,P16,1,5.00,会员储值
ORD112895,2026-07-27,S01,P01,1,32.00,银行卡
ORD112725,2026/7/26,S02,P12,1,8.00,现金
ORD106493,2026-06-14,S02,P06,1,42.00,银行卡
ORD102641,2026-05-18,S02,P13,1,20.00,现金
ORD108644,2026-06-28,S03,P09,1,18.00,现金
ORD109792,2026-07-05,S05,P05,3,102.00,会员储值
ORD112542,2026-07-25,S02,P10,1,24.00,现金
ORD112372,2026-07-23,S03,P08,1,25.00,银行卡
ORD108155,2026-06-25,S02,P05,2,68.00,微信
ORD116935,2026-08-23,S04,P10,3,72.00,支付宝
ORD110500,2026-07-11,S02,P06,1,45.00,支付宝
ORD110851,2026-07-13,S01,P02,1,30.00,现金
ORD114738,2026-08-08,S04,P11,1,26.00,银行卡
ORD100395,2026-05-03,S02,P18,1,18.00,微信
ORD116794,2026-08-22,S05,P20,1,22.00,银行卡
ORD109154,2026-07-01,S05,P14,1,10.00,会员储值
ORD105216,2026-06-05,S02,P04,2,76.00,支付宝
ORD110365,2026/7/10,S02,P02,1,¥30.00,支付宝
ORD113454,2026-07-31,S02,P06,3,135.00,微信
ORD115559,2026-08-14,S02,P15,1,6.00,现金
ORD106207,2026-06-12,S03,P12,1,8.00,现金
ORD116623,2026-08-22,S01,P11,1,26.00,银行卡
ORD102546,2026-05-17,S04,P12,1,8.00,会员储值
ORD111468,2026-07-17,S04,P10,3,72.00,支付宝
ORD113104,2026-07-28,S04,P10,2,48.00,微信
ORD115323,2026-08-12,S03,P07,1,22.00,微信
ORD103660,2026-05-25,S02,P19,2,30.00,微信
ORD103125,2026-05-22,S01,P08,1,25.00,支付宝
ORD115003,2026-08-10,S01,P10,3,72.00,支付宝
ORD117715,2026-08-29,S02,P05,2,68.00,微信
ORD108323,2026-06-26,S04,P15,2,12.00,银行卡
ORD113957,2026-08-03,S01,P18,2,36.00,支付宝
ORD102613,2026-05-18,S01,P02,3,90.00,微信
ORD107377,2026-06-20,S02,P09,2,36.00,支付宝
ORD101313,2026-05-09,S04,P03,2,52.00,支付宝
ORD110518,2026-07-11,S02,P17,1,12.00,微信
ORD113197,2026-07-29,S03,P01,1,32.00,现金
ORD113904,2026-08-02,S05,P19,1,15.00,银行卡
ORD115803,2026-08-15,S04,P06,1,45.00,会员储值
ORD118133,2026-08-31,S05,P06,1,-45.00,支付宝
ORD112467,2026/7/24,S04,P03,2,,微信
ORD116320,2026-08-19,S04,P10,2,48.00,支付宝
ORD109530,2026-07-04,S03,P02,2,,会员储值
ORD100920,2026-05-07,S01,P12,1,8.00,会员储值
ORD102666,2026-05-18,S03,P17,1,12.00,微信
ORD103049,2026-05-21,S03,P17,1,12.00,会员储值
ORD117430,2026-08-27,S02,P04,1,38.00,银行卡
ORD103617,2026-05-24,S05,P19,2,30.00,微信
ORD117789,2026-08-29,s04,P14,1,10.00,现金
ORD113327,2026-07-30,S03,P03,2,52.00,现金
ORD102110,2026-05-15,S02,P14,1,10.00,微信
ORD115709,2026-08-15,S02,P05,1,34.00,微信
ORD103806,2026-05-26,S02,P02,1,30.00,银行卡
ORD112737,2026-07-26,S02,P15,2,12.00,微信
ORD104588,2026-05-31,S04,P11,1,26.00,现金
ORD101846,2026-05-13,S02,P06,1,42.00,现金
ORD108215,2026-06-25,S05,P12,1,8.00,银行卡
ORD103698,2026-05-25,S04,P10,1,24.00,现金
ORD100124,2026-05-01,S05,P09,1,18.00,支付宝
ORD115649,2026-08-15,S01,P17,1,12.00,支付宝
ORD112856,2026-07-26,S05,P08,1,25.00,会员储值
ORD101427,2026-05-10,S02,P06,1,42.00,支付宝
ORD113107,2026-07-28,S04,P10,2,48.00,银行卡
ORD101332,2026-05-09,S05,P12,1,8.00,微信
ORD112128,2026-07-21,S04,P12,2,16.00,现金
ORD108934,2026-06-30,S02,P04,1,38.00,银行卡
ORD102419,2026-05-17,S01,P12,1,8.00,会员储值
ORD115732,2026-08-15,S03,P21,1,16.00,会员储值
ORD116161,2026-08-18,S01,P01,1,32.00,现金
ORD108856,2026-06-29,S04,P10,2,48.00,现金
ORD108967,2026-06-30,S03,P05,1,34.00,会员储值
ORD103402,2026-05-23,S05,P04,1,38.00,银行卡
ORD112251,2026-07-22,S04,P10,2,48.00,微信
ORD101397,2026-05-10,S02,P06,1,42.00,会员储值
ORD108257,2026-06-26,S02,P01,1,32.00,支付宝
ORD116983,2026-08-23,S05,P07,1,22.00,银行卡
ORD117061,2026-08-24,S03,P18,2,36.00,现金
ORD103529,2026-05-24,S03,P17,1,12.00,微信
ORD106943,2026-06-17,S03,P06,1,42.00,支付宝
ORD108207,2026-06-25,S04,P11,2,52.00,支付宝
ORD113933,2026-08-02,S05,P20,3,66.00,会员储值
ORD107544,2026-06-21,S01,P02,2,60.00,现金
ORD105993,2026-06-10,S04,P07,1,22.00,支付宝
ORD110335,2026-07-10,S01,P02,1,30.00,会员储值
ORD100400,2026-05-03,S02,P04,1,38.00,微信
ORD116801,2026-08-22,S05,P02,2,60.00,现金
ORD110057,2026-07-07,S05,P09,1,18.00,微信
ORD100705,2026-05-05,S03,P07,1,22.00,银行卡
ORD113039,2026-07-28,S02,P05,1,34.00,微信
ORD113150,2026-07-29,S01,P02,2,60.00,会员储值
ORD115478,2026-08-13,S04,P13,2,40.00,支付宝
ORD101266,2026-05-09,S03,P04,3,114.00,会员储值
ORD106823,2026-06-16,S03,P03,2,52.00,会员储值
ORD107035,2026-06-18,S01,P13,1,20.00,银行卡
ORD108651,2026-06-28,S03,P07,1,22.00,微信
ORD107214,2026-06-19,S01,P02,1,30.00,现金
ORD113168,2026-07-29,S02,P04,1,38.00,会员储值
ORD100707,2026-05-05,S03,P09,1,18.00,现金
ORD110540,2026-07-11,S03,P07,1,22.00,银行卡
ORD104942,2026-06-03,S02,P04,1,38.00,现金
ORD115294,2026-08-12,S02,P06,1,45.00,支付宝
ORD107066,2026-06-18,S02,P06,3,87.00,银行卡
ORD110908,2026-07-13,S03,P09,1,18.00,支付宝
ORD107800,2026-06-22,S04,P13,1,20.00,现金
ORD103274,2026-05-23,S02,P04,1,38.00,银行卡
ORD107422,2026-06-20,S03,P07,2,44.00,现金
ORD109982,2026-07-07,S02,P16,1,5.00,微信
ORD110131,2026-07-08,S03,P08,1,25.00,现金
ORD116453,2026-08-20,S05,P01,1,32.00,微信
ORD103218,2026-05-22,S05,P12,1,8.00,银行卡
ORD113798,2026-08-02,S02,P21,1,16.00,会员储值
ORD109407,2026-07-03,S05,P07,2,44.00,微信
ORD110804,2026-07-12,S05,P15,2,12.00,现金
ORD104385,2026-05-30,S03,P13,1,20.00,会员储值
ORD111462,2026-07-17,S04,P04,3,114.00,银行卡
ORD111884,2026-07-19,S05,P13,1,20.00,会员储值
ORD102331,2026-05-16,S03,P08,3,75.00,会员储值
ORD105476,2026-06-06,S05,P09,2,36.00,银行卡
ORD106362,2026-06-13,S03,P07,2,44.00,支付宝
ORD104275,2026-05-30,S01,P13,1,20.00,支付宝
ORD116637,2026-08-22,S01,P06,2,90.00,会员储值
ORD114512,2026-08-07,S02,P04,2,76.00,会员储值
ORD106671,2026-06-15,S02,P05,1,34.00,银行卡
ORD101645,2026-05-11,S04,P11,3,78.00,现金
ORD109998,2026-07-07,S03,P18,1,18.00,支付宝
ORD113576,2026-08-01,S02,P05,1,34.00,会员储值
ORD115187,2026-08-11,S03,P06,3,135.00,微信
ORD106513,2026-06-14,S02,P12,2,16.00,支付宝
ORD109180,2026-07-02,S01,P13,3,60.00,现金
ORD116862,2026-08-23,S02,P05,1,34.00,支付宝
ORD110444,2026-07-10,S05,P19,1,15.00,银行卡
ORD116298,2026-08-19,S03,P08,1,25.00,现金
ORD111187,2026-07-15,S04,P11,1,26.00,会员储值
ORD110923,2026-07-13,S03,P15,2,12.00,现金
ORD115433,2026-08-13,S02,P06,2,90.00,银行卡
ORD109236,2026-07-02,S03,P08,3,75.00,微信
ORD105192,2026-06-05,S01,P12,1,8.00,支付宝
ORD114883,2026-08-09,S03,P07,1,22.00,微信
ORD115595,2026-08-14,S04,P18,1,18.00,支付宝
ORD115858,2026-08-16,S01,P09,2,36.00,支付宝
ORD105202,2026-06-05,S01,P04,1,38.00,会员储值
ORD110090,2026-07-08,S01,P13,1,20.00,银行卡
ORD103558,2026-05-24,S04,P10,2,48.00,银行卡
ORD110080,2026-07-08,S01,P14,1,10.00,现金
ORD109153,2026-07-01,S05,P12,1,8.00,支付宝
ORD100756,2026-05-05,S05,P15,1,6.00,支付宝
ORD102587,2026-05-17,S05,P19,1,-15.00,银行卡
ORD108331,2026-06-26,S04,P18,1,18.00,微信
ORD106720,2026-06-15,S04,P15,1,6.00,微信
ORD108811,2026-06-29,S02,P06,2,84.00,支付宝
ORD105265,2026-06-05,S04,P10,2,48.00,支付宝
ORD104541,2026-05-31,S02,P11,1,26.00,支付宝
ORD105515,2026-06-07,S01,P14,3,30.00,微信
ORD101532,2026-05-10,S05,P04,1,38.00,支付宝
ORD104593,2026-05-31,S04,P10,2,48.00,支付宝
ORD116894,,S03,P02,1,30.00,现金
ORD103340,2026-05-23,S03,P07,2,44.00,支付宝
ORD114292,2026-08-05,S04,P10,2,48.00,银行卡
ORD103822,2026-05-26,S03,P13,2,40.00,会员储值
ORD100061,2026-05-01,S03,P18,2,36.00,微信
ORD105671,2026-06-07,S04,P11,1,26.00,微信
ORD107912,2026-06-23,S03,P01,1,32.00,支付宝
ORD100880,2026-05-06,S04,P10,1,24.00,银行卡
ORD113745,2026-08-02,S01,P09,2,36.00,现金
ORD112232,2026-07-22,S03,P07,1,22.00,现金
ORD107130,2026-06-18,S03,P13,2,40.00,支付宝
ORD114322,2026-08-05,S05,P18,2,36.00,银行卡
ORD113038,2026-07-28,S02,P05,2,68.00,现金
ORD103165,2026-05-22,S03,P07,1,22.00,银行卡
ORD114010,2026-08-03,S03,P15,1,6.00,现金
ORD116519,2026-08-21,S02,P14,1,10.00,银行卡
ORD106854,2026-06-16,S04,P11,1,26.00,银行卡
ORD103690,2026-05-25,S03,P07,1,22.00,银行卡
ORD100657,2026-05-05,S01,P17,1,12.00,银行卡
ORD108275,2026/6/26,S02,P99,1,5.00,支付宝
ORD103737,2026-05-25,S05,P13,2,40.00,微信
ORD105026,2026-06-03,S05,P12,1,8.00,支付宝
ORD105405,2026-06-06,S03,P06,1,42.00,微信
ORD108162,2026-06-25,S03,P08,2,50.00,微信
ORD101482,2026-05-10,S04,P07,1,22.00,银行卡
ORD107810,2026-06-22,S04,P01,2,64.00,支付宝
ORD116817,2026-08-23,S01,P01,1,32.00,现金
ORD102378,2026-05-16,S04,P11,1,26.00,会员储值
ORD101638,2026-05-11,S04,P17,2,24.00,银行卡
ORD107601,2026-06-21,S02,P18,3,54.00,微信
ORD116749,2026-08-22,S04,P15,2,12.00,微信
ORD108171,2026-06-25,S03,P07,2,44.00,现金
ORD110245,2026-07-09,S02,P05,1,34.00,支付宝
ORD116388,2026-08-20,S02,P04,1,38.00,现金
ORD114745,2026-08-08,S04,P10,1,24.00,支付宝
ORD116202,2026-08-18,S04,P10,2,48.00,微信
ORD116485,2026-08-21,S01,P16,1,5.00,微信
ORD116037,2026-08-16,S05,P08,1,25.00,支付宝
ORD118092,2026-08-31,S03,P08,2,50.00,现金
ORD101695,2026-05-12,S01,P07,1,22.00,微信
ORD105233,2026-06-05,S02,P05,1,34.00,支付宝
ORD114836,2026-08-09,S02,P05,2,68.00,银行卡
ORD107366,2026-06-20,S02,P05,3,102.00,微信
ORD111753,2026-07-19,S02,P04,1,38.00,现金
ORD107636,2026-06-21,S03,P16,1,5.00,银行卡
ORD101906,2026-05-13,S04,P18,1,18.00,现金
ORD105269,2026-06-05,S04,P16,1,5.00,现金
ORD101202,2026-05-09,S02,P09,1,18.00,支付宝
ORD110311,2026-07-09,S05,P05,1,34.00,微信
ORD115324,2026-08-12,S03,P09,3,54.00,微信
ORD108223,2026-06-25,S05,P04,1,38.00,支付宝
ORD110877,2026-07-13,S02,P15,1,6.00,微信
ORD106980,2026-06-17,S04,P03,2,52.00,银行卡
ORD107881,2026-06-23,S02,P05,1,34.00,现金
ORD100102,2026-05-01,S04,P17,1,12.00,支付宝
ORD104226,2026-05-29,S04,P11,1,26.00,支付宝
ORD106600,2026-06-14,S04,P17,1,12.00,现金
ORD104477,2026-05-31,S01,P01,1,32.00,微信
ORD116777,2026-08-22,S05,P13,2,40.00,会员储值
ORD111080,2026-07-14,S04,P03,1,26.00,现金
ORD103350,2026-05-23,S04,P03,3,78.00,微信
ORD116904,2026-08-23,S03,P21,1,16.00,微信
ORD115114,2026-08-10,S05,P08,3,75.00,会员储值
ORD101552,2026-05-10,S05,P17,2,24.00,银行卡
ORD108815,2026-06-29,S03,P04,1,38.00,支付宝
ORD106565,2026-06-14,S04,P10,2,48.00,微信
ORD112681,2026-07-26,S01,P02,3,90.00,会员储值
ORD105882,2026-06-09,S04,P04,3,114.00,微信
ORD109461,2026-07-04,S01,P15,2,12.00,现金
ORD108910,2026-06-30,S01,P02,1,30.00,现金
ORD108818,2026-06-29,S03,P08,1,25.00,微信
ORD106591,2026-06-14,S04,P15,1,6.00,微信
ORD110755,2026-07-12,S03,P08,3,75.00,微信
ORD110812,2026-07-12,S05,P10,1,24.00,会员储值
ORD107023,2026-06-18,S01,P13,2,40.00,支付宝
ORD100355,2026-05-03,S01,P03,1,26.00,现金
ORD111626,2026-07-18,S04,P01,1,32.00,会员储值
ORD114302,05-08-2026,S04,P15,2,12.00,微信
ORD106588,2026-06-14,S04,P11,1,26.00,银行卡
ORD117889,2026-08-30,S02,P10,1,24.00,现金
ORD101864,2026-05-13,S02,P04,1,38.00,现金
ORD106188,2026-06-12,S03,P07,1,22.00,微信
ORD103433,2026-05-24,S01,P02,2,60.00,微信
ORD113864,2026-08-02,S04,P18,1,18.00,支付宝
ORD117065,2026-08-24,S03,P07,2,44.00,支付宝
ORD110015,2026-07-07,S04,P15,1,6.00,会员储值
ORD105733,2026-06-08,S01,P02,1,30.00,微信
ORD112808,2026-07-26,S04,P11,1,26.00,现金
ORD115894,2026-08-16,S02,P06,3,135.00,现金
ORD112256,2026-07-22,S04,P10,1,24.00,银行卡
ORD117392,2026-08-27,S01,P02,1,30.00,银行卡
ORD114925,2026-08-09,S04,P19,2,30.00,会员储值
ORD101178,2026-05-09,S01,P02,2,60.00,支付宝
ORD103480,2026-05-24,S02,P05,1,34.00,现金
ORD102322,2026/5/16,S03,P08,1,25.00,现金
ORD107471,2026-06-20,S04,P10,1,24.00,微信
ORD103678,2026-05-25,S03,P13,1,20.00,银行卡
ORD113193,2026-07-29,S02,P16,2,10.00,支付宝
ORD115225,2026-08-11,S04,P02,3,90.00,微信
ORD110143,2026-07-08,S03,P09,1,18.00,会员储值
ORD105867,2026-06-09,S02,P04,1,38.00,支付宝
ORD104056,2026-05-28,S02,P03,3,78.00,会员储值
ORD117700,2026-08-29,S02,P05,2,68.00,会员储值
ORD114685,2026-08-08,S03,P21,1,16.00,银行卡
ORD111407,2026-07-17,S02,P06,2,90.00,微信
ORD111079,2026-07-14,S04,P13,1,20.00,支付宝
ORD105655,2026-06-07,S04,P20,2,44.00,现金
ORD111655,2026-07-18,S04,P11,2,52.00,会员储值
ORD114019,2026-08-03,S04,P11,1,26.00,会员储值
ORD101952,2026-05-14,S01,P02,2,60.00,微信
ORD112837,2026-07-26,S05,P04,1,38.00,支付宝
ORD103120,2026-05-22,S01,P15,2,12.00,银行卡
ORD105590,2026-06-07,S02,P06,2,84.00,会员储值
ORD117841,2026-08-30,S01,P20,1,22.00,会员储值
ORD103802,2026-05-26,S02,P04,1,38.00,微信
ORD110436,2026-07-10,S05,P20,3,,银行卡
ORD113903,2026-08-02,S05,P12,2,16.00,银行卡
ORD102967,2026-05-20,S05,P09,1,18.00,银行卡
ORD111393,2026-07-17,S01,P01,1,32.00,银行卡
ORD101831,2026-05-13,S01,P01,3,96.00,微信
ORD111456,2026-07-17,S04,P18,2,36.00,微信
ORD100423,2026-05-03,S03,P07,1,22.00,微信
ORD102481,2026-05-17,S02,P06,3,126.00,会员储值
ORD112279,2026-07-22,S05,P03,1,26.00,支付宝
ORD101862,2026-05-13,S02,P01,1,32.00,微信
ORD115676,2026-08-15,S01,P01,3,96.00,现金
ORD113674,2026-08-01,S04,P16,3,15.00,现金
ORD102319,2026-05-16,S03,P16,1,5.00,现金
ORD110822,2026-07-12,S05,P15,2,12.00,支付宝
ORD115431,2026-08-13,S02,P21,3,48.00,支付宝
ORD109785,2026-07-05,S05,P03,1,26.00,微信
ORD102452,2026-05-17,S01,P15,1,6.00,现金
ORD101162,2026-05-08,S05,P06,1,42.00,支付宝
ORD102886,2026-05-20,S02,P04,1,38.00,现金
ORD106954,2026-06-17,S03,P20,2,44.00,银行卡
ORD110270,2026-07-09,S03,P03,1,26.00,微信
ORD113171,2026-07-29,S02,P14,1,10.00,支付宝
ORD116380,2026-08-20,S02,P06,1,45.00,会员储值
ORD103600,2026-05-24,S05,P19,2,30.00,支付宝
ORD117689,2026-08-29,S02,P04,1,38.00,微信
ORD105715,2026-06-08,S01,P15,1,6.00,会员储值
ORD111039,2026-07-14,S03,P07,1,22.00,银行卡
ORD116171,2026-08-18,S03,P07,1,22.00,支付宝
ORD100351,2026-05-03,S01,P09,1,18.00,支付宝
ORD115787,2026-08-15,S04,P03,1,26.00,银行卡
ORD109342,2026-07-03,S03,P09,1,18.00,银行卡
ORD105323,2026-06-06,S01,P11,2,52.00,支付宝
ORD117911,2026-08-30,S02,P06,1,45.00,支付宝
ORD107012,2026-06-17,S05,P14,1,10.00,会员储值
ORD102687,2026-05-18,S04,P08,3,75.00,现金
ORD101878,2026-05-13,S03,P02,2,60.00,支付宝
ORD112795,2026-07-26,S04,P10,1,24.00,银行卡
ORD111067,2026-07-14,S04,P04,2,76.00,现金
ORD101093,2026-05-08,S03,P09,1,18.00,会员储值
ORD103384,2026-05-23,S04,P07,3,66.00,会员储值
ORD117874,2026-08-30,S01,P14,2,20.00,银行卡
ORD108727,2026-06-28,S05,P05,1,34.00,会员储值
ORD116260,2026-08-19,S01,P18,2,36.00,支付宝
ORD101869,2026-05-13,S03,P04,2,76.00,银行卡
ORD105260,2026-06-05,S04,P01,2,64.00,微信
ORD115612,2026-08-14,S04,P21,1,16.00,现金
ORD104376,2026-05-30,S03,P09,1,18.00,银行卡
ORD112567,2026-07-25,S03,P08,1,25.00,微信
ORD112619,2026-07-25,S04,P14,1,10.00,支付宝
ORD103650,2026-05-25,S02,P04,2,76.00,会员储值
ORD109232,2026-07-02,S03,P16,2,10.00,支付宝
ORD116811,2026-08-23,S01,P02,1,30.00,支付宝
ORD109561,2026-07-04,S04,P10,3,72.00,银行卡
ORD102773,2026-05-19,S02,P04,1,38.00,会员储值
ORD114774,2026-08-08,S05,P15,1,6.00,微信
ORD105918,2026-06-09,S05,P16,2,10.00,银行卡
ORD100317,2026-05-02,S05,P06,1,42.00,微信
ORD109113,2026-07-01,S04,P12,3,24.00,会员储值
ORD105471,2026-06-06,S04,P11,3,78.00,会员储值
ORD116192,2026-08-18,S03,P19,1,15.00,银行卡
ORD105533,2026-06-07,S01,P13,1,20.00,会员储值
ORD114203,2026-08-04,S05,P07,1,22.00,支付宝
ORD110809,2026-07-12,S05,P05,1,34.00,银行卡
ORD101537,2026-05-10,S05,P02,3,90.00,现金
ORD113859,2026-08-02,S04,P16,1,5.00,会员储值
ORD110320,2026-07-09,S05,P20,3,66.00,现金
ORD107428,2026-06-20,S03,P07,1,22.00,支付宝
ORD117586,2026-08-28,S04,P07,1,22.00,银行卡
ORD105292,2026-06-05,S05,P20,1,22.00,银行卡
ORD101627,2026-05-11,S03,P08,1,25.00,现金
ORD100924,2026-05-07,S01,P01,1,32.00,银行卡
ORD112116,2026-07-21,S04,P10,2,48.00,银行卡
ORD111549,2026-07-18,S02,P05,1,34.00,微信
ORD117752,2026-08-29,S03,P08,1,25.00,会员储值
ORD114159,2026-08-04,S04,P21,2,32.00,现金
ORD117998,2026-08-30,S05,P19,2,30.00,银行卡
ORD107155,2026-06-18,S04,P11,3,78.00,银行卡
ORD115672,2026-08-15,S01,P02,2,60.00,微信
ORD110113,2026-07-08,S02,P05,1,34.00,会员储值
ORD109290,2026-07-03,S01,P13,2,40.00,银行卡
ORD113909,2026-08-02,S05,P14,2,20.00,会员储值
ORD114986,2026-08-09,S05,P13,1,20.00,会员储值
ORD101810,2026-05-12,S05,P05,2,68.00,银行卡
ORD106191,2026-06-12,S03,P07,3,66.00,微信
ORD117920,2026-08-30,S03,P14,1,10.00,会员储值
ORD103394,2026-05-23,S05,P07,3,66.00,现金
ORD100984,2026-05-07,S04,P03,1,26.00,微信
ORD103661,2026-05-25,S02,P05,2,68.00,现金
ORD113196,2026-07-29,S03,P08,3,75.00,银行卡
ORD106656,2026-06-15,S01,P03,2,52.00,微信
ORD102836,2026-05-19,S05,P06,1,42.00,现金
ORD116635,2026-08-22,S01,P02,1,30.00,支付宝
ORD108803,2026-06-29,S02,P06,3,126.00,会员储值
ORD117249,2026-08-25,S05,P02,2,60.00,支付宝
ORD106775,2026-06-16,S01,P13,1,20.00,微信
ORD104791,2026-06-02,S01,P02,2,60.00,微信
ORD110626,2026-07-11,S05,P06,1,45.00,银行卡
ORD101031,2026-05-07,S05,P12,1,8.00,会员储值
ORD104176,2026-05-29,S02,P07,1,22.00,银行卡
ORD116619,2026-08-22,S01,P13,2,40.00,支付宝
ORD104707,2026-06-01,S02,P06,2,84.00,银行卡
ORD114174,2026-08-04,S04,P03,1,26.00,微信
ORD106907,2026-06-17,S01,P13,2,40.00,微信
ORD117126,2026-08-25,S01,P02,1,30.00,会员储值
ORD108916,2026-06-30,S01,P02,1,30.00,现金
ORD107521,2026-06-20,S05,P09,1,18.00,支付宝
ORD101465,2026-05-10,S03,P13,1,20.00,支付宝
ORD106078,2026-06-11,S04,P03,1,26.00,现金
ORD111603,2026-07-18,S03,P18,1,18.00,会员储值
ORD115845,2026-08-16,S01,P01,1,32.00,微信
ORD107571,2026-06-21,S02,P18,3,54.00,现金
ORD107365,2026-06-20,S01,P16,1,5.00,支付宝
ORD102461,2026-05-17,S02,P06,2,84.00,支付宝
ORD109312,2026-07-03,S01,P16,1,5.00,微信
ORD110460,2026-07-11,S01,P12,1,8.00,银行卡
ORD112139,2026-07-21,S05,P01,1,32.00,银行卡
ORD102266,2026-05-16,S02,P06,1,42.00,现金
ORD101170,2026-05-09,S01,P12,2,16.00,银行卡
ORD106234,2026-06-12,S04,P17,1,12.00,银行卡
ORD107456,2026-06-20,S04,P10,1,,现金
ORD115038,2026-08-10,S02,P03,3,78.00,支付宝
ORD112281,2026-07-22,S05,P02,2,60.00,现金
ORD100126,2026-05-01,S05,P07,1,22.00,微信
ORD115148,2026-08-11,S01,P07,1,22.00,会员储值
ORD110302,2026-07-09,S05,P08,1,25.00,支付宝
ORD101287,2026-05-09,S04,P03,1,26.00,银行卡
ORD108145,2026-06-25,S02,P19,1,15.00,银行卡
ORD115792,2026-08-15,S04,P03,3,78.00,银行卡
ORD112149,2026-07-21,S05,P02,0,30.00,现金
ORD114970,2026-08-09,S05,P09,1,18.00,微信
ORD115724,2026-08-15,S02,P21,1,16.00,银行卡
ORD105145,2026-06-04,S04,P03,2,52.00,会员储值
ORD106845,2026-06-16,S04,P11,1,26.00,现金
ORD113057,2026-07-28,S02,P02,2,60.00,微信
ORD117453,2026-08-27,S03,P15,1,6.00,微信
ORD106758,2026-06-15,S05,P03,2,52.00,银行卡
ORD116987,2026-08-23,S05,P03,1,26.00,银行卡
ORD101376,2026-05-10,S01,P07,1,22.00,银行卡
ORD107451,2026-06-20,S04,P18,2,36.00,银行卡
ORD104408,2026-05-30,S04,P12,1,8.00,银行卡
ORD115811,2026-08-15,S05,P01,3,96.00,微信
ORD101851,2026-05-13,S02,P05,3,102.00,支付宝
ORD107407,2026-06-20,S03,P12,1,8.00,现金
ORD112265,2026-07-22,S04,P18,1,18.00,银行卡
ORD112519,2026-07-25,S01,P16,1,5.00,会员储值
ORD111945,2026-07-20,S02,P14,1,10.00,银行卡
ORD111581,2026-07-18,S02,P06,1,45.00,支付宝
ORD109305,2026-07-03,S01,P18,1,18.00,会员储值
ORD106282,2026-06-13,S01,P13,2,40.00,会员储值
ORD109159,2026-07-02,S01,P08,1,25.00,现金
ORD112532,2026-07-25,S02,P04,1,38.00,会员储值
ORD118091,2026-08-31,S03,P07,1,22.00,支付宝
ORD103147,2026-05-22,S02,P04,1,38.00,现金
ORD101987,2026-05-14,S02,P04,1,38.00,银行卡
ORD113392,2026-07-30,S05,P20,2,44.00,微信
ORD101802,2026-05-12,S05,P16,1,5.00,现金
ORD100066,2026-05-01,S03,P03,1,26.00,微信
ORD110820,2026-07-12,S05,P07,2,44.00,现金
ORD104099,2026/5/28,S04,P18,1,,现金
ORD100201,2026-05-02,S02,P06,2,84.00,微信
ORD108758,2026-06-28,S05,P06,1,42.00,现金
ORD107751,2026-06-22,S01,P01,1,32.00,支付宝
ORD116698,2026-08-22,S03,P07,2,44.00,银行卡
ORD113887,2026-08-02,S04,P02,1,30.00,支付宝
ORD116786,2026-08-22,S05,P01,3,96.00,会员储值
ORD108756,2026-06-28,S05,P14,1,10.00,现金
ORD111872,2026-07-19,S05,P19,1,15.00,支付宝
ORD116255,2026-08-19,S01,P06,1,45.00,支付宝
ORD108630,2026-06-28,S02,P05,1,34.00,会员储值
ORD115454,2026-08-13,S03,P13,2,40.00,银行卡
ORD108749,2026-06-28,S05,P08,1,25.00,微信
ORD105083,2026-06-04,S02,P03,1,26.00,银行卡
ORD103195,2026-05-22,S04,P18,3,54.00,会员储值
ORD114896,2026-08-09,S03,P12,1,8.00,支付宝
ORD112163,2026-07-22,S01,P19,1,15.00,微信
ORD112319,2026/7/23,S01,p02,2,60.00,支付宝
ORD117823,2026-08-29,S05,P08,2,50.00,银行卡
ORD116800,2026-08-22,S05,P03,1,26.00,支付宝
ORD112231,2026-07-22,S03,P17,3,36.00,微信
ORD101096,2026-05-08,S03,P01,2,64.00,现金
ORD104714,2026-06-01,S03,P07,1,22.00,会员储值
ORD102022,2026-05-14,S03,P14,1,10.00,会员储值
ORD104255,2026-05-29,S05,P19,1,15.00,现金
ORD113895,2026-08-02,S04,P10,2,48.00,银行卡
ORD115870,2026-08-16,S01,P01,1,32.00,支付宝
ORD114741,2026-08-08,S04,P09,3,54.00,会员储值
ORD110093,2026-07-08,S01,P13,2,40.00,银行卡
ORD104195,2026-05-29,S02,P17,2,24.00,现金
ORD102619,2026-05-18,S01,P15,2,12.00,微信
ORD102425,2026-05-17,S01,P12,1,8.00,现金
ORD105494,2026-06-06,S05,P01,1,32.00,现金
ORD102326,2026-05-16,S03,P07,1,22.00,现金
ORD102572,2026-05-17,S04,P11,1,26.00,银行卡
ORD117049,2026-08-24,S03,P09,1,18.00,支付宝
ORD104585,2026-05-31,S03, p07,1,22.00,现金
ORD105082,2026-06-04,S02,P18,1,18.00,现金
ORD113287,2026-07-30,S01,P17,3,36.00,现金
ORD105534,2026-06-07,S01,P20,1,22.00,会员储值
ORD102303,2026-05-16,S03,P03,1,26.00,微信
ORD111821,2026-07-19,S04,P11,2,52.00,银行卡
ORD102503,2026-05-17,S03,P17,1,12.00,微信
ORD102818,2026-05-19,S04,P03,2,52.00,微信
ORD104098,2026-05-28,S04,P20,2,44.00,银行卡
ORD103989,2026-05-27,S05,P19,2,30.00,银行卡
ORD101180,2026-05-09,S01,P20,1,22.00,会员储值
ORD105987,2026-06-10,S04,P15,1,6.00,支付宝
ORD117544,2026-08-28,S02,P04,1,38.00,支付宝
ORD100785,2026-05-06,S01,P12,2,16.00,微信
ORD107218,2026-06-19,S01,P01,2,64.00,现金
ORD110906,2026-07-13,S03,P09,1,18.00,支付宝
ORD104828,2026-06-02,S02,P05,1,34.00,会员储值
ORD115304,2026-08-12,S02,P06,1,45.00,会员储值
ORD108248,2026-06-26,S01,P18,1,18.00,支付宝
ORD111910,2026-07-20,S01,P08,2,50.00,支付宝
ORD108028,2026-06-24,S02,P04,1,38.00,支付宝
ORD102248,2026-05-16,S01,P02,2,60.00,银行卡
ORD111577,2026-07-18,S02,P15,1,6.00,支付宝
ORD103494,2026-05-24,S02,P06,1,42.00,微信
ORD116632,2026-08-22,S01,P09,2,36.00,银行卡
ORD102766,2026-05-19,S02,P06,1,42.00,银行卡
ORD107321,2026-06-19,S05,P19,1,15.00,微信
ORD107329,2026-06-19,S05,P08,3,75.00,现金
ORD112317,2026-07-23,S01,P02,1,30.00,银行卡
ORD110298,2026-07-09,S04,P14,1,10.00,支付宝
ORD102440,2026-05-17,S01,P05,2,68.00,现金
ORD101883,2026-05-13,S03,P09,3,54.00,会员储值
ORD117967,2026-08-30,S04,P10,1,24.00,会员储值
ORD114231,2026-08-05,S01,P02,1,30.00,现金
ORD109287,2026-07-02,S05,P01,2,64.00,微信
ORD113592,2026-08-01,S02,P04,2,76.00,现金
ORD106898,2026-06-17,S01,P08,1,25.00,支付宝
ORD106581,2026-06-14,S04,P01,2,64.00,微信
ORD113122,2026-07-28,S05,P15,2,12.00,银行卡
ORD111087,2026-07-14,S05,P06,1,45.00,微信
ORD102898,2026-05-20,S02,P06,2,84.00,微信
ORD108812,2026-06-29,S02,P04,2,76.00,支付宝
ORD103720,2026-05-25,S04,P10,3,72.00,银行卡
ORD111818,2026-07-19,S03,P16,2,10.00,微信
ORD114400,2026-08-06,S03,P03,1,26.00,微信
ORD116253,2026-08-18,S05,P20,2,44.00,银行卡
ORD109822,2026-07-06,S01,P19,3,45.00,银行卡
ORD101863,2026-05-13,S02,P05,3,102.00,会员储值
ORD108859,2026-06-29,S04,P08,3,75.00,会员储值
ORD116868,2026-08-23,S02,P03,1,26.00,会员储值
ORD101879,2026-05-13,S03,P07,1,22.00,会员储值
ORD112794,2026-07-26,S03,P17,2,24.00,微信
ORD118008,2026-08-30,S05,P19,3,45.00,银行卡
ORD108530,2026-06-27,S05,P12,3,24.00,银行卡
ORD104420,2026-05-30,S04,P10,1,24.00,现金
ORD115519,2026-08-14,S01,P17,2,24.00,微信
ORD115123,2026-08-10,S05,P18,1,18.00,微信
ORD111816,2026-07-19,S03,P07,2,44.00,支付宝
ORD113748,2026-08-02,S01,P01,2,64.00,银行卡
ORD102033,2026-05-14,S04,P02,3,90.00,银行卡
ORD101384,2026-05-10,S01,P19,2,30.00,现金
ORD116334,2026-08-19,S05,P04,1,38.00,银行卡
ORD104598,2026-05-31,S04,P03,1,26.00,支付宝
ORD103500,2026-05-24, s02,P04,1,38.00,微信
ORD117422,2026-08-27,S02,P06,2,90.00,现金
ORD101260,2026-05-09,S03,P09,1,18.00,会员储值
ORD100820,2026-05-06,S02,P03,1,26.00,会员储值
ORD117327,2026-08-26,S03,P09,2,36.00,支付宝
ORD104621,2026-05-31,S04,P15,1,6.00,微信
ORD105967,2026-06-10,S02,P07,2,44.00,现金
ORD113746,2026-08-02,S01,P12,2,16.00,银行卡
ORD106800,2026-06-16,S02,P13,2,40.00,微信
ORD114519,2026-08-07,S03,P21,2,32.00,现金
ORD113186,2026-07-29,S02,P06,1,45.00,现金
ORD115393,2026-08-13,S01,P02,1,30.00,银行卡
ORD108444,2026-06-27,S03,P01,1,32.00,现金
ORD105816,2026-06-08,S05,P03,1,26.00,现金
ORD112640,2026-07-25,S04,P12,2,16.00,支付宝
ORD105629,2026-06-07,S03,P09,2,36.00,微信
ORD114994,2026-08-09,S05,P08,3,75.00,现金
ORD105437,2026-06-06,S04,P18,3,54.00,银行卡
ORD114126,2026-08-04,S02,P17,1,12.00,银行卡
ORD116996,2026-08-24,S01,P07,1,22.00,会员储值
ORD113500,2026-07-31,S04,P18,2,36.00,银行卡
ORD114161,2026-08-04,S04,P18,1,18.00,银行卡
ORD106999,2026-06-17,S05,P13,1,20.00,现金
ORD116887,2026-08-23,S03,P01,1,32.00,支付宝
ORD109011,2026-06-30,S05,P12,1,8.00,微信
ORD112901,2026-07-27,S02,P20,1,22.00,现金
ORD113725,2026-08-01,S05,P20,1,,支付宝
ORD105072,2026-06-04,S02,P20,2,44.00,银行卡
ORD100282,2026-05-02,S04,P10,2,48.00,会员储值
ORD109661,2026-07-05,S02,P17,2,24.00,现金
ORD109025,2026-06-30,S05,P01,1,32.00,现金
ORD111343,2026-07-16,S04,P11,2,52.00,微信
ORD110835,2026-07-12,S05,P03,1,26.00,会员储值
ORD107683,2026-06-21,S05,P13,1,20.00,支付宝
ORD112131,2026-07-21,S04,P07,1,22.00,现金
ORD102847,2026-05-19,S05,P03,2,52.00,会员储值
ORD112496,2026-07-25,S01,P12,1,8.00,支付宝
ORD101667,2026-05-11,S05,P04,2,76.00,会员储值
ORD112404,2026-07-23,S04,P09,1,18.00,会员储值
ORD115863,2026-08-16,S01,P15,1,6.00,现金
ORD117434,2026-08-27,S02,P16,3,15.00,现金
ORD103732,2026-05-25,S05,P10,1,24.00,微信
ORD110637,2026-07-11,S05,P09,2,36.00,会员储值
ORD111750,2026-07-19,S02,P04,1,38.00,微信
ORD101053,2026-05-08,S01,P11,1,26.00,支付宝
ORD107752,2026-06-22,S02,P06,3,126.00,会员储值
ORD115219,2026-08-11,S04,P16,2,10.00,现金
ORD116541,2026-08-21,S03,P03,2,52.00,支付宝
ORD100825,2026-05-06,S02,P04,1,38.00,会员储值
ORD114596,2026-08-08,S01,P02,1,30.00,微信
ORD103004,2026-05-21,S01,P02,1,30.00,微信
ORD116808,2026-08-23,S01,P13,1,20.00,银行卡
ORD103027,2026-05-21,S02,P15,2,12.00,会员储值
ORD114285,2026-08-05,S04,P11,2,52.00,会员储值
ORD100217,2026-05-02,S03,P03,1,26.00,支付宝
ORD101037,2026-05-08,S01,P07,3,66.00,现金
ORD101276,2026-05-09,S03,P02,1,30.00,现金
ORD112505,2026-07-25,S01,P01,1,32.00,微信
ORD115748,2026-08-15,S03,P03,1,26.00,会员储值
ORD108202,2026-06-25,S04,P10,1,24.00,会员储值
ORD106891,2026-06-17,S01,P03,1,26.00,支付宝
ORD109674,2026-07-05,S02,P06,1,45.00,微信
ORD108339,2026-06-26,S05,P20,3,66.00,银行卡
ORD110740,2026-07-12,S03,P07,1,22.00,会员储值
ORD116778,2026-08-22,S05,P19,2,30.00,微信
ORD105960,2026-06-10,S02,P05,1,34.00,现金
ORD112957,2026-07-27,S04,P11,3,78.00,现金
ORD109003,2026-06-30,S05,P12,1,8.00,现金
ORD109996,2026-07-07,S03,P07,2,44.00,现金
ORD109871,2026-07-06,S03,P20,2,44.00,银行卡
ORD111819,2026-07-19,S04,P16,2,10.00,会员储值
ORD105475,2026-06-06,S05,P20,1,22.00,会员储值
ORD105127,2026-06-04,S04,P05,2,68.00,现金
ORD110961,2026-07-13,S05,P03,1,26.00,支付宝
ORD101188,2026-05-09,S01,P15,2,12.00,会员储值
ORD114707,2026-08-08,S03,P09,1,18.00,现金
ORD115284,2026-08-12,S02,P14,2,20.00,银行卡
ORD111421,2026-07-17,S02,P04,1,38.00,银行卡
ORD105197,2026-06-05,S01,P12,1,8.00,会员储值
ORD117726,2026-08-29,S03,P20,1,22.00,银行卡
ORD117056,2026-08-24,S03,P06,3,135.00,现金
ORD105828,2026-06-09,S01,P09,1,18.00,微信
ORD117022,2026-08-24,S01,P13,1,20.00,现金
ORD115826,2026-08-15,S05,P09,1,18.00,支付宝
ORD112537,2026-07-25,S02,P16,2,10.00,会员储值
ORD112900,2026-07-27,S02,P04,2,76.00,银行卡
ORD100385,2026-05-03,S02,P06,1,42.00,微信
ORD110696,2026-07-12,S02,P09,3,54.00,现金
ORD113652,2026-08-01,S03,P09,2,36.00,会员储值
ORD108287,2026-06-26,S03,P09,1,18.00,会员储值
ORD111177,2026-07-15,S03,P18,1,18.00,微信
ORD110989,2026-07-14,S01,P20,1,22.00,微信
ORD107180,2026-06-18,S05,P20,1,22.00,微信
ORD112452,2026-07-24,S02,P01,3,96.00,支付宝
ORD111683,2026-07-18,S05,P10,1,24.00,微信
ORD107606,2026-06-21,S03,P08,3,75.00,现金
ORD114926,2026-08-09,S04,P01,2,64.00,银行卡
ORD104925,2026-06-03,S01,P12,1,8.00,微信
ORD103074,2026-05-21,S04,P17,1,12.00,支付宝
ORD110513,2026-07-11,S02,P15,1,6.00,支付宝
ORD105350,2026-06-06,S01,P02,1,30.00,银行卡
ORD104090,2026-05-28,S04,P04,1,38.00,银行卡
ORD109912,2026-07-06,S04,P13,1,20.00,现金
ORD115622,2026-08-14,S05,P02,1,30.00,现金
ORD114604,2026-08-08,S01,P21,2,32.00,现金
ORD113686,2026-08-01,S04,P03,3,,现金
ORD107224,2026-06-19,S02,P05,2,68.00,支付宝
ORD110063,2026-07-07,S05,P15,1,6.00,会员储值
ORD115513,2026-08-14,S01,P01,1,32.00,银行卡
ORD111911,2026-07-20,S01,P16,1,5.00,支付宝
ORD104511,2026-05-31,S02,P05,1,34.00,现金
ORD114110,2026-08-04,S02,P10,1,24.00,会员储值
ORD106974,2026-06-17,S04,P03,1,26.00,会员储值
ORD112162,2026-07-21,S05,P12,1,8.00,现金
ORD117176,2026-08-25,S03,P08,1,25.00,现金
ORD117513,2026-08-28,S01,P20,2,44.00,微信
ORD111501,2026-07-17,S05,P03,1,26.00,会员储值
ORD116055,2026-08-17,S01,P03,1,26.00,现金
ORD102166,2026-05-15,S04,P10,1,24.00,银行卡
ORD107837,2026-06-22,S05,P19,1,15.00,现金
ORD108268,2026-06-26,S02,P06,2,84.00,微信
ORD110844,2026-07-12,S05,P08,1,25.00,支付宝
ORD112752,2026-07-26,S02,P03,1,26.00,微信
ORD101989,2026-05-14,S02,P04,2,76.00,银行卡
ORD108649,2026-06-28,S03,P08,1,25.00,微信
ORD109527,2026-07-04,S03,P07,1,22.00,现金
ORD110266,2026-07-09,S03,P08,2,50.00,支付宝
ORD114365,2026-08-06,S02,P04,1,38.00,银行卡
ORD116083,2026-08-17,S03,P21,1,16.00,会员储值
ORD106975,2026-06-17,S04,P03,3,78.00,会员储值
ORD103614,2026-05-26,S05,P19,1,-15.00,会员储值
ORD100545,2026-05-04,S01,P15,1,6.00,微信
ORD115918,2026-08-16,S03,P09,1,18.00,现金
ORD116992,2026-08-23,S05,P21,2,32.00,微信
ORD107737,2026-06-22,S01,P01,2,64.00,微信
ORD105979,2026-06-10,S04,P11,3,78.00,微信
ORD101595,2026-05-11,S02,P13,1,20.00,银行卡
ORD117871,2026-08-30,S01,P02,1,30.00,微信
ORD104163,2026-05-29,S01,P01,2,64.00,支付宝
ORD102901,2026-05-20,S02,P03,1,26.00,支付宝
ORD111592,2026-07-18,S03,P08,1,25.00,微信
ORD113424,2026-07-31,S01,P03,1,26.00,微信
ORD105235,2026-06-05,S03,P15,1,6.00,银行卡
ORD112558,2026-07-25,S03,P07,1,22.00,支付宝
ORD114389,2026-08-06,S03,P09,2,36.00,银行卡
ORD104112,2026-05-28,S04,P10,2,48.00,支付宝
ORD107376,2026-06-20,S02,P16,1,5.00,银行卡
ORD103111,2026-05-22,S01,P02,1,30.00,银行卡
ORD113252,2026-07-29,S05,P04,1,38.00,现金
ORD116353,2026-08-20,S01,P03,1,26.00,会员储值
ORD115795,2026-08-15,S04,P20,1,22.00,现金
ORD106488,2026-06-14,S01,P10,1,24.00,支付宝
ORD108410,2026-06-27,S02,P20,2,44.00,银行卡
ORD107934,2026-06-23,S04,P03,1,26.00,支付宝
ORD113045,28-07-2026,S02,P12,1,8.00,现金
ORD113380,2026-07-30,S05,P19,1,15.00,微信
ORD115653,2026-08-15,S01,P17,1,12.00,现金
ORD108640,2026-06-28,S02,P11,2,52.00,会员储值
ORD114360,2026-08-06,S02,P05,1,34.00,现金
ORD101736,2026-05-12,S03,P09,1,18.00,现金
ORD103259,2026-05-23,S01,P16,1,5.00,支付宝
ORD109762,2026-07-05,S04,P10,2,48.00,微信
ORD116121,2026-08-17,S05,P02,1,30.00,银行卡
ORD113931,2026-08-02,S05,P12,1,8.00,微信
ORD105236,2026-06-05,S03,P08,1,25.00,会员储值
ORD111185,2026-07-15,S03,P07,2,44.00,支付宝
ORD106909,2026-06-17,S01,P13,1,20.00,微信
ORD103923,2026-05-27,S02,P05,1,34.00,银行卡
ORD114282,2026-08-05,S03,P08,1,25.00,支付宝
ORD104676,2026-06-01,S01,P13,1,20.00,支付宝
ORD114022,2026-08-03,S04,P10,2,48.00,微信
ORD102159,2026-05-15,S03,P07,1,22.00,现金
ORD112965,2026-07-27,S04,P11,1,26.00,支付宝
ORD113243,2026-07-29,S04,P18,2,36.00,微信
ORD104653,2026-05-31,S05,P03,1,26.00,支付宝
ORD109251,2026-07-02,S04,P02,3,90.00,会员储值
ORD106131,2026-06-12,S01,P18,1,18.00,微信
ORD100182,2026-05-02,S02,P05,2,68.00,现金
ORD112589,2026-07-25,S03,P15,1,6.00,微信
ORD116810,2026-08-23,S01,P05,3,102.00,微信
ORD113844,2026-08-02,S03,P21,1,16.00,会员储值
ORD100065,2026-05-01,S03,P09,3,54.00,银行卡
ORD110723,2026-07-12,S03,P08,3,75.00,微信
ORD106936,2026-06-17,S02,P18,1,18.00,微信
ORD111342,2026-07-16,S04,P12,1,8.00,支付宝
ORD101058,2026-05-08,S01,P01,2,64.00,支付宝
ORD105726,2026-06-08,S01,P15,1,6.00,会员储值
ORD106677,2026-06-15,S02,P05,3,102.00,会员储值
ORD113388,2026-07-30,S05,P08,2,50.00,支付宝
ORD118098,2026-08-31,S03,P09,1,18.00,会员储值
ORD101793,2026-05-12,S05,P02,3,90.00,会员储值
ORD103847,2026-05-26,S04,P14,1,10.00,银行卡
ORD101637,2026-05-11,S04,P11,2,52.00,微信
ORD108326,2026-06-26,S04,P17,1,12.00,微信
ORD116398,2026-08-20,S02,P08,2,50.00,支付宝
ORD106030,2026-06-11,S01,P09,2,36.00,微信
ORD114657,2026-08-08,S02,P04,1,38.00,现金
ORD110341,2026-07-10,S01,P01,1,32.00,银行卡
ORD104452,2026-05-30,S05,P03,1,26.00,银行卡
ORD113556,2026-08-01,S01,P01,1,32.00,微信
ORD108305,2026-06-26,S03,P16,1,5.00,微信
ORD108103,2026-06-24,S05,P03,2,52.00,支付宝
ORD114426,2026-08-06,S04,P10,1,24.00,会员储值
ORD112598,2026-07-25,S03,P09,2,36.00,现金
ORD101155,2026-05-08,S05,P06,1,42.00,银行卡
ORD108074,2026-06-24,S04,P05,2,68.00,现金
ORD103608,2026-05-24,S05,P02,2,60.00,微信
ORD102897,2026-05-20,S02,P06,3,126.00,微信
ORD100874,2026-05-06,S04,P18,1,18.00,银行卡
ORD110002,2026-07-07,S03,P07,1,22.00,微信
ORD105637,2026-06-07,S04,P11,1,26.00,银行卡
ORD106290,2026-06-13,S01,P13,1,20.00,现金
ORD109770,2026-07-05,S05,P06,3,135.00,现金
ORD106887,2026-06-16,S05,P03,2,52.00,微信
ORD100991,2026-05-07,S04,P04,1,38.00,微信
ORD109804,2026-07-05,S05,P18,1,18.00,支付宝
ORD117043,2026-08-24,S02,P06,1,45.00,微信
ORD103673,2026-05-25,S03,P17,2,24.00,微信
ORD107703,2026-06-21,S05,P08,1,25.00,银行卡
ORD109839,2026-07-06,S02,P06,1,45.00,微信
ORD105238,2026-06-05,S03,P07,1,22.00,会员储值
ORD104885,2026-06-02,S05,P18,1,18.00,支付宝
ORD116643,2026-08-22,S01,P19,1,15.00,现金
ORD100403,2026-05-03,S02,P08,2,50.00,银行卡
ORD102220,2026-05-16,S01,P12,3,24.00,支付宝
ORD101273,2026-05-09,S03,P12,1,8.00,银行卡
ORD116529,2026-08-21,S03,P17,1,12.00,会员储值
ORD103128,2026-05-22,S01,P01,1,32.00,现金
ORD112328,2026-07-23,S02,P04,2,76.00,会员储值
ORD114465,2026-08-07,S01,P21,2,32.00,微信
ORD100522,2026-05-03,S05,P18,2,36.00,现金
ORD113911,2026-08-02,S05,P17,3,36.00,现金
ORD109739,2026-07-05,S04,P11,1,26.00,会员储值
ORD116219,2026-08-18,S04,P14,1,10.00,会员储值
ORD115628,2026/8/14,S05,P18,3,54.00,支付宝
ORD102179,2026-05-15,S04,P12,2,16.00,微信
ORD106279,2026/6/13,S01,P07,1,22.00,会员储值
ORD108751,2026-06-28,S05,P07,2,44.00,现金
ORD101920,2026-05-13,S04,P10,1,24.00,会员储值
ORD103109,2026-05-22,S01,P12,2,16.00,会员储值
ORD117153,2026-08-25,S02,P09,2,36.00,支付宝
ORD101763,2026-05-12,S04,P10,2,48.00,现金
ORD113053,2026-07-28,S02,P08,3,75.00,银行卡
ORD101544,2026-05-10,S05,P05,2,68.00,现金
ORD117877,2026-08-30,S02,P04,3,114.00,现金
ORD102671,2026-05-18,S03,P05,1,34.00,会员储值
ORD101181,2026-05-09,S01,P01,1,32.00,会员储值
ORD106757,2026-06-15,S05,P03,2,52.00,银行卡
ORD117128,2026-08-25,S01,P08,1,25.00,现金
ORD107988,2026-06-24,S01,P05,1,34.00,微信
ORD108699,2026-06-28,S04,P16,2,10.00,银行卡
ORD106134,2026-06-12,S01,P01,1,32.00,微信
ORD108532,2026-06-27,S05,P03,1,26.00,支付宝
ORD109062,2026-07-01,S02,P06,2,90.00,现金
ORD105048,2026-06-04,S01,P01,2,64.00,银行卡
ORD115053,2026-08-10,S03,P19,1,15.00,银行卡
ORD116090,2026-08-17,S03,P18,1,18.00,会员储值
ORD112403,2026-07-23,S04,P03,1,26.00,支付宝
ORD102568,2026-05-17,S04,P17,1,12.00,会员储值
ORD102873,2026-05-20,S01,P01,1,32.00,支付宝
ORD115031,2026-08-10,S02,P18,1,18.00,银行卡
ORD103602,2026-05-24,S05,P11,1,26.00,现金
ORD114628,2026-08-08,S01,P02,2,60.00,微信
ORD100689,2026-05-05,S02,P04,2,76.00,银行卡
ORD116937,2026-08-23,S04,P10,2,48.00,会员储值
ORD110166,2026-07-08,S04,P11,1,26.00,支付宝
ORD114048,2026-08-03,S05,P20,1,22.00,现金
ORD111433,2026-07-17,S03,P07,1,22.00,微信
ORD116207,2026-08-18,S04,P08,1,25.00,微信
ORD112365,2026-07-23,S03,P07,1,22.00,微信
ORD102030,2026-05-14,S04,P10,2,48.00,微信
ORD116507,2026-08-21,S02,P04,2,76.00,银行卡
ORD116770,2026-08-22,S05,P04,1,38.00,现金
ORD103789,2026-05-26,S02,P18,2,36.00,微信
ORD102608,2026-05-17,S05,P05,2,68.00,支付宝
ORD102228,2026-05-16,S01,P19,1,15.00,支付宝
ORD109863,2026-07-06,S02,P06,2,90.00,微信
ORD105921,2026-06-09,S05,P15,1,6.00,银行卡
ORD111540,2026-07-18,S01,P20,1,22.00,支付宝
ORD110655,2026-07-12,S01,P05,1,34.00,微信
ORD111353,2026-07-16,S05,P02,1,30.00,支付宝
ORD107967,2026-06-23,S05,P07,1,22.00,会员储值
ORD102799,2026-05-19,S03,P17,2,24.00,银行卡
ORD111620,2026-07-18,S03,P10,2,48.00,现金
ORD117143,2026-08-25,S01,P19,1,15.00,银行卡
ORD115494,2026-08-13,S05,P06,1,45.00,银行卡
ORD112463,2026-07-24,S03,P06,2,90.00,会员储值
ORD106837,2026-06-16,S03,P07,1,22.00,会员储值
ORD102227,2026-05-16,S01,P02,1,30.00,支付宝
ORD111350,2026-07-16,S05,P20,1,22.00,支付宝
ORD114930,2026-08-09,S04,P10,1,24.00,支付宝
ORD111871,2026-07-19,S05,P03,2,52.00,微信
ORD104875,2026-06-02,S04,P13,1,20.00,现金
ORD115074,2026-08-10,S04,P19,1,15.00,微信
ORD110094,2026-07-08,S01,P08,1,25.00,现金
ORD104085,2026-05-28,S03,P08,2,50.00,微信
ORD105018,2026-06-03,S05,P14,1,10.00,现金
ORD114284,2026-08-05,S03,P07,1,22.00,支付宝
ORD107030,2026-06-18,S01,P08,1,25.00,微信
ORD116167,2026-08-18,S01,P12,2,16.00,微信
ORD102525,2026-05-17,S03,P01,2,64.00,会员储值
ORD106833,2026-06-16,S03,P08,1,25.00,银行卡
ORD100694,2026-05-05,S02,P06,1,42.00,支付宝
ORD109705,2026-07-05,S03,P01,3,96.00,会员储值
ORD109575,2026-07-04,S04,P10,1,24.00,微信
ORD106420,2026-06-13,S05,P03,1,26.00,现金
ORD110784,2026-07-12,S04,P09,1,18.00,会员储值
ORD107723,2026-06-21,S05,P20,1,22.00,会员储值
ORD105227,2026-06-05,S02,P05,2,68.00,微信
ORD112587,2026-07-25,S03,P08,1,25.00,会员储值
ORD105731,2026-06-08,S01,P01,1,32.00,会员储值
ORD109613,2026-07-04,S05,P20,1,22.00,支付宝
ORD110902,2026-07-13,S03,P09,1,18.00,现金
ORD116599,2026-08-21,S05,P11,1,26.00,微信
ORD105410,2026-06-06,S03,P07,1,22.00,现金
ORD112115,2026-07-21,S04,P10,1,24.00,支付宝
ORD105745,2026-06-08,S02,P04,1,38.00,微信
ORD113635,2026-08-01,S03,P09,2,36.00,会员储值
ORD107786,2026-06-22,S03,P20,2,44.00,微信
ORD105277,05-06-2026,S04,P06,2,84.00,现金
ORD101374,2026-05-10,S01,P03,3,78.00,现金
ORD104599,2026-05-31,S04,P11,2,52.00,会员储值
ORD115778,2026-08-15,S04,P00,1,8.00,会员储值
ORD117275,2026-08-26,S01,P09,2,36.00,银行卡
ORD115989,2026-08-16,S04,P10,1,24.00,微信
ORD116803,2026-08-23,S01,P17,1,12.00,银行卡
ORD113863,2026-08-02,S04,P10,2,48.00,支付宝
ORD113985,2026-08-03,S02,P17,1,12.00,会员储值
ORD110300,2026-07-09,S04,P11,2,52.00,微信
ORD105153,2026-06-04,S05,P19,1,15.00,会员储值
ORD116474,2026-08-20,S05,P12,2,16.00,微信
ORD105254,05-06-2026,S03,P13,1,20.00,微信
ORD106806,2026-06-16,S02,P06,2,84.00,银行卡
ORD103756,2026-05-26,S01,P13,1,20.00,银行卡
ORD101362,2026-05-10,S01,P19,1,15.00,微信
ORD116041,2026-08-16,S05,P08,3,75.00,银行卡
ORD112113,2026-07-21,S04,P10,3,72.00,微信
ORD105219,2026-06-05,S02,P04,2,76.00,支付宝
ORD116357,2026-08-20,S01,P13,1,20.00,微信
ORD117723,2026-08-29,S02,P06,2,90.00,会员储值
ORD114418,2026-08-06,S04,P10,2,48.00,支付宝
ORD101581,2026-05-11,S02,P20,1,22.00,银行卡
ORD100176,2026-05-02,S02,P06,1,42.00,现金
ORD100240,2026-05-02,S03,P07,2,44.00,会员储值
ORD104035,2026-05-28,S01,P19,2,30.00,微信
ORD107176,2026-06-18,S05,P20,2,44.00,支付宝
ORD104358,2026-05-30,S03,P13,1,20.00,支付宝
ORD103152,2026-05-22,S02,P08,1,25.00,微信
ORD111981,2026-07-20,S04,P17,1,12.00,现金
ORD113173,2026-07-29,S02,P06,2,90.00,会员储值
ORD112658,2026-07-25,S05,P19,1,15.00,银行卡
ORD102491,2026-05-17,S02,P12,2,16.00,微信
ORD109110,2026-07-01,S04,P15,1,6.00,现金
ORD117285,2026-08-26,S02,P04,1,38.00,微信
ORD102639,2026-05-18,S02,P04,1,38.00,会员储值
ORD117214,2026-08-25,S04,P10,3,72.00,微信
ORD100890,2026-05-06,S05,P03,1,26.00,微信
ORD103664,2026-05-25,S02,P04,1,38.00,银行卡
ORD112277,2026-07-22,S05,P19,1,15.00,现金
ORD112764,2026-07-26,S03,P08,1,25.00,支付宝
ORD113682,2026-08-01,S04,P11,1,26.00,银行卡
ORD111887,2026-07-19,S05,P19,2,30.00,微信
ORD108641,2026-06-28,S02,P19,2,30.00,银行卡
ORD107563,2026-06-21,S01,P03,1,26.00,现金
ORD112753,2026-07-26,S03,P08,2,50.00,微信
ORD117165,2026-08-25,S02,P03,1,26.00,会员储值
ORD117477,2026-08-27,S04,P04,1,38.00,支付宝
ORD116211,2026-08-18,S04,P21,1,16.00,现金
ORD106947,2026-06-17,S03,P06,1,42.00,支付宝
ORD110501,2026-07-11,S02,P06,1,45.00,会员储值
ORD114763,2026-08-08,S05,P07,1,22.00,会员储值
ORD110596,2026-07-11,S04,P15,1,6.00,支付宝
ORD114222,2026-08-05,S01,P10,3,72.00,微信
ORD106573,2026-06-14,S04,P10,2,48.00,微信
ORD101985,2026-05-14,S02,P15,1,6.00,微信
ORD115345,2026-08-12,S04,P13,1,20.00,现金
ORD112577,2026-07-25,S03,P12,1,8.00,现金
ORD108543,2026-06-27,S05,P20,2,44.00,会员储值
ORD112309,2026-07-23,S01,P05,1,34.00,银行卡
ORD100257,2026-05-02,S04,P19,3,45.00,支付宝
ORD104741,2026-06-01,S04,P17,1,12.00,会员储值
ORD116271,2026-08-19,S01,P13,2,40.00,现金
ORD107840,2026-06-22,S05,P19,1,15.00,银行卡
ORD117579,2026-08-28,S03,P15,3,18.00,现金
ORD108310,2026-06-26,S04,P11,1,26.00,现金
ORD115404,2026-08-13,S01,P16,1,5.00,微信
ORD110628,2026-07-11,S05,P17,1,12.00,现金
ORD112210,2026-07-22,S02,P18,1,18.00,支付宝
ORD101416,2026/5/10,S02,P04,1,38.00,现金
ORD106626,2026-06-14,S05,P13,1,20.00,银行卡
ORD108704,2026-06-28,S04,P14,2,20.00,支付宝
ORD101382,2026-05-10,S01,P16,1,5.00,支付宝
ORD117487,2026-08-27,S04,P10,2,48.00,支付宝
ORD111397,2026-07-17,S01,P02,1,30.00,银行卡
ORD101439,2026-05-10,S02,P05,1,34.00,银行卡
ORD111546,2026-07-18,S01,P02,2,60.00,微信
ORD100180,2026-05-02,S02,P03,2,52.00,会员储值
ORD106945,2026-06-17,S03,P18,2,36.00,支付宝
ORD114345,2026-08-06,S01,P02,1,30.00,会员储值
ORD114168,2026-08-04,S04,P07,3,66.00,现金
ORD101570,2026-05-11,S01,P12,1,8.00,现金
ORD111520,2026-07-18,S01,P19,1,15.00,现金
ORD110868,2026-07-13,S01,P02,1,30.00,现金
ORD100912,2026-05-07,S01,P14,1,10.00,银行卡
ORD104073,2026-05-28,S03,P10,1,24.00,支付宝
ORD104561,2026-05-31,S03,P13,1,20.00,银行卡
ORD103687,2026-05-27,S03,P13,1,-20.00,银行卡
ORD118061,2026-08-31,S02,P04,2,76.00,微信
ORD107145,2026-06-18,S03,P14,1,10.00,支付宝
ORD100283,2026-05-02,S04,P02,1,30.00,现金
ORD100436,2026-05-03,S03,P07,2,44.00,现金
ORD100611,2026-05-04,S04,P10,3,72.00,会员储值
ORD100404,2026-05-03,S02,P04,1,38.00,现金
ORD111360,2026-07-16,S05,P06,2,90.00,会员储值
ORD111685,2026-07-18,S05,P03,1,26.00,现金
ORD116483,2026-08-21,S01,P10,2,48.00,微信
ORD109970,2026-07-07,S02,P17,1,12.00,微信
ORD105580,2026-06-07,S02,P16,2,10.00,微信
ORD107399,2026-06-20,S02,P04,1,38.00,支付宝
ORD107270,2026-06-19,S03,P03,1,26.00,微信
ORD101055,2026-05-08,S01,P01,1,32.00,会员储值
ORD100734,2026-05-05,S04,P13,1,20.00,微信
ORD105842,2026-06-09,S01,P02,1,30.00,支付宝
ORD117797,2026-08-29,S04,P18,1,18.00,支付宝
ORD109707,2026-07-05,S03,P03,1,26.00,微信
ORD100463,2026-05-03,S04,P02,1,30.00,现金
ORD100470,2026-05-03,S04,P03,2,52.00,银行卡
ORD117500,2026-08-27,S05,P04,2,76.00,微信
ORD106503,2026-06-14,S02,P04,1,38.00,微信
ORD112287,2026-07-22,S05,P10,1,24.00,微信
ORD116164,2026-08-18,S01,P01,1,32.00,支付宝
ORD117796,2026-08-29,S04,P10,3,72.00,微信
ORD113913,2026-08-02,S05,P03,2,52.00,会员储值
ORD102976,2026-05-20,S05,P02,2,60.00,支付宝
ORD116447,2026-08-20,S04,P12,2,16.00,现金
ORD107455,2026-06-20,S04,P06,1,42.00,现金
ORD109444,2026-07-04,S01,P15,1,6.00,银行卡
ORD100501,2026-05-03,S05,P03,2,52.00,微信
ORD104797,2026-06-02,S01,P13,2,40.00,银行卡
ORD104372,2026-05-30,S03,P08,1,25.00,银行卡
ORD108561,2026-06-27,S05,P03,1,26.00,现金
ORD117818,2026-08-29,S05,P05,1,34.00,支付宝
ORD106064,2026-06-11,S02,P04,2,76.00,微信
ORD110711,2026-07-12,S02,P05,2,68.00,现金
ORD102011,2026-05-14,S03,P14,2,20.00,银行卡
ORD105051,2026-06-04,S01,P12,1,8.00,微信
ORD112318,2026-07-23,S01,P01,2,64.00,微信
ORD110779,2026-07-12,S04,P11,2,52.00,会员储值
ORD102877,2026-05-20,S01,P12,2,16.00,支付宝
ORD112431,2026-07-23,S05,P05,3,102.00,支付宝
ORD106870,2026-06-16,S05,P11,1,26.00,支付宝
ORD115064,2026-08-10,S03,P14,1,10.00,会员储值
ORD112530,2026-07-25,S02,P03,2,52.00,会员储值
ORD102153,2026-05-15,S03,P07,1,22.00,微信
ORD116417,2026-08-20,S03,P07,2,44.00,微信
ORD102144,2026-05-15,S03,P14,3,30.00,会员储值
ORD101603,2026-05-11,S02,P06,1,42.00,银行卡
ORD100139,2026-05-02,S01,P15,1,6.00,银行卡
ORD107138,2026-06-18,S03,P07,1,22.00,会员储值
ORD108398,2026-06-27,S01,P02,2,60.00,支付宝
ORD114716,2026-08-08,S04,P21,1,16.00,现金
ORD113949,2026-08-03,S01,P11,1,26.00,银行卡
ORD103809,2026-05-26,S03,P07,1,22.00,支付宝
ORD114482,2026-08-07,S01,P02,1,30.00,银行卡
ORD117040,2026-08-24,S02,P04,3,114.00,会员储值
ORD115849,2026-08-16,S01,P01,1,32.00,现金
ORD115729,2026-08-15,S03,P08,2,50.00,银行卡
ORD116038,2026-08-16,S05,P10,1,24.00,微信
ORD103106,2026-05-21,S05,P06,1,42.00,支付宝
ORD100022,2026-05-01,S01,P02,1,30.00,微信
ORD107047,2026-06-18,S02,P04,1,38.00,微信
ORD109532,2026-07-04,S03,P08,2,50.00,微信
ORD113391,2026-07-30,S05,P13,1,20.00,支付宝
ORD109423,2026-07-04,S01,P12,2,16.00,现金
ORD111568,2026-07-18,S02,P18,1,18.00,支付宝
ORD117064,2026-08-24,S03,P07,1,22.00,会员储值
ORD115167,2026-08-11,S02,P13,3,60.00,微信
ORD101056,2026-05-08,S01,P03,3,78.00,微信
ORD116734,2026-08-22,S04,P03,1,,会员储值
ORD106628,2026-06-14,S05,P01,3,96.00,会员储值
ORD112066,2026-07-21,S02,P01,3,96.00,会员储值
ORD101629,2026-05-11,S03,P07,1,22.00,会员储值
ORD107153,2026-06-18,S04,P18,2,36.00,支付宝
ORD114678,2026-08-08,S03,P01,1,32.00,现金
ORD111870,2026-07-19,S05,P10,1,24.00,现金
ORD112680,2026-07-26,S01,P11,1,26.00,支付宝
ORD107927,2026-06-23,S04,P01,1,32.00,现金
ORD110747,2026-07-12,S03,P02,1,30.00,银行卡
ORD108554,2026-06-27,S05,P09,1,18.00,会员储值
ORD100939,2026-05-07,S02,P03,2,52.00,会员储值
ORD110847,2026/7/13,S01,P01,2,64.00,会员储值
ORD110742,2026-07-12,S03,P07,2,44.00,微信
ORD116744,2026-08-22,S04,P03,1,26.00,支付宝
ORD112410,2026-07-23,S05,P02,1,30.00,会员储值
ORD117807,2026-08-29,S05,P14,1,10.00,银行卡
ORD106760,2026-06-15,S05,P20,1,22.00,现金
ORD117067,2026-08-24,S03,P21,1,16.00,支付宝
ORD115135,2026/8/11,S01,P15,1,6.00,微信
ORD107890,2026-06-23,S02,P03,2,52.00,现金
ORD104700,2026-06-01,S02,P13,3,60.00,会员储值
ORD108962,2026-06-30,S03,P07,1,22.00,会员储值
ORD110628,2026-07-11,S05,P05,1,34.00,现金
ORD109189,2026-07-02,S02,P04,1,38.00,现金
ORD116755,2026-08-22,S04,P15,1,6.00,会员储值
ORD101090,2026-05-08,S03,P05,1,34.00,支付宝
ORD100642,2026-05-04,S05,P05,1,34.00,会员储值
ORD114617,2026-08-08,S01,P17,1,12.00,现金
ORD114746,2026-08-08,S04,P10,1,24.00,微信
ORD110931,2026-07-13,S04,P03,2,52.00,会员储值
ORD108960,2026-06-30,S03,P09,1,18.00,会员储值
ORD111352,2026-07-16,S05,P20,2,44.00,现金
ORD116231,2026-08-18,S05,P20,1,22.00,支付宝
ORD106459,2026-06-14,S01,P15,1,6.00,微信
ORD117987,2026-08-30,S04,P10,2,48.00,会员储值
ORD104463,2026-05-30,S05,P16,3,15.00,支付宝
ORD106937,2026-06-17,S02,P18,1,18.00,支付宝
ORD112168,2026-07-22,S01,P14,1,10.00,现金
ORD103012,2026-05-21,S02,P05,2,68.00,支付宝
ORD106564,2026-06-14,S03,P07,1,22.00,支付宝
ORD110452,2026-07-10,S05,P19,3,45.00,银行卡
ORD109470,2026-07-04,S02,P05,2,68.00,银行卡
ORD101620,2026-05-11,S03,P07,3,66.00,会员储值
ORD110044,2026-07-07,S05,P05,1,34.00,支付宝
ORD103605,2026-05-24,S05,P14,1,10.00,银行卡
ORD115583,2026-08-14,S03,P14,2,20.00,会员储值
ORD106730,2026-06-15,S04,P19,1,15.00,支付宝
ORD117634,2026-08-28,S05,P14,1,10.00,现金
ORD113442,2026-07-31,S02,P12,2,16.00,支付宝
ORD104205,2026-05-29,S03,P07,2,44.00,银行卡
ORD109806,2026-07-05,S05,P19,2,30.00,微信
ORD104927,2026-06-03,S01,P02,2,60.00,支付宝
ORD113325,2026-07-30,S02,P17,1,12.00,银行卡
ORD117531,2026-08-28,S01,P03,1,26.00,银行卡
ORD112294,2026-07-22,S05,P19,1,15.00,会员储值
ORD109730,2026-07-05,S03,P18,1,18.00,银行卡
ORD111388,2026-07-17,S01,P02,1,30.00,会员储值
ORD118054,2026-08-31,S01,P03,2,52.00,银行卡
ORD115086,2026-08-10,S04,P16,2,10.00,现金
ORD106026,2026-06-11,S01,P04,1,38.00,现金
ORD102332,2026-05-16,S03,P12,3,24.00,会员储值
ORD109571,2026-07-04,S04,P06,1,45.00,支付宝
ORD105749,2026-06-08,S02,P16,1,5.00,微信
ORD115745,2026-08-15,S03,P03,2,52.00,微信
ORD117890,2026-08-30,S02,P05,1,34.00,支付宝
ORD110757,2026-07-12,S03,P08,1,25.00,银行卡
ORD111541,2026-07-18,S01,P10,2,48.00,支付宝
ORD102981,2026-05-21,S01,P12,2,16.00,现金
ORD106172,2026-06-12,S02,P06,1,42.00,会员储值
ORD103982,2026-05-27,S04,P11,2,52.00,会员储值
ORD106973,2026-06-17,S04,P10,1,24.00,现金
ORD114553,2026-08-07,S04,P04,2,76.00,支付宝
ORD104907,2026-06-02,S05,P07,2,44.00,银行卡
ORD109377,2026-07-03,S04,P10,1,24.00,银行卡
ORD113572,2026-08-01,S01,P03,1,26.00,微信
ORD107769,2026-06-22,S02,P03,3,78.00,银行卡
ORD104282,2026-05-30,S01,P01,2,64.00,会员储值
ORD105371,2026-06-06,S02,P17,1,12.00,现金
ORD107699,2026-06-21,S05,P08,1,25.00,会员储值
ORD116122,2026-08-17,S05,P03,2,52.00,支付宝
ORD111576,2026-07-18,S02,P05,1,34.00,微信
ORD104708,2026-06-04,S02,P06,3,-126.00,微信
ORD105218,2026-06-05,S02,P04,3,114.00,银行卡
ORD110795,2026-07-12,S04,P20,1,22.00,银行卡
ORD104464,2026-05-30,S05,P18,1,18.00,支付宝
ORD108115,2026-06-25,S01,P02,1,30.00,银行卡
ORD108985,2026-06-30,S04,P14,1,10.00,现金
ORD111443,2026-07-17,S03,P08,2,50.00,银行卡
ORD108790,2026-06-29,S02,P04,2,76.00,支付宝
ORD100238,2026-05-02,S03,P09,2,36.00,微信
ORD111681,2026-07-18,S05,P18,1,18.00,支付宝
ORD106756,2026-06-15,S05,P06,1,42.00,银行卡
ORD101624,2026-05-11,S03,P09,2,36.00,现金
ORD110763,2026-07-12,S04,P11,2,52.00,现金
ORD100572,2026-05-04,S02,P04,2,76.00,会员储值
ORD100551,2026-05-04,S02,P04,2,76.00,银行卡
ORD107523,2026-06-20,S05,P20,2,44.00,微信
ORD104324,2026-05-30,S02,P10,3,72.00,微信
ORD101195,2026-05-09,S01,P20,1,22.00,微信
ORD103603,2026-05-24,S05,P06,1,42.00,会员储值
ORD111392,2026-07-17,S01,P15,2,12.00,会员储值
ORD105572,2026-06-07,S02,P18,1,18.00,微信
ORD102905,2026-05-20,S02,P04,1,38.00,银行卡
ORD103808,2026-05-26,S03,P07,3,66.00,现金
ORD115854,2026-08-16,S01,P13,2,40.00,微信
ORD115817,2026-08-15,S05,P19,2,30.00,支付宝
ORD106646,2026-06-15,S01,P02,2,60.00,会员储值
ORD106422,2026-06-13,S05,P06,1,42.00,支付宝
ORD101783,2026-05-12,S04,P11,1,26.00,会员储值
ORD106731,2026-06-18,S04,P12,2,-16.00,支付宝
ORD108141,2026-06-25,S02,P10,1,24.00,微信
ORD109891,2026-07-06,S04,P11,1,26.00,银行卡
ORD116059,2026-08-17,S01,P21,1,16.00,会员储值
ORD103571,2026-05-24,S04,P10,2,48.00,现金
ORD111376,2026-07-17,S01,P12,2,16.00,现金
ORD100778,2026-05-05,S05,P03,2,52.00,微信
ORD114515,2026-08-07,S02,P05,1,34.00,会员储值
ORD109565,2026-07-04,S04,P19,2,30.00,会员储值
ORD108852,2026-06-29,S04,P16,1,5.00,支付宝
ORD104410,2026-05-30,S04,P09,1,18.00,银行卡
ORD103362,2026-05-23,S04,P13,1,20.00,现金
ORD103322,2026/5/23,S03,P09,1,18.00,支付宝
ORD115066,2026-08-10,S03,P07,2,44.00,现金
ORD103158,2026-05-22,S03,P13,3,60.00,会员储值
ORD109241,2026-07-02,S04,P11,1,-26.00,现金
ORD111938,2026-07-20,S02,P04,1,38.00,银行卡
ORD113555,2026-08-01,S01,P02,1,30.00,现金
ORD105360,2026-06-06,S02,P05,2,68.00,银行卡
ORD109041,2026-07-01,S01,P03,1,26.00,支付宝
ORD104512,2026-05-31,S02,P06,2,84.00,支付宝
ORD101692,2026-05-12,S01,P13,2,40.00,会员储值
ORD117523,2026-08-28,S01,P02,1,30.00,银行卡
ORD114080,2026-08-04,S01,P20,1,22.00,支付宝
ORD109740,2026-07-05,S04,P05,1,34.00,微信
ORD102036,2026-05-14,S04,P07,2,44.00,会员储值
ORD107552,2026-06-21,S01,P16,1,5.00,支付宝
ORD113853,2026-08-02,S03,P05,0,34.00,会员储值
ORD107959,2026-06-23,S05,P03,1,26.00,支付宝
ORD101472,2026-05-10,S03,P08,1,25.00,会员储值
ORD115450,2026-08-13,S03,P21,3,48.00,银行卡
ORD112620,2026-07-25,S04,P03,1,26.00,银行卡
ORD117092,2026-08-24,S04,P10,1,24.00,银行卡
ORD110935,2026-07-13,S04,P06,2,90.00,银行卡
ORD115914,2026-08-16,S02,P06,2,90.00,支付宝
ORD107111,2026-06-18,S02,P06,3,87.00,银行卡
ORD102053,2026-05-14,S04,P10,1,24.00,银行卡
ORD116496,2026-08-21,S01,P02,1,30.00,支付宝
ORD107763,2026-06-22,S02,P04,1,38.00,微信
ORD103123,2026-05-22,S01,P01,2,64.00,银行卡
ORD104062,2026-05-28,S02,P04,1,38.00,银行卡
ORD105486,2026-06-06,S05,P13,1,20.00,微信
ORD117635,2026-08-28,S05,P06,3,135.00,微信
ORD101914,2026-05-13,S04,P15,1,6.00,银行卡
ORD111230,2026-07-15,S05,P20,1,22.00,现金
ORD110401,2026-07-10,S03,P14,1,10.00,微信
ORD117973,2026/8/30,S04,P05,2,68.00,支付宝
ORD110907,2026-07-13,S03,P08,2,50.00,会员储值
ORD102681,2026-05-18,S03,P09,1,18.00,支付宝
ORD109362,2026-07-03,S03,P12,1,8.00,现金
ORD104243,2026-05-29,S04,P19,2,30.00,微信
ORD113716,2026-08-01,S05,P02,1,30.00,会员储值
ORD108936,2026-06-30,S02,P06,3,126.00,会员储值
ORD105223,2026-06-05,S02,P04,2,76.00,微信
ORD109741,2026-07-05,S04,P13,3,60.00,微信
ORD111614,2026-07-18,S03,P10,1,24.00,现金
ORD106560,2026-06-14,S03,P10,1,24.00,支付宝
ORD104608,2026-05-31,S04,P14,1,10.00,支付宝
ORD104124,2026-05-28,S05,P06,1,42.00,银行卡
ORD109516,2026-07-04,S03,P16,1,5.00,微信
ORD115024,2026-08-10,S02,P20,3,66.00,微信
ORD115334,2026-08-12,S04,P21,1,16.00,银行卡
ORD105860,2026-06-10,S02,P06,1,-42.00,会员储值
ORD116712,2026-08-22,S03,P09,1,18.00,支付宝
ORD101110,2026-05-08,S03,P07,1,22.00,微信
ORD105208,2026-06-05,S02,P05,2,68.00,微信
ORD103851,2026-05-26,S04,P11,2,52.00,支付宝
ORD100863,2026-05-06,S04,P18,1,18.00,银行卡
ORD116188,2026-08-18,S03,P01,3,96.00,会员储值
ORD103884,2026-05-27,S01,P01,2,64.00,会员储值
ORD117159,2026-08-25,S02,P04,1,38.00,微信
ORD102740,2026-05-19,S01,P15,1,6.00,会员储值
ORD100398,2026-05-03,S02,P06,2,84.00,现金
ORD104135,2026-05-28,S05,P20,3,66.00,会员储值
ORD101144,2026-05-08,S05,P05,2,68.00,银行卡
ORD104137,2026-05-28,S05,P13,2,40.00,现金
ORD111063,2026-07-14,S04,P10,1,24.00,现金
ORD114189,2026-08-04,S05,P19,1,15.00,会员储值
ORD113352,2026-07-30,S04,P15,3,18.00,现金
ORD114812,2026-08-09,S01,P14,1,10.00,会员储值
ORD105702,2026-06-07,S05,P02,2,60.00,银行卡
ORD104236,2026-05-29,S04,P11,2,52.00,银行卡
ORD101533,2026-05-10,S05,P06,1,42.00,支付宝
ORD100606,2026-05-04,S04,P10,3,-72.00,微信
ORD117157,2026-08-25,S02,P09,2,36.00,银行卡
ORD107119,2026-06-18,S03,P08,1,25.00,会员储值
ORD101759,2026-05-12,S03,P08,1,25.00,支付宝
ORD100749,2026-05-05,S04,P16,3,15.00,现金
ORD116993,2026-08-23,S05,P03,1,26.00,支付宝
ORD117785,2026-08-29,S04,P20,2,44.00,银行卡
ORD110957,2026-07-13,S05,P04,2,76.00,微信
ORD112553,2026-07-25,S02,P14,1,10.00,支付宝
ORD106186,2026-06-12,S03,P08,2,50.00,微信
ORD111651,2026-07-18,S04,P08,1,25.00,银行卡
ORD104792,2026-06-02,S01,P01,2,64.00,会员储值
ORD107915,2026-06-23,S03,P13,2,40.00,微信
ORD114034,2026-08-03,S04,P12,1,8.00,银行卡
ORD102712,2026-05-18,S05,P13,1,20.00,会员储值
ORD109084,2026-07-01,S03,P02,2,60.00,微信
ORD103144,2026-05-22,S02,P04,1,38.00,现金
ORD116615,2026-08-22,S01,P04,1,38.00,现金
ORD111086,2026-07-14,S05,P14,1,10.00,会员储值
ORD117469,2026-08-27,S04,P10,1,24.00,会员储值
ORD117794,2026/8/29,S04,P10,2,48.00,现金
ORD108272,2026-06-26,S02,P01,2,64.00,现金
ORD104082,2026-05-28,S03,P10,1,24.00,银行卡
ORD108970,2026-06-30,S03,P08,2,50.00,银行卡
ORD113430,2026-07-31,S01,P18,1,18.00,银行卡
ORD116409,2026-08-20,S03,P08,2,50.00,会员储值
ORD106576,2026-06-14,S04,P07,1,22.00,现金
ORD110761,2026-07-12,S04,P16,1,5.00,银行卡
ORD107078,2026-06-18,S02,P06,3,87.00,现金
ORD106258,2026-06-12,S05,P20,1,22.00,现金
ORD105402,2026-06-06,S03,P07,2,44.00,银行卡
ORD106689,2026-06-15,S02,P04,1,38.00,会员储值
ORD112489,2026-07-25,S01,P10,1,24.00,银行卡
ORD113940,2026-08-03,S01,P02,1,30.00,现金
ORD115618,2026-08-17,S04,P10,1,-24.00,支付宝
ORD113648,2026-08-01,S03,P07,1,22.00,微信
ORD106528,2026-06-14,S02,P03,1,26.00,会员储值
ORD114541,2026-08-07,S04,P17,2,24.00,现金
ORD111516,2026-07-18,S01,P15,1,6.00,微信
ORD108955,2026-06-30,S03,P18,1,18.00,支付宝
ORD114632,2026-08-08,S02,P04,1,38.00,微信
ORD105453,2026-06-06,S04,P11,2,52.00,微信
ORD102066,2026-05-14,S05,P18,2,36.00,微信
ORD111241,2026-07-16,S01,P05,2,68.00,微信
ORD104738,2026-06-01,S04,P14,3,30.00,现金
ORD115642,2026-08-14,S05,P18,1,18.00,现金
ORD115907,2026-08-16,S02,P05,3,102.00,银行卡
ORD109493,2026-07-04,S02,P06,2,90.00,现金
ORD117452,2026-08-27,S03,P21,1,16.00,银行卡
ORD102759,2026-05-19,S01,P14,2,20.00,支付宝
ORD110865,2026-07-13,S01,P01,1,32.00,支付宝
ORD109908,2026-07-06,S04,P10,3,72.00,银行卡
ORD113891,2026-08-02,S04,P09,2,36.00,银行卡
ORD100003,2026-05-01,S01,P02,2,60.00,微信
ORD100596,2026-05-04,S03,P01,2,64.00,支付宝
ORD116500,2026-08-21,S01,P16,3,15.00,支付宝
ORD110649,2026-07-12,S01,P02,1,30.00,微信
ORD103090,2026-05-21,S05,P10,2,48.00,现金
ORD108263,2026-06-26,S02,P08,1,25.00,会员储值
ORD103953,2026-05-27,S03,P09,1,18.00,银行卡
ORD107497,2026-06-20,S05,P08,1,25.00,微信
ORD115249,2026-08-11,S05,P03,2,52.00,会员储值
ORD108849,2026-06-29,S04,P10,3,72.00,支付宝
ORD108236,2026-06-26,S01,P01,1,32.00,银行卡
ORD114662,2026-08-08,S02,P05,1,34.00,微信
ORD116931,2026-08-23,S04,P03,1,26.00,微信
ORD106377,2026-06-13,S03,P02,2,60.00,会员储值
ORD115155,2026-08-11,S02,P13,3,60.00,现金
ORD103551,2026-05-24,S04,P08,1,25.00,银行卡
ORD113491,2026-07-31,S04,P15,1,6.00,微信
ORD105739,2026-06-08,S01,P02,1,30.00,现金
ORD111940,2026-07-20,S02,P04,1,38.00,银行卡
ORD104878,2026-06-02,S04,P11,1,26.00,现金
ORD108099,2026-06-24,S05,P02,1,30.00,现金
ORD102198,2026-05-15,S05,P20,1,22.00,会员储值
ORD107274,2026-06-19,S03,P09,2,36.00,银行卡
ORD104158,2026-05-29,S01,P08,2,50.00,微信
ORD100602,2026-05-04,S03,P16,1,5.00,现金
ORD105187,2026-06-05,S01,P01,3,96.00,会员储值
ORD101041,2026-05-08,S01,P01,2,64.00,微信
ORD110843,2026-07-12,S05,P01,1,32.00,现金
ORD109832,2026-07-06,S01,P13,1,20.00,银行卡
ORD113602,2026-08-01,S02,P13,1,20.00,微信
ORD104013,2026-05-27,S05,P13,1,20.00,支付宝
ORD113235,2026-07-29,S04,P15,1,6.00,会员储值
ORD110526,2026-07-11,S02,P06,3,135.00,银行卡
ORD103130,2026-05-22,S01,P17,1,12.00,会员储值
ORD105897,2026-06-09,S05,P04,1,38.00,银行卡
ORD101535,2026-05-10,S05,P13,1,20.00,支付宝
ORD116470,2026-08-20,S05,P03,1,26.00,会员储值
ORD117552,2026-08-28,S02,P06,1,45.00,会员储值
ORD102012,2026-05-14,S03,P16,2,10.00,银行卡
ORD104322,2026-05-30,S02,P06,1,42.00,银行卡
ORD102946,2026-05-20,S04,P18,1,18.00,银行卡
ORD111823,2026-07-19,S04,P10,1,24.00,会员储值
ORD101563,2026-05-11,S01,P20,2,44.00,会员储值
ORD117108,2026-08-24,S05,P10,1,24.00,支付宝
ORD109753,2026-07-05,S04,P11,2,52.00,支付宝
ORD109092,2026-07-01,S03,P07,1,22.00,微信
ORD102096,2026-05-15,S01,P08,1,25.00,银行卡
ORD100567,2026-05-04,S02,P17,2,24.00,会员储值
ORD109327,2026-07-03,S02,P11,1,26.00,银行卡
ORD104370,2026-05-30,S03,P07,1,22.00,现金
ORD111667,2026-07-18,S05,P20,1,22.00,支付宝
ORD113553,2026-08-01,S01,P02,3,90.00,现金
ORD103450,2026-05-24,S01,P17,1,12.00,银行卡
ORD105050,2026-06-04,S01,P02,1,30.00,支付宝
ORD100597,2026-05-04,S03,P13,1,20.00,微信
ORD117999,2026-08-31,S05,P03,1,-26.00,微信
ORD107567,2026-06-21,S01,P02,3,90.00,会员储值
ORD103512,2026-05-24,S03,P05,1,,会员储值
ORD112963,2026-07-27,S04,P10,1,24.00,支付宝
ORD111678,2026-07-18,S05,P04,1,38.00,微信
ORD109368,2026-07-03,S04,P01,1,32.00,银行卡
ORD102392,2026-05-16,S05,P16,2,10.00,会员储值
ORD111083,2026-07-14,S04,P12,1,8.00,银行卡
ORD104827,2026-06-02,S02,P05,1,34.00,微信
ORD110909,2026-07-13,S03,P06,1,45.00,微信
ORD108249,2026-06-26,S01,P12,1,8.00,支付宝
ORD105296,2026-06-05,S05,P13,2,40.00,银行卡
ORD108842,2026-06-29,S04,P03,1,26.00,现金
ORD101689,2026-05-12,S01,P20,1,22.00,微信
ORD116444,2026-08-20,S04,P18,2,36.00,微信
ORD100151,2026-05-02,S01,P13,1,20.00,微信
ORD117721,2026-08-29,S02,P06,1,45.00,支付宝
ORD102130,2026-05-15,S02,P04,2,76.00,微信
ORD117358,2026-08-26,S04,P14,1,10.00,微信
ORD105160,2026-06-04,S05,P14,1,10.00,微信
ORD114659,2026-08-08,S02,P05,2,68.00,银行卡
ORD107892,2026-06-23,S02,P06,1,42.00,支付宝
ORD106786,2026-06-16,S01,P01,3,96.00,银行卡
ORD107087,2026-06-18,S02,P06,2,58.00,现金
ORD117787,2026-08-29,S04,P10,1,24.00,支付宝
ORD115564,2026-08-14,S02,P05,2,68.00,现金
ORD106851,2026-06-16,S04,P11,1,26.00,银行卡
ORD101872,2026-05-13,S03,P11,2,52.00,会员储值
ORD113141,2026-07-29,S01,P08,2,50.00,现金
ORD118065,2026-08-31,S02,P04,1,38.00,现金
ORD101885,2026-05-13,S03,P09,1,18.00,微信
ORD106059,2026-06-11,S02,P06,2,84.00,微信
ORD111563,2026-07-18,S02,P04,1,38.00,微信
ORD105937,2026-06-10,S01,P01,1,32.00,微信
ORD111800,2026-07-19,S03,P16,1,5.00,银行卡
ORD116425,2026-08-20,S03,P15,1,6.00,支付宝
ORD118044,2026-08-31,S01,P02,1,30.00,银行卡
ORD100702,2026-05-05,S02,P04,3,114.00,会员储值
ORD104487,2026-05-31,S01,P01,1,32.00,会员储值
ORD112238,2026-07-22,S03,P08,2,50.00,银行卡
ORD116999,2026-08-24,S01,P14,2,20.00,银行卡
ORD105087,2026-06-04,S02,P06,1,42.00,会员储值
ORD105001,2026-06-03,S04,P15,1,6.00,会员储值
ORD111669,2026-07-18,S05,P01,3,96.00,会员储值
ORD105968,2026-06-10,S02,P01,1,32.00,现金
ORD102769,2026-05-19,S02,P06,2,84.00,支付宝
ORD103487,2026-05-24,S02,P17,1,12.00,支付宝
ORD100601,2026-05-04,S03,P08,2,50.00,现金
ORD106083,2026-06-11,S04,P03,1,26.00,支付宝
ORD100354,2026-05-03,S01,P09,1,18.00,银行卡
ORD116962,2026-08-23,S05,P19,1,15.00,支付宝
ORD111096,2026-07-14,S05,P19,1,15.00,支付宝
ORD108450,2026-06-27,S03,P04,2,76.00,支付宝
ORD116051,2026-08-17,S01,P21,2,32.00,会员储值
ORD115761,2026-08-15,S03,P21,2,32.00,会员储值
ORD114374,2026-08-06,S02,P04,1,38.00,银行卡
ORD104613,2026-05-31,S04,P11,1,26.00,银行卡
ORD106298,2026-06-13,S01,P03,2,52.00,微信
ORD114577,2026-08-07,S05,P08,1,25.00,现金
ORD106737,2026-06-15,S04,P03,2,52.00,微信
ORD109510,2026-07-04,S03,P13,2,40.00,现金
ORD101593,2026-05-11,S02,P05,2,68.00,现金
ORD101444,2026-05-10,S03,P09,1,18.00,银行卡
ORD113163,2026-07-29,S01,P01,1,32.00,会员储值
ORD104008,2026-05-27,S05,P07,1,22.00,支付宝
ORD117608,2026-08-28,S04,P18,1,18.00,微信
ORD111661,2026-07-18,S05,P13,1,20.00,银行卡
ORD114580,2026-08-07,S05,P07,1,22.00,支付宝
ORD108061,2026-06-24,S04,P10,1,24.00,会员储值
ORD113420,2026-07-31,S01,P05,1,34.00,会员储值
ORD114622,2026-08-08,S01,P13,1,20.00,现金
ORD115789,2026-08-15,S04,P09,1,18.00,现金
ORD107437,2026-06-20,S03,P09,3,54.00,现金
ORD109344,2026-07-03,S03,P01,2,64.00,会员储值
ORD106496,2026-06-14,S02,P04,1,38.00,现金
ORD110338,2026/7/10,S01,P01,1,,现金
ORD111137,2026-07-15,S02,P04,3,114.00,支付宝
ORD109818,2026-07-06,S01,P01,1,32.00,支付宝
ORD114312,2026-08-05,S04,P14,1,10.00,支付宝
ORD115099,2026-08-10,S04,P07,3,66.00,现金
ORD100677,2026-05-05,S01,P15,2,12.00,银行卡
ORD108490,2026-06-27,S04,P11,2,52.00,银行卡
ORD114704,2026-08-08,S03,P17,3,36.00,现金
ORD112417,2026-07-23,S05,P10,2,48.00,微信
ORD102420,2026-05-17,S01,P18,2,36.00,微信
ORD104273,2026-05-29,S05,P20,2,44.00,支付宝
ORD115534,2026-08-14,S01,P01,3,96.00,微信
ORD104904,2026-06-02,S05,P04,2,76.00,会员储值
ORD111890,2026-07-19,S05,P13,1,20.00,银行卡
ORD117695,2026-08-29,S02,P03,2,52.00,微信
ORD102963,2026-05-20,S05,P09,1,18.00,银行卡
ORD109431,2026-07-04,S01,P17,2,24.00,支付宝
ORD104416,2026-05-30,S04,P11,2,52.00,微信
ORD103176,2026-05-22,S03,P13,2,40.00,微信
ORD109578,2026-07-04,S05,P04,2,76.00,银行卡
ORD117333,2026-08-26,S03,P16,3,15.00,银行卡
ORD107854,2026-06-23,S01,P12,1,8.00,支付宝
ORD115079,2026-08-10,S04,P21,1,16.00,支付宝
ORD115610,2026-08-14,S04,P21,1,16.00,会员储值
ORD110163,2026-07-08,S04,P15,2,12.00,支付宝
ORD102512,2026-05-17,S03,P02,2,60.00,银行卡
ORD109238,2026-07-02,S04,P11,2,52.00,支付宝
ORD106699,2026-06-15,S03,P09,2,36.00,现金
ORD116820,2026-08-23,S01,P02,0,30.00,会员储值
ORD109781,2026-07-05,S05,P14,3,30.00,会员储值
ORD116721,2026-08-22,S03,P08,1,25.00,会员储值
ORD103589,2026-05-24,S05,P04,3,114.00,会员储值
ORD105793,2026-06-08,S05,P08,1,25.00,支付宝
ORD114227,2026-08-05,S01,P15,2,12.00,会员储值
ORD104675,2026-06-01,S01,P04,1,38.00,银行卡
ORD103107,2026-05-21,S05,P13,2,40.00,支付宝
ORD105817,2026-06-08,S05,P07,2,44.00,银行卡
ORD113884,2026-08-02,S04,P11,1,26.00,现金
ORD114790,2026-08-08,S05,P03,1,26.00,银行卡
ORD110479,2026-07-11,S01,P18,1,18.00,微信
ORD104446,2026-05-30,S05,P02,2,60.00,现金
ORD103841,2026-05-26,S04,P08,2,50.00,现金
ORD109928,2026-07-06,S05,P19,2,30.00,银行卡
ORD101002,2026-05-07,S04,P01,1,32.00,会员储值
ORD111838,2026-07-19,S04,P18,2,36.00,微信
ORD113335,2026-07-30,S03,P07,1,22.00,微信
ORD111729,2026-07-19,S01,P01,1,32.00,微信
ORD116276,2026-08-19,S01,P11,2,52.00,会员储值
ORD107857,2026-06-23,S01,P08,1,25.00,微信
ORD115943,2026-08-16,S03,P08,2,50.00,银行卡
ORD103713,2026-05-25,S04,P01,1,32.00,现金
ORD110911,2026-07-13,S03,P09,2,36.00,支付宝
ORD116913,2026-08-23,S03,P21,2,32.00,会员储值
ORD109109,2026-07-01,S04,P12,1,8.00,银行卡
ORD107617,2026-06-21,S03,P01,3,96.00,现金
ORD108639,2026-06-28,S02,P02,1,30.00,现金
ORD101547,2026-05-10,S05,P03,1,26.00,现金
ORD109844,2026-07-06,S02,P17,1,12.00,支付宝
ORD116695,2026-08-22,S03,P18,1,18.00,银行卡
ORD105984,2026-06-10,S04,P14,1,10.00,微信
ORD111483,2026-07-17,S05,P06,1,45.00,银行卡
ORD105701,2026-06-07,S05,P11,1,26.00,现金
ORD111692,2026-07-18,S05,P20,1,22.00,微信
ORD112670,2026-07-25,S05,P20,2,44.00,支付宝
ORD116240,2026-08-18,S05,P03,1,26.00,银行卡
ORD111793,2026-07-19,S03,P03,2,52.00,微信
ORD115957,2026-08-16,S03,P08,1,25.00,会员储值
ORD102106,2026-05-15,S01,P17,1,12.00,银行卡
ORD106107,2026-06-11,S05,P03,1,26.00,会员储值
ORD102719,2026-05-18,s05,P20,2,44.00,现金
ORD111248,2026-07-16,S01,P01,3,96.00,会员储值
ORD104258,2026-05-29,S05,P03,1,26.00,银行卡
ORD113518,2026-07-31,S05,P15,1,6.00,现金
ORD108705,2026-06-28,S04,P19,2,30.00,微信
ORD111290,2026-07-16,S02,P04,1,38.00,现金
ORD105501,2026-06-06,S05,P03,2,52.00,会员储值
ORD110627,2026-07-11,S05,P12,1,8.00,现金
ORD101569,2026-05-11,S01,P01,1,32.00,现金
ORD109289,2026-07-03,S01,P01,1,32.00,支付宝
ORD107368,2026-06-20,S02,P05,1,34.00,现金
ORD111498,2026-07-17,S05,P20,1,22.00,会员储值
ORD108167,2026-06-25,S03,P08,3,75.00,现金
ORD115343,2026-08-12,S04,P10,1,24.00,支付宝
ORD102617,2026-05-18,S01,P09,3,54.00,会员储值
ORD100038,2026-05-01,S02,P06,2,84.00,银行卡
ORD109419,2026-07-03,S05,P09,1,18.00,银行卡
ORD104455,2026-05-30,S05,P13,1,20.00,微信
ORD116019,2026-08-16,S05,P05,1,34.00,会员储值
ORD109923,2026-07-06,S05,P07,1,22.00,银行卡
ORD109800,2026-07-05,S05,P08,1,25.00,银行卡
ORD117688,2026-08-29,S02,P14,2,20.00,微信
ORD114820,2026-08-09,S01,P07,1,22.00,会员储值
ORD112857,2026-07-26,S05,P09,1,18.00,现金
ORD117985,2026-08-30,S04,P03,2,52.00,支付宝
ORD103746,2026-05-25,S05,P20,1,22.00,微信
ORD103053,2026-05-21,s03,P07,2,44.00,会员储值
ORD109690,2026-07-05,S02,P15,1,6.00,支付宝
ORD114907,2026-08-09,S03,P08,2,50.00,会员储值
ORD103767,2026-05-26,S01,P13,2,40.00,银行卡
ORD106020,2026-06-10,S05,P09,1,18.00,微信
ORD108244,2026-06-26,S01,P01,1,32.00,支付宝
ORD105311,2026-06-05,S05,P07,1,22.00,现金
ORD117329,2026-08-26,S03,P09,2,36.00,银行卡
ORD116239,2026-08-18,S05,P01,1,,银行卡
ORD106080,2026-06-11,S04,P03,2,52.00,支付宝
ORD111921,2026-07-20,S01,P16,2,10.00,会员储值
ORD100971,2026-05-07,S03,P03,1,26.00,微信
ORD110634,2026-07-11,S05,P20,1,22.00,支付宝
ORD106785,2026-06-16,S01,P12,1,8.00,现金
ORD114940,2026-08-09,S04,P10,2,48.00,会员储值
ORD103408,2026-05-23,S05,P06,2,84.00,支付宝
ORD102154,2026-05-15,S03,P07,1,22.00,银行卡
ORD112472,2026-07-24,S04,P11,1,26.00,银行卡
ORD100049,2026-05-01,S02,P12,2,16.00,银行卡
ORD103755,2026-05-26,S01,P16,1,5.00,现金
ORD106179,2026-06-12,S02,P04,2,76.00,现金
ORD114270,2026-08-05,S03,P08,1,25.00,会员储值
ORD115597,2026-08-14,S04,P13,1,20.00,银行卡
ORD111875,2026-07-19,S05,P20,1,22.00,微信
ORD107269,2026-06-19,S03,P01,1,32.00,银行卡
ORD104121,2026-05-28,S05,P19,1,15.00,银行卡
ORD100667,2026-05-05,S01,P12,2,16.00,会员储值
ORD101456,2026-05-10,S03,P08,3,75.00,支付宝
ORD104189,2026-05-29,S02,P05,3,102.00,支付宝
ORD113050,2026-07-28,S02,P04,2,76.00,现金
ORD105738,2026-06-08,S01,P12,1,8.00,支付宝
ORD106102,2026-06-11,S05,P14,2,20.00,支付宝
ORD106719,2026-06-15,S04,P03,2,52.00,支付宝
ORD111799,2026-07-19,S03,P01,1,32.00,现金
ORD116780,2026-08-22,S05,P08,1,25.00,支付宝
ORD107249,2026-06-19,S02,P18,1,18.00,会员储值
ORD104399,2026-05-30,S04,P16,2,10.00,微信
ORD104953,2026-06-03,S02,P11,2,52.00,现金
ORD101991,2026-05-14,S02,P06,1,42.00,银行卡
ORD116126,2026-08-17,S05,P15,1,6.00,微信
ORD106337,2026-06-13,S02,P06,1,42.00,会员储值
ORD104564,2026-05-31,S03,P14,1,10.00,会员储值
ORD115816,2026-08-15,S05,P05,1,34.00,现金
ORD104227,2026-05-29,S04,P10,2,48.00,银行卡
ORD110251,2026-07-09,S03,P09,1,18.00,微信
ORD104886,2026-06-02,S05,P01,1,32.00,支付宝
ORD100640,2026-05-04,S05,P02,2,60.00,支付宝
ORD106479,2026-06-14,S01,P16,1,5.00,现金
ORD111057,2026-07-14,S03,P13,3,60.00,微信
ORD104061,2026-05-28,S02,P14,2,20.00,银行卡
ORD114950,2026-08-09,S04,P15,1,6.00,银行卡
ORD117354,2026-08-26,S04,P18,2,36.00,微信
ORD109722,2026-07-05,S03,P08,1,25.00,会员储值
ORD115329,2026-08-12,S03,P07,1,22.00,现金
ORD101521,2026-05-10,S05,P03,2,52.00,会员储值
ORD111251,2026-07-16,S01,P18,1,18.00,银行卡
ORD117739,2026-08-29,S03,P07,1,22.00,会员储值
ORD115030,2026-08-10,S02,P17,1,12.00,支付宝
ORD113980,2026-08-03,S02,P06,2,90.00,支付宝
ORD115684,2026-08-15,S02,P06,1,45.00,现金
ORD117123,2026-08-24,S05,P12,2,16.00,支付宝
ORD112475,2026-07-24,S05,P19,1,15.00,现金
ORD101221,2026-05-09,S02,P06,1,42.00,微信
ORD112605,2026-07-25,S04,P09,1,18.00,支付宝
ORD109453,2026-07-04,S01,P10,1,24.00,银行卡
ORD110430,2026-07-10,S04,P13,2,40.00,银行卡
ORD116395,2026-08-20,S02,P21,1,16.00,微信
ORD101302,2026-05-09,S04,P15,2,12.00,微信
ORD116249,2026-08-18,S05,P08,2,50.00,会员储值
ORD100682,2026-05-05,S02,P05,1,34.00,会员储值
ORD102675,2026-05-18,S03,P02,3,90.00,会员储值
ORD116622,22-08-2026,S01,P02,2,60.00,微信
ORD101187,2026-05-09,S01,P16,1,5.00,现金
ORD115483,2026-08-13,S04,P21,1,16.00,微信
ORD107318,2026-06-19,S05,P14,1,10.00,支付宝
ORD105337,2026-06-06,S01,P02,3,90.00,现金
ORD103066,2026-05-21,S04,P01,3,96.00,微信
ORD110903,2026-07-13,S03,P09,2,36.00,微信
ORD110999,2026-07-14,S01,P01,1,32.00,现金
ORD110226,2026-07-09,S02,P05,1,34.00,银行卡
ORD118152,2026-08-31,S05,P17,2,24.00,支付宝
ORD113466,2026-07-31,S03,P08,1,25.00,微信
ORD100985,2026-05-07,S04,P10,1,24.00,会员储值
ORD106514,2026-06-14,S02,P12,2,16.00,银行卡
ORD100650,2026-05-04,S05,P09,1,18.00,支付宝
ORD103659,2026-05-25,S02,P03,1,26.00,现金
ORD101491,2026-05-10,S04,P14,1,10.00,微信
ORD115063,2026-08-10,S03,P08,1,25.00,会员储值
ORD102453,2026-05-17,S01,P01,2,64.00,支付宝
ORD107920,2026-06-23,S03,P12,1,8.00,现金
ORD113487,2026-07-31,S04,P20,2,44.00,银行卡
ORD105351,2026-06-06,S01,P15,1,6.00,银行卡
ORD106156,2026-06-12,S02,P19,2,30.00,现金
ORD116938,2026-08-23,S04,P02,1,30.00,微信
ORD108981,2026-06-30,S04,P04,2,76.00,现金
ORD108363,2026-06-27,S01,P18,1,18.00,微信
ORD111827,2026-07-19,S04,P15,1,6.00,银行卡
ORD110308,2026-07-09,S05,P11,2,52.00,现金
ORD105339,2026-06-06,S01,P12,2,16.00,会员储值
ORD116209,2026-08-18,S04,P04,1,38.00,银行卡
ORD114503,2026-08-07,S02,P05,2,68.00,会员储值
ORD102720,2026-05-18,S05,P08,2,50.00,会员储值
ORD106526,2026-06-14,S02,P02,1,30.00,会员储值
ORD110109,2026-07-08,S02,P06,2,90.00,现金
ORD107876,2026-06-23,S01,P13,3,60.00,支付宝
ORD110275,2026-07-09,S03,P07,1,22.00,现金
ORD105542,07-06-2026,S01,P01,1,32.00,会员储值
ORD116411,2026-08-20,S03,P09,1,18.00,银行卡
ORD109080,2026-07-01,S03,P07,1,22.00,银行卡
ORD114257,2026-08-05,S02,P05,3,102.00,银行卡
ORD103211,2026-05-22,S05,P19,1,15.00,现金
ORD110404,2026-07-10,S03,P07,2,44.00,微信
ORD112498,2026-07-25,S01,P01,2,64.00,现金
ORD102380,2026-05-16,S04,P13,3,60.00,会员储值
ORD113359,2026-07-30,S04,P17,1,12.00,支付宝
ORD104430,2026-05-30,S05,P15,1,6.00,会员储值
ORD115755,2026-08-15,S03,P09,1,18.00,会员储值
ORD114533,2026-08-07,S03,P09,2,36.00,会员储值
ORD111033,2026-07-14,S03,P10,1,24.00,支付宝
ORD115742,2026-08-15,S03,P08,3,75.00,会员储值
ORD104145,2026-05-29,S01,P02,1,30.00,银行卡
ORD117377,2026-08-26,S05,P04,1,38.00,现金
ORD100653,2026-05-04,S05,P16,1,5.00,银行卡
ORD117080,2026-08-24,S04,P21,1,16.00,会员储值
ORD107158,2026-06-18,S04,P01,2,64.00,银行卡
ORD112481,2026-07-24,S05,P05,2,68.00,现金
ORD111054,2026-07-14,S03,P03,1,26.00,银行卡
ORD106708,2026-06-15,S03,P13,2,40.00,现金
ORD114393,2026-08-06,S03,P21,1,16.00,会员储值
ORD109948,2026-07-07,S01,P09,1,18.00,会员储值
ORD111960,2026-07-20,S03,P09,1,18.00,银行卡
ORD105977,2026-06-10,S04,P12,1,8.00,银行卡
ORD112097,2026-07-21,S03,P15,2,12.00,微信
ORD111301,2026-07-16,S03,P12,1,8.00,会员储值
ORD107995,2026-06-24,S01,P17,3,36.00,微信
ORD110977,2026-07-13,S05,P07,2,44.00,银行卡
ORD101599,2026-05-11,S02,P04,2,76.00,支付宝
ORD104169,2026-05-29,S01,P12,2,16.00,现金
ORD117594,2026-08-28,S04,P21,1,16.00,支付宝
ORD111783,2026-07-19,S02,P06,2,90.00,会员储值
ORD113623,2026-08-01,S03,P07,1,22.00,会员储值
ORD104159,2026-05-29,S01,P02,1,30.00,微信
ORD109509,2026-07-04,S03,P09,1,18.00,现金
ORD111907,2026-07-20,S01,P12,1,8.00,现金
ORD102141,2026/5/15,S03,P07,1,22.00,微信
ORD109580,2026-07-04,S05,P06,1,45.00,支付宝
ORD113548,2026-08-01,S01,P14,1,10.00,现金
ORD118120,2026-08-31,S04,P10,2,48.00,微信
ORD104434,2026-05-30,S05,P20,1,22.00,微信
ORD108584,2026-06-28,S01,P02,3,90.00,支付宝
ORD100164,2026-05-02,S01,P08,1,25.00,会员储值
ORD114099,2026-08-04,S01,P03,1,-26.00,现金
ORD109924,2026-07-06,S05,P13,1,20.00,现金
ORD106485,2026-06-14,S01,P02,1,30.00,微信
ORD106081,2026-06-11,S04,P12,1,8.00,现金
ORD101605,2026-05-11,S02,P20,1,22.00,现金
ORD111231,2026-07-15,S05,P04,1,38.00,现金
ORD115268,2026-08-12,S01,P02,2,60.00,银行卡
ORD113646,2026-08-01,S03,P21,1,16.00,会员储值
ORD104266,2026-05-29,S05,P03,1,26.00,现金
ORD117038,2026-08-24,S02,P04,1,38.00,银行卡
ORD116107,2026-08-17,S04,P09,1,18.00,微信
ORD108638,2026-06-28,S02,P14,2,20.00,支付宝
ORD107687,2026-06-21,S05,P19,3,45.00,支付宝
ORD105369,2026-06-06,S02,P06,2,84.00,微信
ORD112630,2026-07-25,S04,P11,1,26.00,会员储值
ORD108555,2026-06-27,S05,P20,1,22.00,现金
ORD104872,2026-06-02,S04,P12,1,8.00,会员储值
ORD104042,2026-05-28,S02,P11,1,¥26.00,会员储值
ORD106604,2026-06-14,S04,P10,2,48.00,现金
ORD108005,2026-06-24,S02,P03,1,26.00,支付宝
ORD106972,2026-06-17,S04,P12,1,8.00,微信
ORD112659,2026-07-25,S05,P13,1,,现金
ORD107874,2026-06-23,S01,P02,2,60.00,微信
ORD102243,2026-05-16,S01,P01,2,64.00,现金
ORD103832,2026-05-26,S04,P19,2,30.00,银行卡
ORD110239,2026-07-09,S02,P15,2,12.00,支付宝
ORD116115,2026-08-17,S04,P18,1,18.00,支付宝
ORD112307,2026-07-23,S01,P02,2,60.00,微信
ORD111169,2026-07-15,S03,P06,1,45.00,微信
ORD106574,2026-06-14,S04,P18,1,18.00,支付宝
ORD101419,2026-05-10,S02,P06,3,126.00,会员储值
ORD105556,2026-06-07,S02,P05,1,34.00,支付宝
ORD103838,2026-05-26,S04,P13,1,20.00,银行卡
ORD114153,2026-08-04,S03,P01,2,64.00,会员储值
ORD107045,2026-06-18,S02,P04,2,76.00,现金
ORD112800,2026-07-26,S04,P08,3,75.00,微信
ORD112072,2026-07-21,S02,P05,2,68.00,银行卡
ORD118012,2026-08-30,S05,P06,1,45.00,微信
ORD115746,2026-08-15,S03,P07,1,22.00,银行卡
ORD106610,2026-06-14,S05,P17,1,12.00,微信
ORD116460,2026-08-20,S05,P19,1,15.00,微信
ORD118128,2026-08-31,S04,P21,1,16.00,现金
ORD109906,2026-07-06,S04,P15,2,12.00,支付宝
ORD113782,2026-08-02,S02,P06,1,45.00,现金
ORD117549,2026-08-28,S02,P18,2,36.00,支付宝
ORD102803,2026-05-19,S03,P09,1,18.00,现金
ORD108685,2026-06-28,S03,P17,1,12.00,微信
ORD109880,2026-07-06,S03,P09,3,54.00,现金
ORD112436,2026/7/24,S01,P01,2,64.00,微信
ORD100513,2026-05-03,S05,P06,2,84.00,现金
ORD102876,2026-05-20,S01,P02,1,30.00,微信
ORD113445,2026-07-31,S02,P07,1,22.00,现金
ORD109972,2026-07-07,S02,P05,2,68.00,银行卡
ORD101467,2026-05-10,S03,P09,2,36.00,银行卡
ORD116692,2026-08-22,S03,P08,1,25.00,银行卡
ORD116754,2026-08-22,S04,P10,1,24.00,微信
ORD104398,2026-05-30,S04,P04,2,76.00,银行卡
ORD105910,2026-06-09,S05,P02,2,60.00,支付宝
ORD101455,2026-05-10,S03,P07,3,66.00,微信
ORD102304,2026-05-16,S03,P15,2,12.00,银行卡
ORD109987,2026/7/7,S02,P05,3,102.00,会员储值
ORD118129,2026-08-31,S04,P17,1,12.00,现金
ORD114470,2026-08-07,S01,P20,1,22.00,现金
ORD112058,2026-07-21,S02,P07,2,44.00,银行卡
ORD105743,2026-06-08,S02,P16,1,5.00,微信
ORD108765,2026-06-29,S01,P14,2,20.00,支付宝
ORD106248,2026-06-12,S05,P12,1,8.00,微信
ORD110746,2026-07-12,S03,P07,2,44.00,微信
ORD110900,2026-07-13,S03,P09,2,36.00,微信
ORD102977,2026-05-20,S05,P02,3,90.00,银行卡
ORD111961,2026-07-20,S03,P07,2,44.00,现金
ORD111970,2026-07-20,S03,P14,1,10.00,现金
ORD104769,2026-06-01,S05,P17,1,12.00,现金
ORD108031,2026-06-24,S02,P17,1,12.00,微信
ORD112381,2026-07-23,S04,P10,1,24.00,支付宝
ORD110893,2026-07-13,S02,P15,2,12.00,会员储值
ORD108352,2026-06-26,S05,P06,1,42.00,支付宝
ORD108389,2026-06-27,S01,P13,2,40.00,银行卡
ORD110801,2026-07-12,S04,P11,3,78.00,微信
ORD116767,2026-08-22,S05,P09,1,18.00,微信
ORD110667,2026-07-12,S01,P03,1,26.00,银行卡
ORD106930,2026-06-17,S02,P04,1,38.00,微信
ORD111387,2026-07-17,S01,P11,1,26.00,支付宝
ORD102245,2026-05-16,S01,P02,1,30.00,现金
ORD109235,2026-07-02,S03,P11,1,26.00,支付宝
ORD102996,2026-05-21,S01,P01,1,32.00,会员储值
ORD102068,2026-05-14,S05,P14,1,10.00,会员储值
ORD113924,2026-08-02,S05,P21,1,16.00,微信
ORD108623,2026-06-28,S02,P06,1,42.00,支付宝
ORD101935,2026-05-13,S05,P04,1,38.00,微信
ORD111097,2026-07-14,S05,P01,1,32.00,支付宝
ORD111237,2026-07-15,S05,P10,1,24.00,银行卡
ORD108964,2026-06-30,S03,P07,1,22.00,支付宝
ORD111246,2026-07-16,S01,P03,3,78.00,会员储值
ORD111575,2026-07-18,S02,P03,2,52.00,微信
ORD101261,2026-05-09,S03,P07,1,22.00,会员储值
ORD103850,2026-05-26,S04,P10,1,24.00,会员储值
ORD115397,2026-08-13,S01,P02,1,30.00,支付宝
ORD117181,2026-08-25,S03,P10,2,48.00,支付宝
ORD104354,2026-05-30,S02,P19,2,30.00,会员储值
ORD116799,2026-08-22,S05,P07,2,44.00,微信
ORD101288,2026-05-09,S04,P04,1,38.00,微信
ORD100284,2026-05-02,S04,P06,1,42.00,银行卡
ORD105502,2026-06-06,S05,P01,1,32.00,现金
ORD113970,2026-08-03,S02,P05,1,34.00,银行卡
ORD113064,2026-07-28,S03,P03,1,26.00,银行卡
ORD100557,2026-05-04,S02,P16,1,5.00,微信
ORD100320,2026-05-02,S05,P06,1,42.00,支付宝
ORD101016,2026-05-07,S05,P13,1,20.00,会员储值
ORD100885,2026-05-06,S05,P05,2,68.00,微信
ORD105895,2026-06-09,S04,P15,2,12.00,微信
ORD116661,2026-08-22,S02,P05,1,34.00,微信
ORD100267,2026-05-02,S04,P04,2,76.00,现金
ORD113453,2026-07-31,S02,P07,2,44.00,微信
ORD105503,2026-06-06,S05,P07,2,44.00,现金
ORD116326,2026-08-19,S05,P21,1,16.00,会员储值
ORD117805,2026-08-29,S05,P20,1,22.00,微信
ORD115938,2026-08-16,S03,P09,2,36.00,现金
ORD114848,2026-08-09,S02,P04,1,38.00,现金
ORD117771,2026-08-29,S04,P10,2,48.00,银行卡
ORD114819,2026-08-09,S01,P16,1,5.00,微信
ORD101042,2026-05-08,S01,P01,1,32.00,现金
ORD115929,2026-08-16,S03,P12,3,,会员储值
ORD103875,2026-05-26,S05,P12,2,16.00,支付宝
ORD106178,2026-06-12,S02,P03,2,52.00,会员储值
ORD107853,2026-06-23,S01,P01,1,32.00,现金
ORD107992,2026-06-24,S01,P16,1,5.00,银行卡
ORD110423,2026-07-10,S04,P08,2,50.00,银行卡
ORD111346,2026-07-16,S04,P01,1,32.00,微信
ORD103651,2026-05-25,S02,P05,2,68.00,现金
ORD101812,2026-05-12,S05,P02,3,90.00,现金
ORD105782,2026-06-08,S04,P10,1,24.00,银行卡
ORD117408,2026-08-27,S01,P15,2,12.00,微信
ORD106411,2026-06-13,S04,P02,1,30.00,会员储值
ORD100092,2026-05-01,S04,P10,2,48.00,微信
ORD116666,2026-08-22,S02,P06,3,135.00,微信
ORD110660,2026-07-12,S01,P05,1,34.00,支付宝
ORD100616,2026-05-04,S04,P10,2,48.00,银行卡
ORD106071,2026-06-11,S02,P06,1,42.00,支付宝
ORD110204,2026-07-09,S01,P20,2,44.00,微信
ORD106292,2026-06-13,S01,P01,1,32.00,银行卡
ORD115363,2026-08-12,S05,P03,1,26.00,现金
ORD105767,2026-06-08,S04,P10,1,24.00,支付宝
ORD114036,2026-08-03,S04,P99,1,24.00,微信
ORD108164,2026-06-25,S03,P06,1,42.00,支付宝
ORD103188,2026-05-22,S04,P14,1,10.00,银行卡
ORD105653,2026-06-07,S04,P11,2,52.00,现金
ORD107196,2026-06-18,S05,P19,2,30.00,银行卡
ORD104805,2026-06-02,S01,P02,1,30.00,现金
ORD104631,2026-05-31,S05,P20,1,22.00,银行卡
ORD105660,2026-06-07,S04,P11,1,26.00,支付宝
ORD113421,2026-07-31,S01,P10,1,24.00,银行卡
ORD114442,2026-08-06,S05,P13,2,40.00,现金
ORD115290,2026-08-12,S02,P16,2,10.00,会员储值
ORD110319,2026-07-09,S05,P18,2,36.00,现金
ORD111897,2026-07-19,S05,P19,2,,会员储值
ORD106027,2026-06-11,S01,P15,1,6.00,微信
ORD105697,2026-06-07,S05,P14,1,10.00,银行卡
ORD117283,2026-08-26,S02,P06,1,45.00,支付宝
ORD104946,2026-06-03,S02,P04,2,76.00,现金
ORD110329,2026-07-10,S01,P01,1,32.00,现金
ORD112071,2026-07-21,S02,P02,1,30.00,现金
ORD108160,2026-06-25,S03,P09,1,18.00,支付宝
ORD111682,2026-07-18,S05,P05,3,102.00,现金
ORD101193,2026-05-09,S01,P02,1,30.00,银行卡
ORD105953,2026-06-10,S02,P05,1,34.00,银行卡
ORD106512,2026-06-14,S02,P06,3,126.00,支付宝
ORD107742,2026-06-22,S01,P08,1,¥25.00,微信
ORD117830,2026-08-29,S05,P19,2,30.00,支付宝
ORD103078,2026-05-21,S04,P10,3,72.00,支付宝
ORD114323,2026-08-05,S05,P07,3,66.00,支付宝
ORD105613,2026-06-07,S03,P07,1,22.00,微信
ORD105765,2026-06-08,S02,P06,3,126.00,微信
ORD114006,2026-08-03,S03,P07,2,44.00,支付宝
ORD102537,2026-05-17,S04,P17,1,12.00,微信
ORD107819,2026-06-22,S04,P18,2,36.00,支付宝
ORD105635,2026-06-07,S04,P17,1,12.00,支付宝
ORD100333,2026-05-03,S01,P13,1,20.00,支付宝
ORD105149,2026-06-04,S04,P03,1,26.00,银行卡
ORD115557,2026-08-14,S02,P05,1,34.00,支付宝
ORD107802,2026-06-22,S04,P04,1,38.00,现金
ORD116040,2026-08-16,S05,P19,1,15.00,现金
ORD117609,2026-08-28,S04,P17,1,12.00,支付宝
ORD115903,2026-08-16,S02,P21,1,16.00,银行卡
ORD101094,2026-05-08,S03,P06,1,42.00,支付宝
ORD117053,2026-08-24,S03,P09,1,18.00,支付宝
ORD104406,2026-05-30,S04,P10,2,48.00,银行卡
ORD113340,2026-07-30,S03,P07,1,22.00,银行卡
ORD111074,2026-07-14,S04,P10,2,48.00,微信
ORD110798,2026-07-12,S04,P15,1,6.00,支付宝
ORD104922,2026-06-03,S01,P02,2,60.00,支付宝
ORD112644,2026-07-25,S05,P03,2,52.00,微信
ORD111752,2026-07-19,S02,P08,2,50.00,现金
ORD105727,2026-06-08,S01,P02,2,60.00,微信
ORD116277,2026-08-19,S01,P02,1,30.00,微信
ORD112600,2026-07-25,S03,P13,2,40.00,微信
ORD103411,2026-05-23,S05,P06,1,42.00,微信
ORD114328,2026-08-05,S05,P05,1,34.00,银行卡
ORD106359,2026-06-13,S03,P08,1,25.00,微信
ORD103501,2026-05-24,S02,P13,2,40.00,现金
ORD112052,2026-07-21,S01,P02,1,30.00,现金
ORD105493,2026-06-06,S05,P03,2,52.00,微信
ORD105669,2026-06-07,S04,P10,1,24.00,支付宝
ORD108973,2026-06-30,S03,P08,2,50.00,现金
ORD113960,2026-08-03,S01,P02,1,30.00,会员储值
ORD106987,2026-06-17,S04,P09,1,18.00,会员储值
ORD110190,08-07-2026,S05,P01,1,,微信
ORD109855,2026-07-06,S02,P05,2,68.00,会员储值
ORD111653,2026-07-18,S04,P10,2,48.00,支付宝
ORD110582,2026-07-11,S04,P10,1,24.00,银行卡
ORD109625,2026-07-05,S01,P16,3,15.00,银行卡
ORD114280,2026-08-05,S03,P07,2,44.00,微信
ORD114487,2026-08-07,S01,P02,2,60.00,会员储值
ORD114182,2026-08-04,S05,P14,1,10.00,现金
ORD112313,2026-07-23,S01,P03,1,26.00,微信
ORD104194,2026-05-29,S02,P05,2,68.00,现金
ORD112187,2026-07-22,S02,P05,1,34.00,银行卡
ORD117347,2026-08-26,S04,P15,2,12.00,微信
ORD104515,2026-05-31,S02,P14,1,10.00,微信
ORD100114,2026-05-01,S05,P13,1,20.00,支付宝
ORD108683,2026-06-28,S03,P08,1,25.00,银行卡
ORD102784,2026-05-19,S02,P04,1,38.00,支付宝
ORD109075,2026/7/1,S02,P12,1,,微信
ORD105633,2026-06-07,S03,P02,1,30.00,现金
ORD100846,2026-05-06,S03,P07,2,44.00,银行卡
ORD102731,2026-05-18,S05,P05,1,34.00,会员储值
ORD108631,2026-06-28,S02,P12,1,8.00,现金
ORD115017,2026-08-10,S01,P01,3,96.00,支付宝
ORD117641,2026-08-29,S01,P03,2,52.00,银行卡
ORD117748,2026-08-29,S03,P21,2,32.00,支付宝
ORD116941,2026-08-23,S04,P14,1,10.00,银行卡
ORD117679,2026-08-29,S01,P21,1,16.00,银行卡
ORD109933,2026-07-06,S05,P03,3,,银行卡
ORD112330,2026-07-23,S02,P17,2,24.00,微信
ORD111896,2026-07-19,S05,P03,3,78.00,会员储值
ORD114125,2026-08-04,S02,P04,2,76.00,微信
ORD100475,2026-05-03,S04,P14,1,10.00,会员储值
ORD105861,2026-06-09,S02,P06,1,42.00,微信
ORD101258,2026-05-09,S03,P16,1,5.00,微信
ORD114483,2026-08-07,S01,P01,2,64.00,微信
ORD106014,2026-06-10,S05,P03,1,26.00,支付宝
ORD110039,2026-07-07,S04,P07,1,22.00,银行卡
ORD109967,2026-07-07,S02,P06,3,135.00,现金
ORD113541,2026-08-01,S01,P02,1,30.00,现金
ORD100684,2026-05-05,S02,P02,1,30.00,现金
ORD106772,2026-06-16,S01,P05,1,34.00,银行卡
ORD102098,2026-05-15,S01,P01,2,64.00,支付宝
ORD100635,2026-05-04,S05,P20,2,44.00,现金
ORD100679,2026-05-05,S01,P03,3,78.00,会员储值
ORD113738,2026-08-02,S01,P15,2,12.00,支付宝
ORD113868,2026-08-02,S04,P11,2,52.00,支付宝
ORD114881,2026-08-09,S03,P08,2,50.00,银行卡
ORD112126,2026-07-21,S04,P17,2,24.00,现金
ORD107309,2026-06-19,S05,P06,1,42.00,现金
ORD116479,2026-08-20,S05,P15,1,6.00,现金
ORD109389,2026-07-03,S04,P06,1,45.00,支付宝
ORD109130,2026-07-01,S04,P18,1,¥18.00,会员储值
ORD108198,2026-06-25,S04,P11,1,26.00,微信
ORD118119,2026-08-31,S04,P10,1,24.00,支付宝
ORD104626,2026-05-31,S05,P16,1,5.00,银行卡
ORD116672,2026-08-22,S02,P21,1,16.00,现金
ORD110052,2026-07-07,S05,P03,1,26.00,会员储值
ORD114057,2026-08-03,S05,P06,3,135.00,现金
ORD113508,2026-07-31,S04,P17,1,12.00,支付宝
ORD101369,2026-05-10,S01,P01,2,64.00,支付宝
ORD110567,2026-07-11,S03,P05,1,34.00,微信
ORD114011,2026-08-03,S03,P09,1,18.00,支付宝
ORD106022,2026-06-11,S01,P01,1,32.00,会员储值
ORD102118,2026-05-15,S02,P06,3,126.00,现金
ORD110000,2026-07-07,S03,P15,1,6.00,银行卡
ORD106924,2026-06-17,S02,P05,1,34.00,支付宝
ORD110290,2026-07-09,S04,P06,2,90.00,微信
ORD101029,2026-05-07,S05,P05,2,68.00,会员储值
ORD104453,2026-05-30,S05,P07,2,44.00,现金
ORD102460,2026-05-17,S01,P15,1,6.00,微信
ORD100613,2026-05-04,S04,P17,3,36.00,现金
ORD111491,2026-07-17,S05,P01,1,32.00,现金
ORD110023,2026-07-07,S04,P09,1,18.00,支付宝
ORD112894,2026-07-27,S01,P03,1,26.00,现金
ORD101398,2026-05-10,S02,P04,3,114.00,支付宝
ORD116238,2026-08-18,S05,P21,1,16.00,微信
ORD112333,2026-07-23,S02,P03,1,26.00,会员储值
ORD109166,2026-07-02,S01,P19,1,15.00,会员储值
ORD112766,2026-07-26,S03,P14,1,10.00,会员储值
ORD108425,2026-06-27,S02,P04,1,38.00,微信
ORD112621,2026-07-25,S04,P03,1,26.00,会员储值
ORD105076,2026-06-04,S02,P06,1,42.00,会员储值
ORD117041,2026-08-24,S02,P14,1,10.00,会员储值
ORD108720,2026-06-28,S04,P11,1,26.00,支付宝
ORD109323,2026-07-03,S02,P06,2,90.00,微信
ORD107704,2026-06-21,S05,P02,1,30.00,现金
ORD115819,2026-08-15,S05,P19,1,15.00,现金
ORD107811,2026-06-22,S04,P10,2,48.00,现金
ORD103731,2026-05-25,S05,P10,1,24.00,现金
ORD103712,2026-05-25,S04,P10,1,24.00,现金
ORD116486,2026-08-21,S01,P01,1,32.00,会员储值
ORD116445,2026-08-20,S04,P18,1,18.00,微信
ORD110717,2026-07-12,S02,P18,1,18.00,现金
ORD100487,2026-05-03,S05,P03,1,26.00,支付宝
ORD107598,2026-06-21,S02,P03,1,26.00,支付宝
ORD114928,2026-08-09,S04,P21,2,32.00,会员储值
ORD113088,2026-07-28,S04,P10,1,24.00,会员储值
ORD114976,2026/8/9,S05,P17,2,24.00,微信
ORD114004,2026-08-03,S03,P06,2,90.00,现金
ORD110230,2026-07-09,S02,P05,1,34.00,现金
ORD117246,2026-08-25,S05,P06,1,45.00,支付宝
ORD108283,2026-06-26,S02,P04,3,114.00,支付宝
ORD108932,2026-06-30,S02,P06,1,42.00,会员储值
ORD113211,2026-07-29,S03,P08,1,25.00,会员储值
ORD102313,2026-05-16,S03,P05,2,68.00,微信
ORD110439,2026-07-10,S05,P07,2,44.00,微信
ORD109605,2026-07-04,S05,P14,2,20.00,会员储值
ORD116145,2026-08-17,S05,P03,2,52.00,会员储值
ORD116764,2026-08-22,S05,P20,3,66.00,银行卡
ORD116763,2026-08-22,S05,P01,3,96.00,银行卡
ORD110261,2026-07-09,S03,P09,1,18.00,现金
ORD107450,2026-06-20,S04,P10,1,24.00,现金
ORD106546,2026-06-14,S03,P08,2,50.00,支付宝
ORD113856,2026-08-02,S03,P13,1,20.00,银行卡
ORD112266,2026-07-22,S04,P01,3,96.00,银行卡
ORD113121,2026-07-28,S05,P05,2,68.00,银行卡
ORD106675,15-06-2026,S02,P05,1,,微信
ORD115307,2026-08-12,S03,P13,3,60.00,会员储值
ORD113398,2026-07-30,S05,P08,1,25.00,微信
ORD103771,2026-05-26,S01,P07,1,22.00,微信
ORD108709,2026-06-28,S04,P16,2,10.00,微信
ORD109704,2026-07-05,S03,P16,2,10.00,微信
ORD110251,2026-07-09,S03,P14,1,10.00,微信
ORD107122,2026-06-18,S03,P16,3,15.00,现金
ORD114059,2026-08-03,S05,P12,1,8.00,现金
ORD100287,2026-05-02,S04,P11,1,26.00,现金
ORD114255,2026-08-05,S02,P04,1,38.00,银行卡
ORD104525,2026-05-31,S02,P03,2,52.00,现金
ORD103981,2026-05-27,S04,P10,1,24.00,现金
ORD115834,2026-08-15,S05,P20,1,22.00,支付宝
ORD111110,2026-07-14,S05,P03,1,26.00,银行卡
ORD106147,2026-06-12,S01,P12,2,16.00,支付宝
ORD112966,2026-07-27,S04,P20,1,22.00,银行卡
ORD110544,2026-07-11,S03,P13,1,20.00,银行卡
ORD103652,2026-05-25,S02,P08,2,50.00,微信
ORD106246,2026-06-12,S05,P14,1,10.00,会员储值
ORD101012,2026-05-07,S05,P20,2,44.00,支付宝
ORD110424,2026-07-10,S04,P17,1,12.00,现金
ORD113588,2026-08-01,S02,P05,1,34.00,银行卡
ORD100848,2026-05-06,S03,P07,1,22.00,银行卡
ORD117133,2026-08-25,S01,P09,1,18.00,会员储值
ORD104330,2026-05-30,S02,P04,1,38.00,现金
ORD104310,2026-05-30,S01,P19,1,15.00,现金
ORD100250,2026-05-02,S04,P20,2,44.00,支付宝
ORD100608,2026-05-04,S04,P11,1,26.00,支付宝
ORD113353,2026-07-30,S04,P10,2,48.00,现金
ORD117088,2026-08-24,S04,P13,1,20.00,现金
ORD104386,2026-05-30,S03,P10,1,24.00,现金
ORD113076,2026-07-28,S03,P18,1,18.00,现金
ORD114810,2026-08-09,S01,P17,2,24.00,现金
ORD115869,2026-08-16,S01,P12,1,8.00,银行卡
ORD106556,2026-06-14,S03,P08,1,25.00,会员储值
ORD105616,2026-06-07,S03,P07,1,22.00,微信
ORD105378,2026-06-06,S02,P20,2,44.00,银行卡
ORD110573,2026-07-11,S04,P05,2,68.00,支付宝
ORD114523,2026-08-07,S03,P09,1,18.00,会员储值
ORD106227,2026-06-12,S04,P11,2,52.00,现金
ORD109399,2026-07-03,S05,P11,1,26.00,微信
ORD101738,2026-05-12,S03,P07,1,22.00,支付宝
ORD103285,2026-05-23,S02,P03,2,52.00,支付宝
ORD107301,2026-06-19,S05,P03,2,52.00,现金
ORD106589,2026-06-14,S04,P18,1,18.00,会员储值
ORD104888,2026-06-02,S05,P02,3,90.00,支付宝
ORD114614,08-08-2026,S01,P16,2,10.00,会员储值
ORD115896,2026-08-16,S02,P06,1,45.00,支付宝
ORD107794,2026-06-22,S03,P09,1,18.00,微信
ORD103929,2026-05-27,S02,P04,2,76.00,会员储值
ORD112939,2026-07-27,S03,P16,2,10.00,会员储值
ORD115413,2026-08-13,S02,P11,1,26.00,现金
ORD116104,2026-08-17,S04,P05,1,34.00,支付宝
ORD104581,2026-05-31,S03,P15,1,6.00,微信
ORD105551,2026-06-07,S01,P17,3,36.00,银行卡
ORD102454,2026-05-17,S01,P01,3,96.00,银行卡
ORD108262,2026-06-26,S02,P05,2,68.00,微信
ORD100482,2026-05-03,S04,P11,1,26.00,支付宝
ORD106135,2026-06-12,S01,P17,3,36.00,支付宝
ORD108364,2026-06-27,S01,P01,1,32.00,微信
ORD102845,2026-05-19,S05,P02,1,30.00,会员储值
ORD110636,2026-07-11,S05,P15,1,6.00,现金
ORD107579,2026-06-21,S02,P12,2,16.00,现金
ORD116468,2026-08-20,S05,P10,1,24.00,微信
ORD109744,2026-07-05,S04,P10,2,48.00,现金
ORD106127,2026-06-11,S05,P09,1,18.00,会员储值
ORD104263,2026-05-29,S05,P19,1,15.00,会员储值
ORD117130,2026-08-25,S01,P03,1,26.00,支付宝
ORD117533,2026-08-28,S01,P08,2,50.00,现金
ORD103689,2026-05-25,S03,P08,2,50.00,银行卡
ORD102478,2026-05-17,S02,P06,2,84.00,现金
ORD102368,2026-05-16,S04,P10,2,48.00,现金
ORD113480,2026-07-31,S03,P02,2,60.00,支付宝
ORD113167,2026-07-29,S02,P05,1,34.00,银行卡
ORD107775,2026-06-22,S03,P18,3,54.00,微信
ORD100581,2026-05-04,S03,P04,1,38.00,现金
ORD103339,2026-05-23,S03,P07,2,44.00,会员储值
ORD111526,2026-07-18,S01,P03,1,26.00,微信
ORD102207,2026-05-15,S05,P19,3,45.00,银行卡
ORD114922,2026-08-09,S04,P21,2,32.00,银行卡
ORD117712,2026-08-29,S02,P06,1,45.00,微信
ORD113861,2026-08-02,S04,P11,1,26.00,会员储值
ORD103070,2026-05-21,S04,P17,2,24.00,微信
ORD116056,2026-08-17,S01,P01,1,32.00,微信
ORD107666,2026-06-21,S04,P01,3,96.00,微信
ORD116220,2026-08-18,S04,P03,1,26.00,会员储值
ORD100772,2026-05-05,S05,P06,2,84.00,现金
ORD111674,2026-07-18,S05,P19,3,45.00,现金
ORD103904,2026-05-27,S01,P01,1,32.00,现金
ORD102651,2026-05-18,S02,P01,2,64.00,现金
ORD112161,2026-07-21,S05,P06,1,45.00,会员储值
ORD109718,2026-07-05,S03,P01,2,64.00,现金
ORD105474,2026-06-06,S05,P05,1,34.00,银行卡
ORD102533,2026-05-17,S03,P07,1,22.00,现金
ORD105930,2026-06-10,S01,P10,1,24.00,微信
ORD100360,2026-05-03,S01,P03,1,26.00,会员储值
ORD102298,2026-05-16,S02,P03,1,26.00,银行卡
ORD116687,2026-08-22,S03,P14,2,20.00,微信
ORD117744,2026-08-29,S03,P17,1,12.00,现金
ORD103761,2026-05-26,S01,P02,2,60.00,银行卡
ORD105116,2026-06-04,S03,P17,2,24.00,微信
ORD117756,2026-08-29,S03,P07,1,22.00,会员储值
ORD114923,2026-08-09,S04,P21,1,16.00,微信
ORD104895,2026-06-02,S05,P09,3,54.00,会员储值
ORD114876,2026-08-09,S03,P16,1,5.00,银行卡
ORD110818,2026-07-12,S05,P16,1,5.00,微信
ORD115087,2026-08-10,S04,P01,2,64.00,银行卡
ORD103069,2026-05-21,S04,P19,3,45.00,微信
ORD115553,2026-08-14,S02,P04,1,38.00,银行卡
ORD104924,2026-06-03,S01,P16,2,10.00,微信
ORD108200,2026-06-25,S04,P11,1,26.00,银行卡
ORD100380,2026-05-03,S02,P04,1,38.00,会员储值
ORD116045,2026-08-17,S01,P01,1,32.00,支付宝
ORD106128,2026-06-12,S01,P16,1,5.00,微信
ORD109882,2026-07-06,S03,P01,2,64.00,支付宝
ORD101311,2026-05-09,S04,P12,2,16.00,支付宝
ORD114078,2026-08-04,S01,P04,1,38.00,微信
ORD113049,2026-07-28,S02,P05,1,34.00,银行卡
ORD114068,2026-08-03,S05,P02,2,60.00,现金
ORD102599,2026-05-17,S05,P10,1,24.00,银行卡
ORD105983,2026-06-10,S04,P07,1,22.00,现金
ORD115930,2026-08-16,S03,P03,1,26.00,支付宝
ORD117525,2026-08-28,S01,P02,1,30.00,微信
ORD109977,2026-07-07,S02,P02,2,60.00,会员储值
ORD114494,2026-08-07,S02,P05,2,68.00,银行卡
ORD104905,2026-06-02,S05,P09,1,18.00,支付宝
ORD103909,2026-05-27,S02,P06,1,42.00,会员储值
ORD101749,2026-05-12,S03,P08,2,50.00,支付宝
ORD103682,2026-05-25,S03,P08,1,25.00,微信
ORD106262,2026-06-12,S05,P11,2,52.00,银行卡
ORD104138,2026-05-28,S05,P09,1,18.00,支付宝
ORD111090,2026-07-14,S05,P07,1,22.00,现金
ORD112038,2026-07-21,S01,P16,2,10.00,会员储值
ORD101157,2026-05-08,S05,P09,2,36.00,现金
ORD107893,2026-06-23,S02,P02,1,30.00,现金
ORD100718,2026-05-05,S03,P07,1,22.00,银行卡
ORD113773,2026-08-02,S01,P01,1,32.00,会员储值
ORD115690,2026-08-15,S02,P03,2,52.00,现金
ORD106451,2026-06-13,S05,P05,2,68.00,支付宝
ORD109542,2026-07-04,S03,P09,1,18.00,支付宝
ORD110418,2026-07-10,S04,P14,1,10.00,微信
ORD110258,2026-07-09,S03,P08,1,25.00,微信
ORD102178,2026-05-15,S04,P10,2,48.00,银行卡
ORD103861,2026-05-26,S05,P09,1,18.00,微信
ORD109534,2026-07-04,S03,P02,1,30.00,会员储值
ORD102535,2026-05-17,S04,P18,1,18.00,银行卡
ORD115392,2026-08-13,S01,P05,1,34.00,微信
ORD100080,2026-05-01,S04,P10,2,48.00,会员储值
ORD109346,2026-07-03,S03,P12,1,8.00,支付宝
ORD104229,2026-05-29,S04,P13,1,20.00,现金
ORD115739,2026-08-15,S03,P03,1,26.00,现金
ORD114032,2026-08-03,S04,P05,2,68.00,会员储值
ORD113019,2026-07-28,S01,P11,1,26.00,支付宝
ORD100788,2026-05-06,S01,P05,2,68.00,支付宝
ORD107151,2026-06-18,S04,P11,1,26.00,微信
ORD108747,2026/6/28,S05,P17,2,,支付宝
ORD101219,2026-05-09,S02,P13,2,40.00,银行卡
ORD109500,2026-07-04,S02,P06,1,45.00,银行卡
ORD105756,2026-06-08,S02,P03,2,52.00,微信
ORD109043,2026-07-01,S01,P15,1,6.00,会员储值
ORD103109,2026-05-25,S01,P12,2,-16.00,会员储值
ORD116187,2026-08-18,S03,P10,1,24.00,会员储值
ORD117502,2026-08-27,S05,P19,3,45.00,银行卡
ORD104612,2026-05-31,S04,P03,1,26.00,支付宝
ORD109617,2026-07-05,S01,P02,1,30.00,支付宝
ORD107859,2026-06-23,S01,P12,1,8.00,银行卡
ORD107188,2026-06-18,S05,P08,1,25.00,微信
ORD106736,2026-06-15,S04,P03,1,26.00,现金
ORD107884,2026-06-23,S02,P17,1,12.00,支付宝
ORD101839,2026-05-13,S01,P99,1,26.00,现金
ORD104492,2026-05-31,S01,P12,1,8.00,支付宝
ORD108662,2026-06-28,S03,P18,3,54.00,支付宝
ORD113330,2026-07-30,S03,P07,1,22.00,支付宝
ORD105078,2026-06-04,S02,P06,3,126.00,微信
ORD109786,2026-07-05,S05,P04,2,76.00,会员储值
ORD105941,2026-06-10,S01,P02,1,30.00,支付宝
ORD106169,2026-06-12,S02,P06,1,42.00,支付宝
ORD100435,2026-05-03,S03,P08,3,75.00,银行卡
ORD103270,2026-05-23,S02,P05,2,68.00,会员储值
ORD108647,2026-06-28,S03,P19,1,15.00,会员储值
ORD102985,2026-05-21,S01,P02,2,60.00,会员储值
ORD106932,2026-06-17,S02,P05,1,34.00,现金
ORD117665,2026-08-29,S01,P21,1,16.00,现金
ORD100712,2026-05-05,S03,P08,2,50.00,现金
ORD101849,2026-05-13,S02,P14,1,10.00,微信
ORD116464,2026-08-20,S05,P21,3,48.00,会员储值
ORD111618,2026-07-18,S03,P99,1,18.00,微信
ORD106175,2026-06-12,S02,P05,3,102.00,微信
ORD113742,2026-08-02,S01,P04,1,38.00,现金
ORD111257,2026-07-16,S01,P13,1,20.00,会员储值
ORD116709,2026-08-22,S03,P17,1,12.00,支付宝
ORD111201,2026-07-15,S04,P18,1,18.00,现金
ORD109991,2026-07-07,S03,P02,1,30.00,银行卡
ORD108717,2026-06-28,S04,P16,1,5.00,支付宝
ORD112678,2026-07-25,S05,P12,2,16.00,现金
ORD114631,2026-08-08,S02,P13,1,20.00,现金
ORD113124,2026-07-28,S05,P03,2,52.00,银行卡
ORD114053,2026-08-03,S05,P07,2,44.00,现金
ORD104679,2026-06-01,S01,P15,1,6.00,现金
ORD111597,2026-07-18,S03,P07,2,44.00,银行卡
ORD113765,2026-08-02,S01,P11,2,52.00,会员储值
ORD114458,2026-08-06,S05,P21,2,32.00,现金
ORD101553,2026-05-11,S01,P01,1,32.00,会员储值
ORD112288,2026-07-22,S05,P14,1,10.00,微信
ORD111622,2026-07-18,S03,P13,2,40.00,会员储值
ORD103086,2026-05-21,S05,P10,1,24.00,支付宝
ORD100717,2026-05-05,S03,P19,2,30.00,支付宝
ORD108468,2026-06-27,S03,P09,1,18.00,支付宝
ORD100150,2026-05-02,S01,P01,1,32.00,会员储值
ORD117365,2026-08-26,S05,P05,1,34.00,现金
ORD104719,2026-06-03,S03,P08,1,-25.00,会员储值
ORD116153,2026-08-18,S01,P03,1,26.00,微信
ORD105243,2026-06-05,S03,P08,1,25.00,支付宝
ORD107780,2026-06-22,S03,P16,1,5.00,会员储值
ORD105683,2026-06-07,S05,P03,1,26.00,现金
ORD105628,2026-06-07,S03,P07,1,22.00,支付宝
ORD107901,2026-06-23,S02,P05,1,34.00,现金
ORD108409,2026-06-27,S02,P03,1,26.00,支付宝
ORD115785,2026-08-15,S04,P21,1,16.00,支付宝
ORD107716,2026-06-21,S05,P03,2,52.00,微信
ORD114016,2026-08-03,S03,P21,2,32.00,支付宝
ORD114460,2026-08-06,S05,P21,2,32.00,支付宝
ORD109737,2026-07-05,S04,P13,1,20.00,支付宝
ORD101085,2026-05-08,S03,P18,3,54.00,支付宝
ORD109540,2026-07-04,S03,P13,1,20.00,微信
ORD106067,2026-06-11,S02,P06,1,42.00,银行卡
ORD116234,2026-08-18,S05,P18,1,18.00,支付宝
ORD113350,2026-07-30,S03,P05,1,34.00,银行卡
ORD114018,2026-08-03,S04,P10,2,48.00,银行卡
ORD109890,2026-07-06,S04,P10,3,72.00,会员储值
ORD106386,2026-06-13,S04,P18,3,54.00,银行卡
ORD105943,2026-06-10,S01,P14,2,20.00,支付宝
ORD100510,2026-05-03,S05,P03,2,52.00,现金
ORD103088,2026-05-21,S05,P01,1,32.00,微信
ORD117233,2026-08-25,S05,P07,3,66.00,现金
ORD108238,2026-06-26,S01,P15,1,6.00,微信
ORD112006,2026-07-20,S05,P08,2,50.00,现金
ORD105261,2026-06-05,S04,P11,1,26.00,银行卡
ORD102579,2026-05-17,S05,P12,1,8.00,会员储值
ORD101330,2026-05-09,S05,P16,2,10.00,支付宝
ORD116875,2026-08-23,S02,P11,2,52.00,现金
ORD103534,2026-05-24,S03,P13,2,40.00,现金
ORD103738,2026-05-25,S05,P11,1,26.00,会员储值
ORD101370,2026-05-10,S01,P09,3,54.00,会员储值
ORD109163,2026-07-02,S01,P15,2,12.00,会员储值
ORD104572,2026-05-31,S03,P10,1,24.00,支付宝
ORD107688,2026-06-21,S05,P01,2,64.00,现金
ORD114000,2026-08-03,S03,P07,3,66.00,现金
ORD109563,2026-07-04,S04,P20,3,66.00,会员储值
ORD104754,2026-06-01,S04,P11,2,52.00,银行卡
ORD115267,2026-08-12,S01,P12,1,8.00,银行卡
ORD112039,2026-07-21,S01,P16,1,5.00,会员储值
ORD110327,2026-07-09,S05,P03,1,26.00,会员储值
ORD115648,2026/8/15,S01,P01,2,64.00,会员储值
ORD117828,2026-08-29,S05,P04,1,38.00,会员储值
ORD112811,2026-07-26,S04,P14,2,20.00,微信
ORD110143,2026-07-08,S03,P08,1,25.00,会员储值
ORD108039,2026-06-24,S03,P10,1,24.00,支付宝
ORD113946,2026-08-03,S01,P08,1,25.00,微信
ORD116157,2026-08-18,S01,P16,2,10.00,微信
ORD104093,28-05-2026,S04,P08,3,,银行卡
ORD106940,2026-06-17,S03,P08,1,25.00,微信
ORD101625,2026-05-11,S03,P07,2,,微信
ORD103103,2026-05-21,S05,P04,2,76.00,微信
ORD100928,2026-05-07,S01,P02,1,30.00,微信
ORD115425,2026-08-13,S02,P02,2,60.00,微信
ORD106324,2026-06-13,S02,P04,1,38.00,会员储值
ORD109684,2026-07-05,S02,P04,2,76.00,银行卡
ORD108456,2026-06-27,S03,P10,1,24.00,微信
ORD102723,2026-05-18,S05,P14,1,10.00,微信
ORD110194,2026-07-08,S05,P14,2,20.00,会员储值
ORD102753,2026-05-19,S01,P01,1,32.00,银行卡
ORD113278,2026-07-30,S01,P12,2,16.00,支付宝
ORD113860,2026-08-02,S04,P15,1,6.00,现金
ORD109774,2026/7/5,S05,P15,1,6.00,现金
ORD107082,2026-06-18,S02,P06,3,87.00,现金
ORD111171,2026-07-15,S03,P09,2,36.00,支付宝
ORD114880,2026-08-09,S03,P18,1,18.00,支付宝
ORD109546,2026-07-04,S04,P10,1,24.00,银行卡
ORD115084,2026/8/10,S04,P19,2,30.00,会员储值
ORD109309,2026-07-03,S01,P17,3,36.00,现金
ORD108069,2026-06-24,S04,P16,3,15.00,微信
ORD116631,2026-08-22,S01,P12,1,8.00,银行卡
ORD111496,2026-07-17,S05,P20,2,44.00,银行卡
ORD108982,2026-06-30,S04,P15,1,6.00,微信
ORD106210,2026-06-12,S03,P09,3,54.00,微信
ORD107467,2026-06-20,S04,P13,2,40.00,支付宝
ORD112647,2026-07-25,S05,P12,1,8.00,微信
ORD111435,2026-07-17,S03,P01,2,64.00,会员储值
ORD108500,2026-06-27,S04,P14,1,10.00,微信
ORD103575,2026-05-24,S04,P13,2,40.00,现金
ORD116204,2026-08-18,S04,P10,2,48.00,支付宝
ORD112959,2026-07-27,S04,P19,2,30.00,银行卡
ORD109439,2026-07-04,S01,P02,2,¥60.00,银行卡
ORD103296,2026-05-23,S02,P04,1,38.00,会员储值
ORD101360,2026-05-09,S05,P11,1,26.00,会员储值
ORD104998,2026-06-03,S04,P09,1,18.00,现金
ORD115846,2026-08-16,S01,P03,2,52.00,微信
ORD101585,2026-05-11,S02,P04,1,38.00,微信
ORD103418,2026-05-23,S05,P12,1,8.00,支付宝
ORD101282,2026-05-09,S04,P13,2,40.00,微信
ORD112646,2026-07-25,S05,P02,2,60.00,微信
ORD104737,2026-06-01,S04,P11,1,26.00,会员储值
ORD103947,2026-05-27,S03,P09,1,18.00,微信
ORD101682,2026-05-11,S05,P19,1,15.00,会员储值
ORD111984,2026-07-20,S04,P10,1,24.00,会员储值
ORD112214,2026-07-22,S02,P05,2,68.00,微信
ORD113805,2026-08-02,S02,P05,2,68.00,现金
ORD110244,2026-07-09,S02,P05,3,102.00,现金
ORD114861,2026-08-09,S02,P04,1,38.00,会员储值
ORD101677,2026-05-11,S05,P18,1,18.00,会员储值
ORD115170,2026-08-11,S02,P21,2,32.00,微信
ORD105886,2026-06-09,S04,P14,1,10.00,会员储值
ORD105451,2026-06-06,S04,P10,2,48.00,会员储值
ORD104488,31-05-2026,S01,P01,1,32.00,微信
ORD111978,2026-07-20,S03,P04,3,114.00,会员储值
ORD104043,2026-05-28,S02,P05,1,34.00,现金
ORD116389,2026-08-20,S02,P13,1,20.00,支付宝
ORD111245,2026-07-16,S01,P08,3,75.00,支付宝
ORD114172,2026-08-04,S04,P18,1,18.00,微信
ORD103566,2026-05-24,S04,P12,3,24.00,微信
ORD114650,2026-08-08,S02,P04,1,38.00,银行卡
ORD115415,2026-08-13,S02,P06,2,90.00,微信
ORD105146,2026-13-45,S04,P18,2,36.00,现金
ORD113483,2026-07-31,S04,P20,2,44.00,支付宝
ORD109775,2026-07-05,S05,P03,3,78.00,会员储值
ORD116823,2026-08-23,S01,P07,1,22.00,银行卡
ORD109749,2026-07-05,S04,P10,1,24.00,支付宝
ORD117781,2026-08-29,S04,P21,1,16.00,现金
ORD100418,2026-05-03,S03,P03,2,52.00,银行卡
ORD101471,2026-05-10,S03,P12,1,8.00,会员储值
ORD115977,2026-08-16,S04,P10,1,24.00,支付宝
ORD101373,2026-05-10,S01,P20,1,22.00,会员储值
ORD103877,2026-05-26,S05,P11,1,26.00,现金
ORD114578,2026-08-07,S05,P03,2,52.00,微信
ORD113692,2026-08-01,S04,P06,1,45.00,现金
ORD100584,2026-05-04,S03,P07,1,22.00,银行卡
ORD113503,2026-07-31,S04,P10,1,24.00,支付宝
ORD112026,2026-07-20,S05,P03,2,52.00,会员储值
ORD109544,2026-07-04,S04,P06,2,90.00,银行卡
ORD100200,2026-05-02,S02,P05,1,34.00,支付宝
ORD105460,2026-06-06,S04,P09,2,36.00,银行卡
ORD108443,2026-06-27,S03,P20,1,22.00,银行卡
ORD104152,2026-05-29,S01,P15,1,6.00,现金
ORD117553,2026-08-28,S02,P12,1,8.00,银行卡
ORD112040,2026-07-21,S01,P04,1,38.00,会员储值
ORD103968,2026-05-27,S04,P13,1,20.00,现金
ORD106338,2026-06-13,S02,P05,1,34.00,现金
ORD115101,2026-08-10,S05,P21,1,16.00,支付宝
ORD100779,2026-05-05,S05,P07,1,22.00,支付宝
ORD104492,2026-05-31,S01,P13,2,40.00,支付宝
ORD112656,2026-07-25,S05,P20,1,22.00,微信
ORD100588,2026-05-04,S03,P15,2,12.00,微信
ORD108570,2026-06-28,S01,P17,1,12.00,银行卡
ORD116525,2026-08-21,S02,P10,1,24.00,银行卡
ORD100837,2026-05-06,S03,P09,3,54.00,微信
ORD101559,2026-05-11,S01,P18,1,18.00,会员储值
ORD117718,2026-08-29,S02,P04,1,38.00,现金
ORD101936,2026-05-13,S05,P03,3,78.00,银行卡
ORD116082,2026-08-17,S03,P08,2,50.00,现金
ORD107324,2026-06-19,S05,P02,1,30.00,银行卡
ORD106882,2026-06-16,S05,P12,1,8.00,会员储值
ORD100303,2026-05-02,S05,P20,1,22.00,会员储值
ORD104578,2026-05-31,S03,P08,1,25.00,现金
ORD113299,2026-07-30,S01,P02,1,30.00,现金
ORD108545,2026-06-27,S05,P09,2,36.00,银行卡
ORD107248,2026-06-19,S02,P06,2,84.00,现金
ORD105109,2026-06-04,S03,P08,1,25.00,微信
ORD113507,2026-07-31,S04,P09,1,18.00,现金
ORD118063,2026-08-31,S02,P16,1,5.00,会员储值
ORD100940,2026-05-07,S02,P03,1,26.00,会员储值
ORD111326,2026-07-16,S04,P10,1,24.00,支付宝
ORD104327,2026-05-30,S02,P12,3,24.00,支付宝
ORD117591,2026-08-28,S04,P02,1,30.00,支付宝
ORD108537,2026-06-27,S05,P05,2,68.00,支付宝
ORD113201,2026-07-29,S03,P09,1,18.00,会员储值
ORD101640,2026-05-11,S04,P11,1,26.00,银行卡
ORD105830,2026-06-09,S01,P08,2,50.00,支付宝
ORD104336,2026-05-30,S02,P06,2,84.00,会员储值
ORD116174,2026-08-18,S03,P04,1,38.00,支付宝
ORD105742,2026-06-08,S02,P16,2,10.00,微信
ORD114901,2026-08-09,S03,P07,1,22.00,银行卡
ORD100990,2026-05-07,S04,P03,1,26.00,银行卡
ORD110438,2026-07-10,S05,P20,1,22.00,银行卡
ORD103707,2026-05-25,S04,P13,1,20.00,微信
ORD116200,2026-08-18,S04,P10,1,24.00,银行卡
ORD112615,2026-07-25,S04,P18,3,54.00,微信
ORD117801,2026-08-29,S05,P21,1,16.00,支付宝
ORD103136,2026-05-22,S02,P06,2,84.00,支付宝
ORD117057,2026-08-24,S03,P08,1,25.00,微信
ORD101768,2026-05-12,S04,P01,1,32.00,会员储值
ORD109631,2026-07-05,S01,P02,1,30.00,银行卡
ORD102367,2026-05-16,S04,P18,1,18.00,微信
ORD111675,2026-07-18,S05,P16,1,5.00,现金
ORD114936,2026-08-09,S04,P21,1,16.00,银行卡
ORD117992,2026-08-30,S04,P03,1,26.00,银行卡
ORD101699,2026-05-12,S01,P09,1,18.00,会员储值
ORD103249,2026-05-23,S01,P13,3,60.00,支付宝
ORD116664,2026-08-22,S02,P17,1,12.00,现金
ORD109034,2026-07-01,S01,P02,2,60.00,会员储值
ORD107628,2026-06-21,S03,P07,1,22.00,微信
ORD105923,2026-06-10,S01,P02,3,90.00,会员储值
ORD113481,2026-07-31,S03,P14,2,20.00,现金
ORD115585,2026-08-14,S03,P12,1,8.00,支付宝
ORD111088,2026-07-14,S05,P01,1,32.00,支付宝
ORD100961,2026-05-07,S03,P09,1,18.00,微信
ORD108337,2026-06-26,S05,P02,3,90.00,现金
ORD111418,2026-07-17,S02,P06,2,90.00,现金
ORD103395,2026-05-23,S05,P05,2,68.00,银行卡
ORD110896,2026-07-13,S02,P04,1,38.00,会员储值
ORD102297,2026-05-16,S02,P05,1,34.00,微信
ORD114811,2026-08-09,S01,P20,1,22.00,银行卡
ORD101176,2026-05-09,S01,P01,3,96.00,微信
ORD103941,2026-05-27,S03,P07,1,22.00,现金
ORD116900,2026-08-23,S03,P02,1,30.00,现金
ORD115067,2026-08-10,S03,P12,2,16.00,微信
ORD110775,2026-07-12,S04,P18,1,18.00,微信
ORD103470,2026-05-24,S02,P16,3,15.00,现金
ORD108591,2026-06-28,S01,P03,1,26.00,会员储值
ORD109614,2026-07-04,S05,P13,2,40.00,现金
ORD115302,2026-08-12,S02,P04,2,76.00,现金
ORD116149,2026-08-18,S01,P15,1,6.00,支付宝
ORD111100,2026-07-14,S05,P10,1,24.00,现金
ORD106825,2026-06-16,S03,P17,1,12.00,银行卡
ORD106333,2026-06-13,S02,P04,1,38.00,会员储值
ORD114525,2026-08-07,S03,P09,2,36.00,银行卡
ORD108131,2026-06-25,S01,P18,1,18.00,现金
ORD111197,2026-07-15,S04,P10,2,48.00,支付宝
ORD104482,2026-05-31,S01,P15,2,12.00,微信
ORD100839,2026-05-06,S03,P07,1,22.00,微信
ORD102043,2026-05-14,S04,P13,1,20.00,支付宝
ORD112147,2026-07-21,S05,P18,1,18.00,支付宝
ORD107721,2026-06-21,S05,P01,2,64.00,现金
ORD110008,2026-07-07,S03,P08,1,25.00,现金
ORD102124,2026-05-15,S02,P16,1,5.00,银行卡
ORD117100,2026-08-24,S05,P20,1,22.00,银行卡
ORD107363,2026-06-20,S01,P12,1,8.00,银行卡
ORD106276,2026-06-13,S01,P01,2,64.00,微信
ORD103417,2026-05-23,S05,P19,1,15.00,会员储值
ORD102046,2026-05-14,S04,P10,1,24.00,现金
ORD106918,2026-06-17,S02,P04,1,38.00,支付宝
ORD101658,2026-05-11,S04,P10,1,24.00,会员储值
ORD108394,2026-06-27,S01,P02,3,90.00,支付宝
ORD110283,2026-07-09,S04,P10,3,72.00,现金
ORD116965,2026-08-23,S05,P17,1,12.00,会员储值
ORD113101,2026-07-28,S04,P16,1,5.00,微信
ORD116477,2026-08-20,S05,P05,2,68.00,支付宝
ORD117169,2026-08-25,S02,P21,2,32.00,银行卡
ORD101165,2026-05-09,S01,P01,2,64.00,会员储值
ORD100259,2026-05-02,S04,P03,1,26.00,银行卡
ORD109429,2026-07-04,S01,P01,1,32.00,现金
ORD116361,2026-08-20,S01,P12,1,8.00,银行卡
ORD109146,2026-07-01,S05,P04,1,38.00,会员储值
ORD100377,2026-05-03,S02,P13,2,40.00,银行卡
ORD101001,2026-05-07,S04,P10,1,24.00,银行卡
ORD108195,2026-06-25,S04,P11,1,26.00,现金
ORD105186,2026-06-05,S01,P13,2,40.00,支付宝
ORD118011,2026-08-30,S05,P07,2,44.00,现金
ORD101434,2026-05-10,S02,P06,1,42.00,银行卡
ORD111698,2026-07-18,S05,P01,2,64.00,现金
ORD101121,2026-05-08,S04,P11,1,26.00,现金
ORD110117,2026-07-08,S02,P20,3,66.00,支付宝
ORD104350,2026-05-30,S02,P05,2,68.00,会员储值
ORD102149,2026-05-15,S03,P17,2,24.00,现金
ORD115042,2026-08-10,S02,P10,2,48.00,支付宝
ORD107386,2026-06-20,S02,P06,2,84.00,支付宝
ORD106306,2026-06-13,S02,P05,1,34.00,银行卡
ORD115320,2026-08-12,S03,P08,1,25.00,支付宝
ORD109522,2026-07-04,S03,P09,1,18.00,会员储值
ORD115852,2026-08-16,S01,P14,1,10.00,支付宝
ORD105046,2026-06-04,S01,P01,2,64.00,会员储值
ORD115842,2026-08-16,S01,P01,2,64.00,微信
ORD108370,2026-06-27,S01,P16,2,10.00,会员储值
ORD104765,2026-06-01,S05,P20,2,44.00,会员储值
ORD116225,2026-08-18,S04,P03,1,26.00,会员储值
ORD100808,2026-05-06,S02,P05,1,34.00,银行卡
ORD106037,2026-06-11,S01,P08,1,25.00,现金
ORD106345,2026-06-13,S03,P19,2,30.00,支付宝
ORD105485,2026-06-06,S05,P15,2,12.00,支付宝
ORD117575,2026-08-28,S03,P05,1,34.00,支付宝
ORD106206,2026-06-12,S03,P08,2,50.00,支付宝
ORD106428,2026-06-13,S05,P08,1,25.00,银行卡
ORD111425,2026-07-17,S02,P20,1,22.00,支付宝
ORD102377,2026-05-16,S04,P10,1,24.00,会员储值
ORD117336,2026-08-26,S04,P13,1,20.00,会员储值
ORD116728,2026-08-22,S04,P13,1,20.00,支付宝
ORD117146,2026-08-25,S01,P02,3,90.00,会员储值
ORD111985,2026-07-20,S04,P11,3,78.00,银行卡
ORD117524,2026-08-28,S01,P01,2,64.00,现金
ORD117543,2026-08-28,S02,P06,1,45.00,微信
ORD100888,2026-05-06,S05,P16,1,5.00,银行卡
ORD114705,2026-08-08,S03,P03,3,78.00,会员储值
ORD106216,2026-06-12,S04,P16,2,10.00,支付宝
ORD113294,2026-07-30,S01,P17,2,24.00,微信
ORD111208,2026-07-15,S04,P06,1,45.00,银行卡
ORD101361,2026-05-09,S05,P01,1,32.00,微信
ORD104467,2026-05-30,S05,P08,1,25.00,支付宝
ORD117095,2026-08-24,S04,P10,2,48.00,银行卡
ORD117495,2026-08-27,S05,P03,3,78.00,现金
ORD104830,2026-06-02,S02,P04,1,38.00,银行卡
ORD117600,2026-08-28,S04,P10,1,24.00,会员储值
ORD109618,2026-07-05,S01,P03,1,26.00,微信
ORD101299,2026-05-09,S04,P13,1,20.00,支付宝
ORD101998,2026-05-14,S02,P16,1,5.00,支付宝
ORD108877,2026-06-29,S05,P09,1,18.00,支付宝
ORD101717,2026-05-12,S02,P05,2,68.00,现金
ORD103333,2026-05-23,S03,P09,1,18.00,银行卡
ORD106981,2026-06-17,S04,P10,1,24.00,银行卡
ORD102936,2026-05-20,S04,P14,2,20.00,微信
ORD102672,2026-05-18,S03,P14,3,30.00,现金
ORD118073,2026-08-31,S02,P18,2,36.00,银行卡
ORD109169,2026-07-02,S01,P02,2,60.00,会员储值
ORD116058,2026-08-17,S01,P14,1,10.00,会员储值
ORD116626,2026-08-22,S01,P12,2,16.00,微信
ORD111840,2026-07-19,S04,P01,2,64.00,银行卡
ORD108181,2026-06-25,S03,P05,2,68.00,银行卡
ORD100174,2026-05-02,S02,P04,1,38.00,支付宝
ORD113027,2026-07-28,S01,P03,2,52.00,现金
ORD111341,2026-07-16,S04,P10,1,24.00,支付宝
ORD112703,2026-07-26,S01,P01,1,32.00,支付宝
ORD115152,2026-08-11,S02,P14,2,20.00,银行卡
ORD114621,2026-08-08,S01,P03,1,26.00,会员储值
ORD113003,2026-07-27,S05,P06,1,45.00,微信
ORD113492,2026-07-31,S04,P10,1,24.00,银行卡
ORD109484,2026-07-04,S02,P05,1,34.00,银行卡
ORD113936,2026-08-02,S05,P02,1,30.00,会员储值
ORD107169,2026-06-18,S04,P10,1,24.00,现金
ORD103271,2026-05-23,S02,P01,2,64.00,会员储值
ORD117371,2026-08-26,S05,P07,1,22.00,银行卡
ORD102359,2026-05-16,S04,P11,1,26.00,现金
ORD109667,2026-07-05,S02,P06,2,90.00,银行卡
ORD109266,2026-07-02,S05,P03,1,26.00,现金
ORD110668,2026-07-12,S01,P13,2,40.00,会员储值
ORD110548,2026-07-11,S03,P02,1,30.00,微信
ORD111227,2026-07-15,S05,P12,1,8.00,银行卡
ORD103535,2026-05-24,S03,P09,1,18.00,支付宝
ORD103962,2026-05-27,S04,P10,1,24.00,现金
ORD116944,2026-08-23,S04,P10,1,24.00,会员储值
ORD107021,2026-06-18,S01,P09,1,18.00,现金
ORD105582,2026-06-07,S02,P06,1,42.00,现金
ORD116472,2026-08-20,S05,P20,1,22.00,会员储值
ORD113140,2026-07-29,S01,P12,1,8.00,现金
ORD112831,2026-07-26,S04,P10,1,24.00,微信
ORD102273,2026-05-16,S02,P06,2,84.00,支付宝
ORD106265,2026-06-13,S01,P01,2,64.00,现金
ORD103133,2026-05-22,S02,P06,1,42.00,会员储值
ORD102832,2026-05-19,S04,P11,3,78.00,会员储值
ORD105392,2026-06-06,S02,P15,1,6.00,现金
ORD103023,2026-05-21,S02,P06,1,42.00,现金
ORD103276,2026-05-23,S02,P06,2,84.00,会员储值
ORD108140,2026-06-25,S02,P14,3,30.00,微信
ORD108154,2026-06-25,S02,P03,1,26.00,现金
ORD105361,2026-06-06,S02,P04,1,38.00,会员储值
ORD114593,2026-08-08,S01,P02,1,30.00,现金
ORD100001,2026-05-01,S01,P10,2,48.00,银行卡
ORD112127,2026-07-21,S04,P16,1,5.00,支付宝
ORD108285,2026-06-26,S03,P15,2,12.00,现金
ORD100316,2026-05-02,S05,P20,3,66.00,微信
ORD112774,2026-07-26,S03,P07,2,44.00,银行卡
ORD114337,2026-08-06,S01,P15,2,12.00,支付宝
ORD117086,24-08-2026,S04,P18,1,18.00,支付宝
ORD106225,2026-06-12,S04,P03,1,26.00,会员储值
ORD104347,2026-05-30,S02,P18,1,18.00,会员储值
ORD112927,2026-07-27,S03,P10,1,24.00,会员储值
ORD111583,2026-07-18,S02,P18,2,36.00,银行卡
ORD107836,2026-06-22,S05,P03,2,52.00,支付宝
ORD105201,2026-06-05,S01,P01,2,64.00,银行卡
ORD108192,2026-06-25,S04,P08,2,50.00,会员储值
ORD107946,2026-06-23,S04,P18,2,36.00,现金
ORD104100,2026-05-28,S04,P03,1,26.00,支付宝
ORD112538,2026-07-25,S02,P05,1,34.00,微信
ORD110873,2026-07-13,S02,P04,2,76.00,现金
ORD108663,2026-06-28,S03,P07,1,22.00,会员储值
ORD101635,2026-05-11,S04,P11,1,26.00,现金
ORD106617,2026-06-14,S05,P19,1,15.00,微信
ORD103791,2026-05-26,S02,P13,1,20.00,银行卡
ORD106780,2026-06-16,S01,P02,1,30.00,现金
ORD114067,2026-08-03,S05,P21,1,16.00,现金
ORD115349,2026-08-12,S04,P10,1,24.00,支付宝
ORD115822,2026-08-15,S05,P21,1,16.00,银行卡
ORD109937,06-07-2026,S05,P10,1,24.00,支付宝
ORD104379,2026-05-30,S03,P08,1,25.00,支付宝
ORD115279,2026-08-12,S01,P18,2,36.00,微信
ORD100052,2026-05-01,S03,P09,3,54.00,支付宝
ORD102761,2026-05-19,S02,P13,1,20.00,微信
ORD115510,2026-08-13,S05,P06,2,90.00,会员储值
ORD107736,2026-06-22,S01,P02,1,30.00,银行卡
ORD108506,2026-06-27,S04,P11,2,52.00,支付宝
ORD108923,2026-06-30,S02,P14,1,10.00,会员储值
ORD114624,2026-08-08,S01,P11,1,26.00,会员储值
ORD104371,2026-05-30,S03,P07,1,22.00,会员储值
ORD115865,2026-08-16,S01,P01,2,64.00,现金
ORD110431,2026-07-10,S04,P15,1,6.00,会员储值
ORD102694,2026-05-18,S04,P04,2,76.00,微信
ORD112386,2026-07-23,S04,P10,1,24.00,支付宝
ORD108587,2026-06-28,S01,P03,1,26.00,现金
ORD118088,2026-08-31,S03,P07,2,44.00,银行卡
ORD114905,2026-08-09,S03,P18,2,36.00,会员储值
ORD108048,2026-06-24,S03,P15,1,6.00,现金
ORD117062,2026-08-24,S03,P07,2,44.00,支付宝
ORD108784,2026-06-29,S01,P12,1,8.00,微信
ORD111196,2026-07-15,S04,P17,1,12.00,现金
ORD118037,2026-08-31,S01,P04,1,38.00,支付宝
ORD102532,2026-05-17,S03,P08,3,75.00,支付宝
ORD112849,2026-07-26,S05,P14,1,10.00,支付宝
ORD104553,2026-05-31,S03,P06,3,126.00,会员储值
ORD103711,2026-05-25,S04,P14,1,10.00,现金
ORD109521,2026-07-04,S03,P19,1,15.00,会员储值
ORD102123,2026-05-15,S02,P06,2,84.00,现金
ORD112712,2026-07-26,S01,P02,1,30.00,现金
ORD110581,2026-07-11,S04,P11,3,78.00,银行卡
ORD106915,2026-06-17,S02,P04,1,38.00,银行卡
ORD102840,2026-05-19,S05,P18,2,36.00,现金
ORD102728,2026-05-18,S05,P02,1,30.00,银行卡
ORD116283,2026-08-19,S03,P03,1,26.00,银行卡
ORD105557,2026-06-07,S02,P16,1,5.00,支付宝
ORD113006,2026-07-28,S01,P02,1,30.00,会员储值
ORD101729,2026-05-12,S02,P04,2,76.00,支付宝
ORD109328,2026-07-03,S02,P05,1,34.00,微信
ORD112258,2026-07-22,S04,P10,2,48.00,支付宝
ORD105122,2026-06-04,S03,P15,1,6.00,支付宝
ORD108313,2026-06-26,S04,P02,2,60.00,微信
ORD100577,2026-05-04,S03,P07,1,22.00,微信
ORD115204,2026-08-11,S04,P10,1,24.00,会员储值
ORD100678,2026-05-05,S01,P13,1,20.00,银行卡
ORD107741,2026-06-22,S01,P01,1,32.00,现金
ORD108668,2026-06-28,S03,P04,1,38.00,支付宝
ORD106388,2026-06-13,S04,P04,1,38.00,银行卡
ORD104716,2026-06-01,S03,P07,1,22.00,会员储值
ORD110199,2026-07-09,S01,P01,2,64.00,银行卡
ORD114809,2026-08-09,S01,P01,1,32.00,支付宝
ORD108533,2026-06-27,S05,P11,1,26.00,银行卡
ORD103557,2026-05-24,S04,P17,1,12.00,支付宝
ORD105539,2026-06-07,S01,P19,1,15.00,会员储值
ORD112321,2026-07-23,S01,P15,2,12.00,支付宝
ORD109095,2026-07-01,S03,P19,1,15.00,银行卡
ORD117363,2026-08-26,S04,P13,2,40.00,现金
ORD101401,2026-05-10,S02,P06,2,84.00,支付宝
ORD111046,2026-07-14,S03,P01,2,64.00,支付宝
ORD114441,2026-08-06,S05,P10,1,24.00,现金
ORD105673,2026-06-07,S05,P03,2,52.00,会员储值
ORD110799,2026-07-12,S04,P05,1,34.00,银行卡
ORD107646,2026-06-21,S04,P13,2,40.00,现金
ORD104202,2026-05-29,S03,P07,2,44.00,会员储值
ORD102547,2026-05-17,S04,P09,1,18.00,微信
ORD110449,2026-07-10,S05,P03,2,52.00,会员储值
ORD108979,2026-06-30,S04,P10,2,48.00,会员储值
ORD117746,2026-08-29,S03,P07,2,44.00,支付宝
ORD116120,2026-08-17,S04,P09,1,18.00,银行卡
ORD111914,2026-07-20,S01,P15,1,6.00,现金
ORD108637,2026-06-28,S02,P14,1,10.00,微信
ORD108846,2026-06-29,S04,P10,1,24.00,银行卡
ORD107423,2026-06-20,S03,P07,1,22.00,支付宝
ORD106245,2026-06-12,S05,P04,2,76.00,会员储值
ORD116601,2026-08-21,S05,P13,3,60.00,微信
ORD109245,2026-07-02,S04,P03,2,52.00,会员储值
ORD112884,2026-07-27,S01,P01,2,64.00,现金
ORD107607,2026-06-21,S03,P07,2,44.00,支付宝
ORD117156,2026-08-25,S02,P17,1,12.00,现金
ORD108102,2026-06-24,S05,P03,1,26.00,会员储值
ORD113333,2026-07-30,S03,P09,1,18.00,银行卡
ORD110846,2026-07-12,S05,P09,1,18.00,银行卡
ORD114558,07-08-2026,S04,P10,1,24.00,银行卡
ORD100926,2026-05-07,S01,P13,2,40.00,微信
ORD104742,2026-06-01,S04,P10,1,24.00,支付宝
ORD102270,2026-05-16,S02,P06,1,42.00,现金
ORD115687,2026-08-15,S02,P06,2,90.00,支付宝
ORD107610,2026-06-21,S03,P08,1,25.00,会员储值
ORD112311,2026-07-23,S01,P01,1,32.00,银行卡
ORD111274,2026-07-16,S02,P05,2,68.00,银行卡
ORD112082,2026-07-21,S03,P09,1,18.00,现金
ORD105505,2026-06-06,S05,P03,1,26.00,银行卡
ORD109348,2026-07-03,S03,P06,2,90.00,现金
ORD109539,2026-07-04,S03,P09,1,18.00,微信
ORD101788,2026-05-12,S04,P06,1,42.00,支付宝
ORD114454,2026-08-06,S05,P19,2,30.00,会员储值
ORD115723,2026-08-15,S02,P04,1,38.00,微信
ORD117474,2026-08-27,S04,P21,1,16.00,会员储值
ORD104230,29-05-2026,S04,P10,1,24.00,银行卡
ORD102312,2026-05-16,S03,P09,1,18.00,现金
ORD113515,2026-07-31,S05,P03,2,52.00,支付宝
ORD111288,2026-07-16,S02,P06,1,45.00,现金
ORD107595,2026-06-21,S02,P04,2,76.00,银行卡
ORD100806,06-05-2026,S02,P09,2,36.00,会员储值
ORD114968,2026-08-09,S05,P20,1,22.00,微信
ORD115548,2026-08-14,S02,P04,1,38.00,银行卡
ORD103421,23-05-2026,S05,P04,3,114.00,现金
ORD109747,2026-07-05,S04,P10,1,24.00,银行卡
ORD102513,2026-05-17,S03,P09,2,36.00,会员储值
ORD102795,2026-05-19,S03,P08,1,25.00,支付宝
ORD118068,2026-08-31,S02,P06,2,90.00,支付宝
ORD114186,2026-08-04,S05,P07,2,44.00,银行卡
ORD112123,2026-07-21,S04,P07,1,22.00,会员储值
ORD103343,2026-05-23,S03,P15,1,6.00,会员储值
ORD100798,2026-05-06,S01,P02,2,60.00,会员储值
ORD110613,2026-07-11,S05,P05,1,34.00,银行卡
ORD108508,2026-06-27,S04,P05,1,34.00,现金
ORD108401,2026-06-27,S01,P02,2,60.00,银行卡
ORD117761,2026-08-29,S04,P21,1,16.00,支付宝
ORD108328,2026-06-26,S04,P10,3,72.00,会员储值
ORD101411,2026-05-10,S02,P13,1,20.00,银行卡
ORD109702,2026-07-05,S03,P08,1,25.00,银行卡
ORD107809,2026-06-22,S04,P03,2,52.00,现金
ORD108536,2026-06-27,S05,P10,1,24.00,微信
ORD111699,2026-07-18,S05,P09,1,18.00,支付宝
ORD111946,2026-07-20,S02,P18,3,54.00,微信
ORD103721,2026-05-25,S04,P02,1,30.00,会员储值
ORD104459,2026-05-30,S05,P17,2,24.00,支付宝
ORD102162,2026-05-15,S03,P12,1,8.00,现金
ORD108659,2026-06-28,S03,P20,1,22.00,会员储值
ORD103818,2026-05-26,S03,P08,1,25.00,支付宝
ORD101175,2026-05-09,S01,P18,2,36.00,现金
ORD100194,2026-05-02,S02,P13,1,20.00,现金
ORD110741,2026-07-12,S03,P17,1,12.00,银行卡
ORD115474,2026-08-13,S04,P10,1,24.00,会员储值
ORD101666,2026-05-11,S05,P01,2,64.00,现金
ORD113290,2026-07-30,S01,P15,3,18.00,微信
ORD106482,2026-06-14,S01,P05,1,-34.00,现金
ORD116359,2026-08-20,S01,P07,1,22.00,银行卡
ORD111552,2026-07-18,S02,P06,1,45.00,微信
ORD113685,2026-08-01,S04,P19,1,15.00,现金
ORD105314,2026-06-06,S01,P13,2,40.00,微信
ORD109155,2026-07-01,S05,P17,1,12.00,现金
ORD109581,2026-07-04,S05,P01,1,32.00,支付宝
ORD116516,2026-08-21,S02,P19,1,15.00,会员储值
ORD113571,2026-08-01,S01,P14,2,20.00,微信
ORD101341,2026-05-09,S05,P17,1,12.00,微信
ORD105280,2026-06-05,S04,P10,1,24.00,会员储值
ORD102077,2026-05-14,S05,P06,3,126.00,微信
ORD113996,2026-08-03,S03,P16,1,5.00,现金
ORD113620,2026-08-01,S03,P07,2,44.00,现金
ORD116951,2026-08-23,S04,P12,1,8.00,现金
ORD114308,2026-08-05,S04,P11,3,78.00,现金
ORD111051,2026-07-14,S03,P02,1,30.00,银行卡
ORD106585,2026-06-14,S04,P10,2,48.00,会员储值
ORD115009,2026-08-10,S01,P02,3,90.00,会员储值
ORD102931,2026-05-20,S04,P10,1,24.00,支付宝
ORD103081,2026-05-21,S05,P04,1,38.00,现金
ORD115539,2026-08-14,S01,P12,3,24.00,现金
ORD100078,2026-05-01,S03,P13,3,60.00,银行卡
ORD108088,2026-06-24,S05,P12,1,8.00,支付宝
ORD106901,2026-06-17,S01,P12,1,8.00,现金
ORD111193,2026-07-15,S04,P01,2,64.00,银行卡
ORD117943,2026-08-30,S03,P08,1,25.00,银行卡
ORD101737,2026-05-12,S03,P02,1,30.00,会员储值
ORD102252,2026-05-16,S01,P18,1,18.00,微信
ORD110086,2026-07-08,S01,P01,3,96.00,现金
ORD105284,2026-06-05,S05,P09,2,36.00,支付宝
ORD116201,2026-08-18,S04,P21,2,32.00,现金
ORD111708,2026-07-19,S01,P02,1,30.00,支付宝
ORD112093,2026-07-21,S03,P14,2,20.00,银行卡
ORD113010,2026-07-28,S01,P03,1,26.00,微信
ORD109330,2026-07-03,S02,P04,2,76.00,微信
ORD106382,2026-06-13,S04,P17,1,12.00,支付宝
ORD108173,2026-06-25,S03,P15,1,6.00,银行卡
ORD103916,2026-05-27,S02,P06,1,42.00,银行卡
ORD110148,2026-07-08,S04,P16,2,10.00,银行卡
ORD101818,2026-05-13,S01,P16,1,5.00,现金
ORD103580,2026-05-24,S04,P18,1,18.00,微信
ORD111438,2026-07-17,S03,P08,3,75.00,微信
ORD106340,2026-06-13,S03,P08,1,25.00,支付宝
ORD104382,2026-05-30,S03,P03,1,26.00,现金
ORD115499,2026-08-13,S05,P20,1,22.00,支付宝
ORD110992,2026-07-14,S01,P18,1,18.00,银行卡
ORD107333,2026-06-20,S01,P01,2,64.00,微信
ORD118100,2026-08-31,S03,P08,2,50.00,现金
ORD104046,2026-05-28,S02,P19,1,15.00,现金
ORD111853,2026-07-19,S04,P10,3,72.00,银行卡
ORD102023,2026-05-14,S03,P14,1,10.00,现金
ORD106712,2026-06-15,S03,P09,1,18.00,支付宝
ORD107796,2026-06-22,S03,P17,1,12.00,银行卡
ORD113315,2026-07-30,S02,P05,3,102.00,支付宝
ORD114200,2026-08-04,S05,P13,3,60.00,银行卡
ORD116196,2026-08-18,S03,P20,1,22.00,银行卡
ORD104964,2026-06-03,S03,P09,1,18.00,会员储值
ORD103502,2026-05-24,S02,P16,3,15.00,支付宝
ORD103331,2026-05-23,S03,P05,1,34.00,微信
ORD103172,2026-05-22,S03,P14,1,10.00,银行卡
ORD110735,2026-07-12,S03,P11,2,52.00,现金
ORD112002,2026-07-20,S04,P10,2,48.00,现金
ORD118032,2026-08-31,S01,P06,1,45.00,支付宝
ORD105971,2026-06-10,S02,P06,1,42.00,微信
ORD110727,2026-07-12,S03,P09,2,36.00,支付宝
ORD102646,2026-05-18,S02,P09,3,54.00,会员储值
ORD111776,2026-07-19,S02,P04,2,76.00,支付宝
ORD114985,2026-08-09,S05,P02,2,-60.00,支付宝
ORD106811,2026-06-16,S02,P06,3,126.00,会员储值
ORD114891,2026-08-09,S03,P09,2,36.00,微信
ORD105788,2026-06-08,S04,P11,3,78.00,银行卡
ORD113275,2026-07-30,S01,P14,2,20.00,银行卡
ORD111512,2026-07-18,S01,P08,2,50.00,微信
ORD108567,2026-06-28,S01,P03,2,52.00,微信
ORD114752,2026-08-08,S05,P01,2,64.00,银行卡
ORD101939,2026-05-13,S05,P16,2,10.00,现金
ORD106019,2026-06-10,S05,P19,1,15.00,会员储值
ORD109953,2026-07-07,S01,P19,1,15.00,会员储值
ORD107080,2026-06-18,S02,P06,3,87.00,银行卡
ORD108239,2026-06-26,S01,P01,2,64.00,微信
ORD103036,2026-05-21,S03,P08,3,75.00,银行卡
ORD116020,2026-08-16,S05,P06,2,90.00,支付宝
ORD100958,2026-05-07,S03,P14,2,20.00,支付宝
ORD114918,2026-08-09,S04,P03,1, ¥26.00 ,现金
ORD103084,2026-05-21,S05,P14,2,20.00,微信
ORD107972,2026-06-23,S05,P09,2,36.00,银行卡
ORD112892,2026-07-27,S01,P12,2,16.00,银行卡
ORD109198,2026-07-02,S02,P05,2,68.00,支付宝
ORD116532,2026-08-21,S03,P03,3,78.00,会员储值
ORD102888,2026-05-20,S02,P12,1,8.00,会员储值
ORD105278,2026-06-05,S04,P11,2,52.00,支付宝
ORD105927,2026-06-12,S01,P18,2,-36.00,支付宝
ORD115563,2026-08-14,S02,P18,1,18.00,支付宝
ORD112760,2026-07-26,S03,P07,2,44.00,银行卡
ORD105184,2026-06-05,S01,P10,2,48.00,银行卡
ORD102676,2026-05-18,S03,P08,1,25.00,现金
ORD114077,2026-08-04,S01,P01,2,64.00,会员储值
ORD115521,2026-08-14,S01,P21,1,16.00,现金
ORD100852,2026-05-06,S03,P01,2,64.00,银行卡
ORD116579,2026-08-21,S05,P17,1,12.00,支付宝
ORD103171,2026-05-22,S03,P15,1,6.00,微信
ORD114031,2026-08-03,S04,P10,1,24.00,支付宝
ORD101852,2026-05-13,S02,P06,2,84.00,现金
ORD109870,2026-07-06,S03,P08,1,25.00,会员储值
ORD102637,2026-05-18,S02,P06,1,42.00,支付宝
ORD112996,2026-07-27,S05,P20,3,66.00,现金
ORD116888,2026-08-23,S03,P21,1,16.00,现金
ORD101972,2026-05-14,S01,P02,2,60.00,银行卡
ORD115667,2026-08-15,S01,P01,1,32.00,银行卡
ORD107070,2026-06-18,S02,P06,1,29.00,现金
ORD116628,2026-08-22,S01,P01,1,32.00,现金
ORD102790,2026-05-19,S03,P20,1,22.00,现金
ORD100486,2026-05-03,S05,P01,1,32.00,银行卡
ORD115394,2026-08-13,S01,P01,3,96.00,会员储值
ORD101068,2026-05-08,S02,P04,2,76.00,会员储值
ORD105801,2026-06-08,S05,P03,3,78.00,会员储值
ORD105741,2026-06-08,S02,P11,1,26.00,支付宝
ORD112627,2026-07-25,S04,P06,2,90.00,现金
ORD114481,2026-08-07,S01,P14,1,10.00,现金
ORD116768,2026-08-22,S05,P06,2,90.00,会员储值
ORD108771,2026-06-29,S01,P02,2,60.00,现金
ORD106744,2026-06-15,S05,P04,1,38.00,支付宝
ORD109254,2026-07-02,S04,P10,3,72.00,现金
ORD100528,2026-05-04,S01,P13,1,20.00,银行卡
ORD108372,2026-06-27,S01,P01,2,64.00,银行卡
